time,force,position,velocity
0.0,-2.0473313800614887,-0.20284979726121044,0.22032990585387197
0.01,-2.0473313800614887,-0.13902713935482636,-0.21604874214164776
0.02,-2.0473313800614887,-0.36186238969243023,-0.5118188142343074
0.03,-2.0473313800614887,0.22455092083675443,-0.22263264256627385
0.04,-2.0473313800614887,0.2542650531079499,-0.2738034456841721
0.05,-2.0473313800614887,-0.12940530497651387,-0.42481570241760735
0.06,-2.0473313800614887,0.21012790901336814,0.060105676284930645
0.07,-2.0473313800614887,0.05344607935702596,0.017970940389195167
0.08,-2.0473313800614887,-0.4183618763664222,-0.2237441832945577
0.09,-2.0473313800614887,-0.09475682913036823,-0.5915403905231151
0.1,-2.0473313800614887,0.15644347152309238,-0.02516285717085115
0.11,-2.0473313800614887,0.08838582070042095,-0.2966601444129425
0.12,-2.0473313800614887,-0.23332733738891054,-0.19141371243896566
0.13,-2.0473313800614887,-0.18965189853611703,-0.33166790508071153
0.14,-2.0473313800614887,0.13488080889744167,0.10379841902960518
0.15,-2.0473313800614887,0.3423736315364344,-0.477536016129826
0.16,-2.0473313800614887,-0.03267320820539636,-0.32238279561760275
0.17,-2.0473313800614887,0.010397263599208943,-0.3227642301100626
0.18,-2.0473313800614887,0.4534037013979869,-0.3071631351412168
0.19,-2.0473313800614887,-0.426401686391444,-0.1947808483999615
0.2,-2.0473313800614887,-0.07527547685852254,-0.4982995752385249
0.21,-2.0473313800614887,-0.38962698526104284,-0.2960309865312964
0.22,-2.0473313800614887,0.21443181866730057,-0.3784892522854776
0.23,-2.0473313800614887,0.06941539313190115,-0.28996046716053514
0.24,-2.0473313800614887,-0.029596686658700532,-0.31428107387502674
0.25,-2.0473313800614887,0.2215479943506018,-0.4392451993019811
0.26,-2.0473313800614887,0.14004491093782778,-0.5202879656788824
0.27,-2.0473313800614887,-0.0064238347124288275,-0.6593886747653444
0.28,-2.0473313800614887,-0.05312970527144083,-0.27981756523066137
0.29,-2.0473313800614887,0.015058106147598532,-0.6439670290293863
0.3,-2.0473313800614887,-0.29504517335224323,-0.5036053586748228
0.31,-2.0473313800614887,-0.029406017279955968,-0.3138832935942377
0.32,-2.0473313800614887,-0.23887943594284772,-0.5321144788912928
0.33,-2.0473313800614887,-0.24797412852285555,-0.5672450790338922
0.34,-2.0473313800614887,-0.2001371010697514,-0.42075091890909944
0.35000000000000003,-2.0473313800614887,-0.026179125917337107,-0.762678250868228
0.36,-2.0473313800614887,0.07074692950978534,-0.9911960471092929
0.37,-2.0473313800614887,-0.20109173099359245,-0.741460140415584
0.38,-2.0473313800614887,0.06768039161763187,-0.40915286952827534
0.39,-2.0473313800614887,-0.2421379391815635,-0.775693316367738
0.4,-2.0473313800614887,-0.019960230629121944,-0.872257861321885
0.41000000000000003,-2.0473313800614887,0.23651083309083815,-0.6844258573542529
0.42,-2.0473313800614887,-0.09137286747386575,-0.5909179319712519
0.43,-2.0473313800614887,-0.03574841691224079,-0.4118566829605875
0.44,-2.0473313800614887,-0.12529464773313215,-0.4041706227666489
0.45,-2.0473313800614887,-0.33596273391810744,-0.7881866542431073
0.46,-2.0473313800614887,-0.06820070327484667,-0.9737030234352808
0.47000000000000003,-2.0473313800614887,-0.18144558299525596,-0.7484258652993993
0.48,-2.0473313800614887,-0.13480268704767268,-0.8062138306036377
0.49,-2.0473313800614887,-0.359329683367494,-0.663963063683886
0.5,-2.0473313800614887,-0.28640460486418895,-0.7014585850024669
0.51,-2.0473313800614887,-0.32146882485997264,-0.6549118102363055
0.52,-2.0473313800614887,-0.16271478905105635,-0.7733603165382084
0.53,-2.0473313800614887,-0.1384183910554752,-0.8359640095067682
0.54,-2.0473313800614887,-0.1859644934881488,-0.7581599261217874
0.55,-2.0473313800614887,0.009788362757824076,-0.6999136564542983
0.56,-2.0473313800614887,-0.2427063119154494,-0.6479337485346934
0.5700000000000001,-2.0473313800614887,-0.06116313943449017,-1.4306413006415117
0.58,-2.0473313800614887,-0.4067566016777031,-0.9196401508740369
0.59,-2.0473313800614887,-0.2573886493622495,-0.8553467124234634
0.6,-2.0473313800614887,-0.06857905526586744,-0.9835501147441824
0.61,-2.0473313800614887,-0.17327958577951946,-0.9754839729692493
0.62,-2.0473313800614887,-0.3208619161592011,-1.0422432829260406
0.63,-2.0473313800614887,-0.14443178401020654,-1.0359900258349686
0.64,-2.0473313800614887,-0.5673308910128003,-1.2923807535670542
0.65,-2.0473313800614887,0.13260621201557304,-0.6293880418512704
0.66,-2.0473313800614887,0.0016581253003660201,-0.9837456501367606
0.67,-2.0473313800614887,-0.537604889105086,-0.8387770138652342
0.68,-2.0473313800614887,-0.279823410672,-0.8834119557996367
0.6900000000000001,-2.0473313800614887,-0.2759053032990438,-0.27549266715329324
0.7000000000000001,-2.0473313800614887,-0.26990998661215176,-0.628123258932757
0.71,-2.0473313800614887,-0.06828006031009581,-0.8085947871280204
0.72,-2.0473313800614887,-0.053852219671783885,-1.2888511005677037
0.73,-2.0473313800614887,-0.2931045968343869,-0.7197468114144617
0.74,-2.0473313800614887,-0.6171316788136805,-1.2896366793411136
0.75,-2.0473313800614887,-0.4245552695657967,-0.8259841719977473
0.76,-2.0473313800614887,-0.45838735319675666,-0.9127450928382194
0.77,-2.0473313800614887,-0.33504441013981956,-0.8570933936198895
0.78,-2.0473313800614887,-0.45626482518235545,-0.9726490839687868
0.79,-2.0473313800614887,-0.3379654851294293,-0.9391262421061973
0.8,-2.0473313800614887,-0.7986234272421504,-1.123347719631293
0.81,-2.0473313800614887,-0.5115881880580535,-0.8266448487214428
0.8200000000000001,-2.0473313800614887,-0.6057983147653827,-0.7549914504691011
0.8300000000000001,-2.0473313800614887,-0.41597828647378127,-0.8189715366007322
0.84,-2.0473313800614887,-1.0938570219032608,-0.8652816809282861
0.85,-2.0473313800614887,-0.5289917385471918,-0.9593419693538411
0.86,-2.0473313800614887,-0.4850644678198951,-0.9273718053427671
0.87,-2.0473313800614887,-0.9100430728658715,-0.6928134804565496
0.88,-2.0473313800614887,-0.2752804199988072,-1.0319500043067704
0.89,-2.0473313800614887,-0.7053796567041766,-0.923442485637162
0.9,-2.0473313800614887,-0.3205450618768838,-0.9537120204482343
0.91,-2.0473313800614887,-0.5362898273217194,-0.8478952394823815
0.92,-2.0473313800614887,-0.5401572575627082,-0.8040663347823827
0.93,-2.0473313800614887,-0.7746764894910391,-0.8712048394057075
0.9400000000000001,-2.0473313800614887,-0.5242120218956006,-1.1041455722295124
0.9500000000000001,-2.0473313800614887,-0.8288297787768247,-0.941187008444147
0.96,-2.0473313800614887,-0.5649376467063898,-1.1843103347807906
0.97,-2.0473313800614887,-0.8864576167989591,-0.3539985890811971
0.98,-2.0473313800614887,-0.5739757965472334,-0.7478719568195589
0.99,-2.0473313800614887,-0.5036069011496789,-1.2276757384081243
1.0,-2.0473313800614887,-0.8005673880757486,-1.0921096514119788
1.01,-2.0473313800614887,-0.6622099299756261,-1.1756381655018078
1.02,-2.0473313800614887,-0.5550897499550937,-0.8288567559977327
1.03,-2.0473313800614887,-1.0328255880590698,-1.070892569873026
1.04,-2.0473313800614887,-0.5464270904414755,-0.8110599145348913
1.05,-2.0473313800614887,-0.33719887179888086,-0.7399874433332065
1.06,-2.0473313800614887,-0.7058515212089932,-0.8572877365769028
1.07,-2.0473313800614887,-0.747658785274853,-0.9221560221152079
1.08,-2.0473313800614887,-0.9253581311937416,-1.1903122172901373
1.09,-2.0473313800614887,-0.6598662580234134,-0.5381532827414083
1.1,-2.0473313800614887,-0.8006069878650505,-0.5351900594358932
1.11,-2.0473313800614887,-0.4051736923884024,-0.7456073978203306
1.12,-2.0473313800614887,-0.6131254586013914,-1.3279932643209984
1.1300000000000001,-2.0473313800614887,-0.7024613999029856,-0.802866662496967
1.1400000000000001,-2.0473313800614887,-0.5885443156222762,-0.9014737784400746
1.1500000000000001,-2.0473313800614887,-0.9334034536638379,-0.5799620877639443
1.16,-2.0473313800614887,-0.8929195210124495,-0.3914683129330434
1.17,-2.0473313800614887,-0.9697762210552725,-0.9622587320923057
1.18,-2.0473313800614887,-0.7122666011241497,-0.9021057205678029
1.19,-2.0473313800614887,-0.7915099131438059,-1.0826945360859699
1.2,-2.0473313800614887,-0.8650587872415316,-0.5276857290145582
1.21,-2.0473313800614887,-0.2325834858658643,-1.1537198034169531
1.22,-2.0473313800614887,-1.0741088118400135,-0.8855262302267086
1.23,-2.0473313800614887,-0.8182175109271947,-0.8236580673000262
1.24,-2.0473313800614887,-0.6489518697085009,-0.8711348622607169
1.25,-2.0473313800614887,-0.4700688376139177,-0.6598307634090155
1.26,-2.0473313800614887,-1.1647147023411804,-0.6124103294103821
1.27,-2.0473313800614887,-0.8044813018003578,-0.7217058056357647
1.28,-2.0473313800614887,-0.6937954009339322,-0.9828364609609365
1.29,-2.0473313800614887,-0.9273484966208109,-0.8258435590702811
1.3,-2.0473313800614887,-0.836099372573246,-0.4877916147872797
1.31,-2.0473313800614887,-1.0289711408274609,-0.9357832809815737
1.32,-2.0473313800614887,-1.035173174961708,-0.6913809138960966
1.33,-2.0473313800614887,-0.9216166627721885,-0.7737891750398641
1.34,-2.0473313800614887,-0.5642574308483918,-0.9650706432327582
1.35,-2.0473313800614887,-1.0290214355729903,-0.3063906284390077
1.36,-2.0473313800614887,-0.985481719147716,-0.9463745529442182
1.37,-2.0473313800614887,-0.7306614339656148,-0.7176318694094174
1.3800000000000001,-2.0473313800614887,-1.1856710590474004,-0.6232849712243704
1.3900000000000001,-2.0473313800614887,-0.8005225824274368,-0.8519393931047394
1.4000000000000001,-2.0473313800614887,-1.1658187406525578,-1.0493115549284324
1.41,-2.0473313800614887,-0.9863553060242815,-0.27887306556376434
1.42,-2.0473313800614887,-1.2696713360725087,-0.5176044886819733
1.43,-2.0473313800614887,-1.3273258939177837,-0.5754256638526155
1.44,-2.0473313800614887,-1.0133378725365632,-0.7641589963914128
1.45,-2.0473313800614887,-1.0286907314903948,-0.8951372414084506
1.46,-2.0473313800614887,-1.0415943466976243,-0.4282971358428151
1.47,-2.0473313800614887,-1.089142756105033,-0.5181883537142976
1.48,-2.0473313800614887,-1.1142874890388057,-0.4666192409806652
1.49,-2.0473313800614887,-0.9536937616517829,-1.0122273780767452
1.5,-2.0473313800614887,-0.980447834674078,-0.5448401063507845
1.51,-2.0473313800614887,-1.1210817926113128,-0.624509085756726
1.52,-2.0473313800614887,-1.2042394287088753,-0.5795481471602871
1.53,-2.0473313800614887,-0.8265977055042604,-0.4447421357559327
1.54,-2.0473313800614887,-0.6807412454976018,-0.9332420489591724
1.55,-2.0473313800614887,-1.3955356227532614,-0.8235941255736695
1.56,-2.0473313800614887,-1.1667097021215378,-1.1890740775443085
1.57,-2.0473313800614887,-1.2125327806396262,-0.5147237639908642
1.58,-2.0473313800614887,-0.7877706441578958,-0.3606169697987744
1.59,-2.0473313800614887,-1.1960456671898785,-0.5499189507203471
1.6,-2.0473313800614887,-1.102581850265322,-0.431205078097253
1.61,-2.0473313800614887,-0.7634652212570441,-0.5733079648248905
1.62,-2.0473313800614887,-0.9997195969052401,-0.8412722242576567
1.6300000000000001,-2.0473313800614887,-1.1460702800376383,-0.6929498089739283
1.6400000000000001,-2.0473313800614887,-1.3009160627132905,-0.24850580596500743
1.6500000000000001,-2.0473313800614887,-0.9279517854550628,-0.4769026953517098
1.6600000000000001,-2.0473313800614887,-0.9708992109702328,-0.6008639909421418
1.67,-2.0473313800614887,-0.9712049352860979,-0.5527452174050008
1.68,-2.0473313800614887,-1.0315373577496163,-0.34555854174100353
1.69,-2.0473313800614887,-0.8416184604974376,-0.5737776396266286
1.7,-2.0473313800614887,-1.1899263714065333,-0.2892227660749333
1.71,-2.0473313800614887,-1.258268885930589,-0.2788630973904106
1.72,-2.0473313800614887,-0.8363129697916776,-0.22281821008926317
1.73,-2.0473313800614887,-1.3469098283498917,-0.8627115029789303
1.74,-2.0473313800614887,-1.2591296906207121,-0.505513562472614
1.75,-2.0473313800614887,-1.14900795078287,-0.654645312852473
1.76,-2.0473313800614887,-0.9776214942873878,-0.7410217834923534
1.77,-2.0473313800614887,-1.592166679334989,-0.9039096211130259
1.78,-2.0473313800614887,-1.125824078422684,-0.5630967175908786
1.79,-2.0473313800614887,-1.2652308895218227,-0.3110964037989726
1.8,-2.0473313800614887,-1.4473972118838263,-0.6892998787013612
1.81,-2.0473313800614887,-0.9328962391032802,0.2093878653113781
1.82,-2.0473313800614887,-0.9293671399214734,-0.8774164313351499
1.83,-2.0473313800614887,-1.4162186496192326,-0.6539759571861625
1.84,-2.0473313800614887,-1.3922494306494835,-0.2795224382491742
1.85,-2.0473313800614887,-1.2158528894558287,-0.040612111828100705
1.86,-2.0473313800614887,-1.5150561184965918,-0.10915863014148874
1.87,-2.0473313800614887,-0.9531006737894006,-0.2632848823576096
1.8800000000000001,-2.0473313800614887,-1.05729179273382,-0.2730771723414537
1.8900000000000001,-2.0473313800614887,-1.749577868991457,-0.5584340433890821
1.9000000000000001,-2.0473313800614887,-1.097372364522701,-0.5632737991566606
1.9100000000000001,-2.0473313800614887,-1.3269183628270051,-0.3616866671533601
1.92,-2.0473313800614887,-1.370889138196786,-0.1507256259828477
1.93,-2.0473313800614887,-1.3805750897340472,-0.04319639495940736
1.94,-2.0473313800614887,-1.2544436037879059,-0.46284152531879874
1.95,-2.0473313800614887,-0.9339821901223462,-0.18610946855527405
1.96,-2.0473313800614887,-1.0848573245930548,-0.3604961367767485
1.97,-2.0473313800614887,-1.2501200502782641,-0.48940502302972116
1.98,-2.0473313800614887,-1.0958183284008554,-0.21957161631368727
1.99,-2.0473313800614887,-1.3106054816000765,-0.2500458147212158
2.0,-2.0473313800614887,-1.4960131410532225,-0.5067732145328201
2.0100000000000002,-2.0473313800614887,-1.1519862234982206,0.04916356807296646
2.02,-2.0473313800614887,-1.1919057091892782,-0.4925319588043716
2.0300000000000002,-2.0473313800614887,-1.2440850327534272,-0.16717716203275118
2.04,-2.0473313800614887,-1.348195941021403,0.06300239206195801
2.05,-2.0473313800614887,-1.0322397430360197,-0.058309966405510644
2.06,-2.0473313800614887,-1.370121855375672,-0.26883990790692186
2.07,-2.0473313800614887,-1.2795794306391663,-0.3293629056337912
2.08,-2.0473313800614887,-0.8272670333974657,-0.17374527498997622
2.09,-2.0473313800614887,-1.5793436136352943,0.04244881133576761
2.1,-2.0473313800614887,-0.9797428894439173,-0.09650132396784102
2.11,-2.0473313800614887,-1.4470883174169784,0.0006236669393604455
2.12,-2.0473313800614887,-1.2402625350412726,-0.29450944505949206
2.13,-2.0473313800614887,-0.9344096954795784,-0.23730405522703266
2.14,-2.0473313800614887,-1.7460182384815903,-0.2955577454523317
2.15,-2.0473313800614887,-1.477994409433405,-0.08037907735033986
2.16,-2.0473313800614887,-1.5056057581237225,0.013348770851213748
2.17,-2.0473313800614887,-1.4040741587482883,0.15505172541408901
2.18,-2.0473313800614887,-0.7977354502342295,-0.32517990461088
2.19,-2.0473313800614887,-1.6285669459388261,0.027606297818390038
2.2,-2.0473313800614887,-1.0111526483494577,-0.0804988252799978
2.21,-2.0473313800614887,-1.2938179192939971,-0.25996641517810926
2.22,-2.0473313800614887,-1.1697063964629795,0.3011632637059384
2.23,-2.0473313800614887,-1.1870143367073467,0.25777515059024236
2.24,-2.0473313800614887,-1.5207878010617268,-0.031152932206129885
2.25,-2.0473313800614887,-1.2030841772117904,0.11719212293351562
2.2600000000000002,-2.0473313800614887,-1.0202950883917223,-0.16958320155186934
2.27,-2.0473313800614887,-1.4913230658500118,-0.10030360255376017
2.2800000000000002,-2.0473313800614887,-1.15519376925616,-0.006667361575273444
2.29,-2.0473313800614887,-1.0965268733204907,-0.2710150459696239
2.3000000000000003,-2.0473313800614887,-1.3331519437906083,0.1254831236775462
2.31,-2.0473313800614887,-1.311230401209004,0.1664761072813829
2.32,-2.0473313800614887,-1.632854014915517,-0.1259003156886758
2.33,-2.0473313800614887,-1.5382284286621775,-0.0027583480569634278
2.34,-2.0473313800614887,-1.3275755081678733,-0.02395535826174298
2.35,-2.0473313800614887,-1.169450425792102,-0.21020543400206537
2.36,-2.0473313800614887,-1.3890302454228416,0.0987133771209721
2.37,-2.0473313800614887,-0.8537537889964564,-0.18686715906724596
2.38,-2.0473313800614887,-1.3493826009392471,0.23207587399854
2.39,-2.0473313800614887,-1.3356336676375333,-0.3806266986748176
2.4,-2.0473313800614887,-1.1567215220592195,-0.027378021677103428
2.41,-2.0473313800614887,-1.3788868864025723,0.36673018674547586
2.42,-2.0473313800614887,-1.3647327358322505,-0.22506142541222626
2.43,-2.0473313800614887,-1.1422653051125993,0.2347424878724326
2.44,-2.0473313800614887,-1.3370231127299887,0.18426191504553852
2.45,-2.0473313800614887,-1.3382670941945227,-0.5789681501284887
2.46,-2.0473313800614887,-1.2003056676974597,0.13643178190143113
2.47,-2.0473313800614887,-1.2883235178217922,0.190109977792411
2.48,-2.0473313800614887,-1.2689579992814035,-0.27760309030020897
2.49,-2.0473313800614887,-1.5558015355480983,-0.19723824447705063
2.5,-2.0473313800614887,-0.8644587205216465,-0.19218756585932234
2.5100000000000002,-2.0473313800614887,-1.3519447333895245,0.18062076082015854
2.52,-2.0473313800614887,-1.4198574025686186,-0.07003366990118719
2.5300000000000002,-2.0473313800614887,-1.5222137546088996,0.26239674479612873
2.54,-2.0473313800614887,-1.028412550543809,-0.05516871575173761
2.5500000000000003,-2.0473313800614887,-1.2211365213029084,0.2780947173063745
2.56,-2.0473313800614887,-1.2604064571431557,0.11608967656783563
2.57,-2.0473313800614887,-1.1416822306974426,-0.20761453432583538
2.58,-2.0473313800614887,-1.288696418673748,0.38089864273419927
2.59,-2.0473313800614887,-1.4329529262410174,0.20415293285092387
2.6,-2.0473313800614887,-1.5302693160006067,0.09076469363392756
2.61,-2.0473313800614887,-1.293204553435839,0.4018633789579112
2.62,-2.0473313800614887,-1.3126147624500948,0.07288802257350399
2.63,-2.0473313800614887,-1.1669494196563996,0.3077300569251463
2.64,-2.0473313800614887,-1.7629755345520353,-0.01904377444698324
2.65,-2.0473313800614887,-1.4413954632131305,0.12426927364963453
2.66,-2.0473313800614887,-1.4429919636926218,-0.06606966629205283
2.67,-2.0473313800614887,-1.3787478900195547,0.1932166784631575
2.68,-2.0473313800614887,-1.6519900971165207,0.10049269150587728
2.69,-2.0473313800614887,-1.5076494217182819,-0.17853054478692243
2.7,-2.0473313800614887,-0.887535758592872,0.26282284170754944
2.71,-2.0473313800614887,-1.0616991185931206,0.2342773433041826
2.72,-2.0473313800614887,-0.8980903424162643,0.0206056066807572
2.73,-2.0473313800614887,-1.181279111203608,0.2931775919359531
2.74,-2.0473313800614887,-0.9356412851031253,0.5508461124897951
2.75,-2.0473313800614887,-1.079146507442675,0.23799258204843485
2.7600000000000002,-2.0473313800614887,-0.9463250470031823,0.31664276776970113
2.77,-2.0473313800614887,-1.6574175916479925,0.1705944208738398
2.7800000000000002,-2.0473313800614887,-1.7036876131894474,-0.10626397494189127
2.79,-2.0473313800614887,-1.105776412539877,0.432403249572568
2.8000000000000003,-2.0473313800614887,-1.2529111218023146,0.2706129163296091
2.81,-2.0473313800614887,-1.5332784303877984,0.6228084878788492
2.82,-2.0473313800614887,-1.2315533599637993,0.17273704953887822
2.83,-2.0473313800614887,-1.301542789396586,0.17813908567514108
2.84,-2.0473313800614887,-1.0279879249782784,0.360479287210459
2.85,-2.0473313800614887,-1.1584183450059558,0.038305607607465236
2.86,-2.0473313800614887,-1.5403355629584718,0.16870403693059727
2.87,-2.0473313800614887,-1.449626434632789,0.0682159781606777
2.88,-2.0473313800614887,-1.3300018992018285,-0.016609450777073986
2.89,-2.0473313800614887,-1.3195560345704211,0.26313415494120257
2.9,-2.0473313800614887,-1.56704801252824,0.41192800815114006
2.91,-2.0473313800614887,-1.4839135491406883,0.18500504411773105
2.92,-2.0473313800614887,-1.179720382851567,0.4697412017218393
2.93,-2.0473313800614887,-1.3892473663873914,0.08734197756667114
2.94,-2.0473313800614887,-0.9451602784113236,-0.04429022988034073
2.95,-2.0473313800614887,-1.1036636707798326,0.7265927025703426
2.96,-2.0473313800614887,-1.2547630408536559,0.24683306772142508
2.97,-2.0473313800614887,-0.9869577523900177,-0.41844680725535666
2.98,-2.0473313800614887,-0.8405812617809443,0.2867199002116372
2.99,-2.0473313800614887,-1.2580784999590693,0.11580724228849709
3.0,-2.0473313800614887,-0.8524379714494584,0.2049713548326694
3.0100000000000002,-2.0473313800614887,-1.504125764357333,0.3015099380439198
3.02,-2.0473313800614887,-1.6627397334571306,0.5166746467455412
3.0300000000000002,-2.0473313800614887,-1.2369396284385952,0.2992809126458591
3.04,-2.0473313800614887,-1.0614896595993613,0.18985422599255866
3.0500000000000003,-2.0473313800614887,-1.153393087019632,0.2922328271320127
3.06,-2.0473313800614887,-1.2039439726335084,0.2617437565142798
3.0700000000000003,-2.0473313800614887,-0.9654332421309388,0.1672187639928839
3.08,-2.0473313800614887,-0.889545158813823,0.3587779610418784
3.09,-2.0473313800614887,-1.3424642003192642,0.15617381551060594
3.1,-2.0473313800614887,-0.9574759760638598,-0.03860401378880712
3.11,-2.0473313800614887,-1.1642379948802712,0.31440137014771596
3.12,-2.0473313800614887,-1.313580290208725,0.336372509683253
3.13,-2.0473313800614887,-1.507257700008702,0.13369373921411085
3.14,-2.0473313800614887,-1.1611608194003893,0.40303594322517156
3.15,-2.0473313800614887,-0.828335214793438,0.3745936797771615
3.16,-2.0473313800614887,-1.245958323633728,0.11448765198248254
3.17,-2.0473313800614887,-1.2381870461806075,0.5649107967777232
3.18,-2.0473313800614887,-1.2615435931604089,0.2933150568009633
3.19,-2.0473313800614887,-1.0676717882015891,-0.14153455393133385
3.2,-2.0473313800614887,-0.8595299643116918,0.38164203525011453
3.21,-2.0473313800614887,-1.129216743966127,0.39321305929073813
3.22,-2.0473313800614887,-1.2564711921803324,0.14152250239024394
3.23,-2.0473313800614887,-1.2977496612210067,0.3281204763019667
3.24,-2.0473313800614887,-1.106203562207095,-0.04314258511729341
3.25,-2.0473313800614887,-1.3100412507986814,0.2572164931670145
3.2600000000000002,-2.0473313800614887,-1.202565215072806,-0.0743913876811581
3.27,-2.0473313800614887,-1.2020969936905963,0.4363992694269112
3.2800000000000002,-2.0473313800614887,-0.9724986146634473,0.25076786386582356
3.29,-2.0473313800614887,-1.2492584541337863,0.1779080166806973
3.3000000000000003,-2.0473313800614887,-0.8869774224918514,-0.007560409663332601
3.31,-2.0473313800614887,-0.8715124578760782,0.7369186959681646
3.3200000000000003,-2.0473313800614887,-0.8006887405261824,0.06996254981720046
3.33,-2.0473313800614887,-0.8903311800657523,0.3552616705005279
3.34,-2.0473313800614887,-1.2780896066336247,0.329378142422698
3.35,-2.0473313800614887,-1.2088593637290168,0.45824838047940675
3.36,-2.0473313800614887,-1.31193673521851,0.45289870722058667
3.37,-2.0473313800614887,-1.2148033597339691,0.18823883944628794
3.38,-2.0473313800614887,-1.7638431922693802,0.30948645505853567
3.39,-2.0473313800614887,-1.2171394200838743,0.40091255947670906
3.4,-2.0473313800614887,-1.0274752934068456,0.4638699925816891
3.41,-2.0473313800614887,-1.1076806231219805,0.334022202274562
3.42,-2.0473313800614887,-0.6095593003649992,-0.11131595550407275
3.43,-2.0473313800614887,-1.2815356977273475,0.37950945637863104
3.44,-2.0473313800614887,-1.353055303237069,0.12822692990189763
3.45,-2.0473313800614887,-1.291727043740537,0.1836275394213508
3.46,-2.0473313800614887,-0.9432674195156967,0.15190515294484103
3.47,-2.0473313800614887,-1.2916055968548035,0.1924082598830324
3.48,-2.0473313800614887,-1.2969367659181974,0.15051290856427574
3.49,-2.0473313800614887,-1.0241664852663857,0.11100704545833787
3.5,-2.0473313800614887,-0.8685282199140019,0.2948887834531716
3.5100000000000002,-2.0473313800614887,-1.0887282180413111,0.17688322928920108
3.52,-2.0473313800614887,-1.0684488518698192,0.1415317858843309
3.5300000000000002,-2.0473313800614887,-0.9684458176248045,0.4970913145502447
3.54,-2.0473313800614887,-0.9121671249718213,0.07879555545725739
3.5500000000000003,-2.0473313800614887,-1.2725022353769306,0.28687056901081776
3.56,-2.0473313800614887,-1.0682759900766237,0.17076179491318627
3.5700000000000003,-2.0473313800614887,-0.8480541407781332,0.07351326363974073
3.58,-2.0473313800614887,-1.3481396950375946,0.5452172233550543
3.59,-2.0473313800614887,-0.8269346800147113,0.19785857757444486
3.6,-2.0473313800614887,-1.149178757799283,0.5432031466319655
3.61,-2.0473313800614887,-1.5359265135127576,0.2709153493753845
3.62,-2.0473313800614887,-1.5108649259529332,-0.06093774145095199
3.63,-2.0473313800614887,-0.9393222099380897,0.21438142669273294
3.64,-2.0473313800614887,-0.9963532175663595,0.34865778704437334
3.65,-2.0473313800614887,-0.5397967276780106,0.17931217821170564
3.66,-2.0473313800614887,-0.757939208685039,0.19827765092053207
3.67,-2.0473313800614887,-1.0878806810425519,0.25591560042919537
3.68,-2.0473313800614887,-1.1111746885471283,-0.11003965579444142
3.69,-2.0473313800614887,-1.2177884193547153,0.28331160528280064
3.7,-2.0473313800614887,-1.4507130839779876,0.3374834853813134
3.71,-2.0473313800614887,-1.0690229679418617,0.2168710733987643
3.72,-2.0473313800614887,-0.9354240446913002,0.0925613707275584
3.73,-2.0473313800614887,-0.9037714308538287,0.05404939466679601
3.74,-2.0473313800614887,-1.0029922961444584,0.7228111005210016
3.75,-2.0473313800614887,-1.0458198535561845,0.4352346120013651
3.7600000000000002,-2.0473313800614887,-1.5711052372766523,0.4892378122631191
3.77,-2.0473313800614887,-1.0140509829351136,0.5039126787554633
3.7800000000000002,-2.0473313800614887,-0.9250710090784602,0.25264387287641
3.79,-2.0473313800614887,-0.9071181831364538,0.19372081049436485
3.8000000000000003,-2.0473313800614887,-1.1737532052555635,0.03647738359461797
3.81,-2.0473313800614887,-1.0802304787890644,0.4646945710791728
3.8200000000000003,-2.0473313800614887,-0.996227467568307,0.044925972612838344
3.83,-2.0473313800614887,-1.2616725757554195,0.5127751977350046
3.84,-2.0473313800614887,-0.9102456873846082,0.18225292093246806
3.85,-2.0473313800614887,-0.727423422536392,0.29290359290803625
3.86,-2.0473313800614887,-0.9844279275940293,0.359692186134137
3.87,-2.0473313800614887,-0.9358016738538594,-0.026184586968442086
3.88,-2.0473313800614887,-0.6660770592296217,-0.13208509181359604
3.89,-2.0473313800614887,-1.0221431391386657,0.410507735887241
3.9,-2.0473313800614887,-0.8580735529306615,0.290870132951597
3.91,-2.0473313800614887,-0.9642331887245414,0.12396332679844382
3.92,-2.0473313800614887,-1.0786016160619574,0.3750332906404618
3.93,-2.0473313800614887,-0.8256080168460878,0.3475844627148411
3.94,-2.0473313800614887,-0.2573771320536513,0.05209017503614269
3.95,-2.0473313800614887,-0.6964270902026665,0.1761591597629435
3.96,-2.0473313800614887,-0.9125574758965033,0.10000571459672138
3.97,-2.0473313800614887,-1.056103700773771,0.4040586296850346
3.98,-2.0473313800614887,-0.9979115225107348,-0.126464695703609
3.99,-2.0473313800614887,-1.163571066440889,0.18242878955163228
4.0,-2.0473313800614887,-0.911113031590566,0.321655940598776
4.01,-2.0473313800614887,-1.054113964682926,0.06099043129954779
4.0200000000000005,-2.0473313800614887,-0.9617204377466227,0.17729726359405465
4.03,-2.0473313800614887,-0.9144164326185902,0.015465626003630384
4.04,-2.0473313800614887,-1.1023628074976162,0.06098451860011794
4.05,-2.0473313800614887,-0.961428874004443,0.2613156795760516
4.0600000000000005,-2.0473313800614887,-1.0988218677659312,0.1940360489966174
4.07,-2.0473313800614887,-0.9010161186561716,-0.005466943091047255
4.08,-2.0473313800614887,-1.1908634528624538,0.2429350614421935
4.09,-2.0473313800614887,-1.3192891151512525,0.18919164574377428
4.1,-2.0473313800614887,-0.9099103122015553,0.3998171269699201
4.11,-2.0473313800614887,-1.00644977536975,-0.04633142535951773
4.12,-2.0473313800614887,-0.6804459694472943,-0.1312404468885582
4.13,-2.0473313800614887,-1.0964188587759254,0.04168548235873644
4.14,-2.0473313800614887,-0.7603471643258687,-0.04948120796949296
4.15,-2.0473313800614887,-0.9027560574698794,-0.012995560240874393
4.16,-2.0473313800614887,-0.5733485756511518,0.34874629331649576
4.17,-2.0473313800614887,-1.0338372089642516,-0.09012481088743923
4.18,-2.0473313800614887,-0.9666916599687874,0.05881565756657575
4.19,-2.0473313800614887,-0.9540424609697086,0.07684199661452959
4.2,-2.0473313800614887,-0.6129561356739145,0.45829545641816755
4.21,-2.0473313800614887,-0.9247361162263613,0.2809183262692872
4.22,-2.0473313800614887,-0.9788903392824904,0.38757545332502163
4.23,-2.0473313800614887,-0.9105956579351838,0.11992404213935183
4.24,-2.0473313800614887,-0.9643119108035316,-0.09507746467363384
4.25,-2.0473313800614887,-0.6753145248084129,0.15587844433079906
4.26,-2.0473313800614887,-0.7815156901958819,0.028892105789716613
4.2700000000000005,-2.0473313800614887,-1.161364900044649,0.3584899241342191
4.28,-2.0473313800614887,-0.6600085693659834,-0.10815830993035984
4.29,-2.0473313800614887,-0.9938246041815392,0.03414442739497281
4.3,-2.0473313800614887,-1.0481314970808802,0.22393441018920457
4.3100000000000005,-2.0473313800614887,-0.7144267595426192,0.5882017738192242
4.32,-2.0473313800614887,-0.8801944763767652,-0.13377527094105784
4.33,-2.0473313800614887,-1.167966612931636,0.2526258519372669
4.34,-2.0473313800614887,-1.0723418618522569,0.12309346754026551
4.3500000000000005,-2.0473313800614887,-1.1016184722726061,0.016899464633483116
4.36,-2.0473313800614887,-0.7339577831250379,0.05240149869956786
4.37,-2.0473313800614887,-0.9159862510117711,0.1813537175236944
4.38,-2.0473313800614887,-1.1363444720866245,0.1170138238368138
4.39,-2.0473313800614887,-0.661300082330946,0.006918696570221108
4.4,-2.0473313800614887,-1.1009871763275196,-0.11136780575645144
4.41,-2.0473313800614887,-0.7295944155887085,0.1516043826102852
4.42,-2.0473313800614887,-1.085708866130243,0.029675456525629668
4.43,-2.0473313800614887,-1.1608051279975096,0.41272251876148874
4.44,-2.0473313800614887,-1.3262139929123977,0.07192148716825895
4.45,-2.0473313800614887,-0.9086670581286007,-0.17021200604689266
4.46,-2.0473313800614887,-0.8406848479437027,-0.06397936319260794
4.47,-2.0473313800614887,-1.1002571932980643,-0.019731217914518005
4.48,-2.0473313800614887,-0.9691324278140513,0.2229441712533093
4.49,-2.0473313800614887,-1.1261072339793405,-0.013392602630835596
4.5,-2.0473313800614887,-0.9857297300036948,0.0603031341080721
4.51,-2.0473313800614887,-1.2035926572212758,0.10964537152907289
4.5200000000000005,-2.0473313800614887,-0.6238775928276902,0.20430744500098766
4.53,-2.0473313800614887,-0.7861801470367223,0.13225283807426505
4.54,-2.0473313800614887,-0.7503086664422379,-0.09026363158767711
4.55,-2.0473313800614887,-1.2049596074262254,-0.19184187957154009
4.5600000000000005,-2.0473313800614887,-0.7803154108314505,0.03291825320835131
4.57,-2.0473313800614887,-0.8816297963380528,-0.03703297579446774
4.58,-2.0473313800614887,-1.098708088173046,0.3533527988673141
4.59,-2.0473313800614887,-1.12668493934637,0.05316331880239884
4.6000000000000005,-2.0473313800614887,-0.8940317862827778,0.19629314384056712
4.61,-2.0473313800614887,-0.9869337621616326,0.1226713498838228
4.62,-2.0473313800614887,-0.9963648893408137,0.12102570590849962
4.63,-2.0473313800614887,-1.439266660589941,0.1371644242188349
4.64,-2.0473313800614887,-1.2215350617567262,-0.007676973511815899
4.65,-2.0473313800614887,-1.1203753559084928,-0.16205341784045538
4.66,-2.0473313800614887,-0.9361239535871239,0.10116476544213011
4.67,-2.0473313800614887,-1.0560504159617707,0.19777522217990806
4.68,-2.0473313800614887,-0.6335367792439761,0.20927316303219276
4.69,-2.0473313800614887,-1.2006845922431675,0.027849333994469663
4.7,-2.0473313800614887,-1.1119019807835826,-0.018750941084366066
4.71,-2.0473313800614887,-0.4793876774511215,0.08693879913429696
4.72,-2.0473313800614887,-1.0506682502094236,0.26504365222653364
4.73,-2.0473313800614887,-1.0492210470097947,-0.0008521317562040559
4.74,-2.0473313800614887,-0.8727191854150449,-0.3192049864334412
4.75,-2.0473313800614887,-0.936492293375079,0.14643598005733016
4.76,-2.0473313800614887,-0.9005238363351273,0.2213731700609272
4.7700000000000005,-2.0473313800614887,-0.7382484203854001,0.22413919814974564
4.78,-2.0473313800614887,-1.3025148697402749,-0.02220745712461603
4.79,-2.0473313800614887,-1.0648442163663778,0.13127274885753767
4.8,-2.0473313800614887,-0.5563216451174459,0.17048997529189386
4.8100000000000005,-2.0473313800614887,-1.0695349223739266,0.37573615658899
4.82,-2.0473313800614887,-1.084810427395821,0.5549346565382003
4.83,-2.0473313800614887,-0.6196302382949272,0.14531953733374092
4.84,-2.0473313800614887,-0.716954643705152,-0.23346385610105
4.8500000000000005,-2.0473313800614887,-0.8598155703274352,-0.32985592591773477
4.86,-2.0473313800614887,-0.9832995025499657,-0.17469481889307747
4.87,-2.0473313800614887,-1.3075315843267403,-0.052455393917303916
4.88,-2.0473313800614887,-1.1442572530889434,-0.04313745380277595
4.89,-2.0473313800614887,-0.8479134291761574,0.10320322775524605
4.9,-2.0473313800614887,-0.8243875539326644,-0.2158531619617255
4.91,-2.0473313800614887,-0.47547329803719385,-0.2815754443462201
4.92,-2.0473313800614887,-0.7411956665492816,-0.13366354676272538
4.93,-2.0473313800614887,-0.8827829399135776,0.26298819767652876
4.94,-2.0473313800614887,-0.8317288856214239,-0.23986539212597616
4.95,-2.0473313800614887,-1.489980802417073,-0.3056323258052516
4.96,-2.0473313800614887,-1.0305494145891134,0.04324735025382022
4.97,-2.0473313800614887,-1.0713691645910501,-0.23762482493301224
4.98,-2.0473313800614887,-1.0864293965236118,-0.1461992206895286
4.99,-2.0473313800614887,-0.5908294814481954,0.05153103586088032
5.0,-2.0473313800614887,-1.1538655279338426,-0.00906131852384355
5.01,-2.0473313800614887,-0.7196082689475795,-0.01763422467387403
5.0200000000000005,-2.0473313800614887,-0.9785730665456397,0.07894385178960384
5.03,-2.0473313800614887,-0.794556740210656,-0.29054850704015156
5.04,-2.0473313800614887,-0.7020369421131244,-0.04970561943129448
5.05,-2.0473313800614887,-0.889506908536955,-0.13574818995660679
5.0600000000000005,-2.0473313800614887,-0.8654525299843768,-0.19510173499735461
5.07,-2.0473313800614887,-0.8887408734258166,0.0852287700693024
5.08,-2.0473313800614887,-1.3542615019452633,-0.14395569913251474
5.09,-2.0473313800614887,-1.089788755935298,-0.11501146599206138
5.1000000000000005,-2.0473313800614887,-1.2573886695271195,-0.1727544259632834
5.11,-2.0473313800614887,-1.0676099687494347,-0.0482045320735792
5.12,-2.0473313800614887,-0.9019959702450309,0.08996310222173251
5.13,-2.0473313800614887,-0.9941290552589608,-0.21305000782850636
5.14,-2.0473313800614887,-1.1850654043279882,-0.09994601703481767
5.15,-2.0473313800614887,-1.0433292940691257,-0.22786766355298493
5.16,-2.0473313800614887,-0.6405069851013536,0.08531087155600113
5.17,-2.0473313800614887,-1.2776791678805952,-0.12352948831073218
5.18,-2.0473313800614887,-0.7105144632620066,-0.2411012444304343
5.19,-2.0473313800614887,-1.0166720835384329,0.2869361956181715
5.2,-2.0473313800614887,-0.9467884844129663,-0.0017128918797461312
5.21,-2.0473313800614887,-0.839126842378378,0.09657416086164049
5.22,-2.0473313800614887,-0.881941043433092,0.008041160360265615
5.23,-2.0473313800614887,-0.8678200739231328,-0.15223861046320547
5.24,-2.0473313800614887,-1.1114617466125625,0.05895144668742207
5.25,-2.0473313800614887,-0.8198103607821562,-0.4556188244577901
5.26,-2.0473313800614887,-1.3241768071665068,-0.03257833075362161
5.2700000000000005,-2.0473313800614887,-1.1346734518418895,0.003962852288937391
5.28,-2.0473313800614887,-0.9150086918169322,0.15406756745353878
5.29,-2.0473313800614887,-0.8581576486488361,-0.13999537731000283
5.3,-2.0473313800614887,-1.068686353204404,0.0005228534760745723
5.3100000000000005,-2.0473313800614887,-0.8866075926824357,0.3748182787348505
5.32,-2.0473313800614887,-0.8601349912658507,0.08404271125683253
5.33,-2.0473313800614887,-0.8408905635595212,-0.4384321160968327
5.34,-2.0473313800614887,-1.0647787644856208,-0.24318940452487445
5.3500000000000005,-2.0473313800614887,-1.0814168855250235,-0.1998457021763835
5.36,-2.0473313800614887,-0.9523191455430017,-0.13787249235664847
5.37,-2.0473313800614887,-0.8890640462017956,0.24765723864224182
5.38,-2.0473313800614887,-1.2440913055199183,0.12881291761424324
5.39,-2.0473313800614887,-1.262140492951607,-0.059854338785540695
5.4,-2.0473313800614887,-0.8702461795145906,-0.473944964139077
5.41,-2.0473313800614887,-0.7960642269913072,-0.08765920032066589
5.42,-2.0473313800614887,-1.0484217211233073,0.24561806810657838
5.43,-2.0473313800614887,-0.8023497885263923,-0.14334925484790317
5.44,-2.0473313800614887,-0.9091473876899204,0.030172450358596226
5.45,-2.0473313800614887,-0.5861883426623425,0.10896515867191021
5.46,-2.0473313800614887,-0.7662598837629593,0.10478952015951488
5.47,-2.0473313800614887,-0.9620484723826478,-0.021128494434505693
5.48,-2.0473313800614887,-0.9214820883853463,0.08106212477821184
5.49,-2.0473313800614887,-1.0015681166443886,0.0380489013215909
5.5,-2.0473313800614887,-0.8273910892778069,-0.32999982407819867
5.51,-2.0473313800614887,-1.0791830657332304,-0.17459296321446802
5.5200000000000005,-2.0473313800614887,-1.1030959545143393,-0.7466777319946596
5.53,-2.0473313800614887,-1.002230431221124,-0.15541370362129392
5.54,-2.0473313800614887,-0.7298118703370496,-0.02436401563306051
5.55,-2.0473313800614887,-1.1633867895529226,-0.11204129788655556
5.5600000000000005,-2.0473313800614887,-1.0070767767582585,0.09197978283862958
5.57,-2.0473313800614887,-1.4088428905345411,-0.054687707025998886
5.58,-2.0473313800614887,-0.6091417120181843,0.0774944060248222
5.59,-2.0473313800614887,-0.9808245266583585,0.03606090855087821
5.6000000000000005,-2.0473313800614887,-1.1386621823564904,0.29927765200494766
5.61,-2.0473313800614887,-0.8392524142978909,-0.25093675452108677
5.62,-2.0473313800614887,-0.844906414581793,-0.18983126425755603
5.63,-2.0473313800614887,-0.7216765638853078,-0.20551326190767005
5.64,-2.0473313800614887,-1.0993818991910211,-0.1839844903820847
5.65,-2.0473313800614887,-0.8441725546466278,-0.19301308977774395
5.66,-2.0473313800614887,-1.2485424075047307,0.4672668949856186
5.67,-2.0473313800614887,-0.9267082055243403,0.05961261665098602
5.68,-2.0473313800614887,-0.6603967835236166,-0.12256176003554572
5.69,-2.0473313800614887,-0.7660738127976442,0.029880017652743562
5.7,-2.0473313800614887,-0.9098810782307851,-0.13223255851953686
5.71,-2.0473313800614887,-0.6833729902584473,0.20432957785612318
5.72,-2.0473313800614887,-0.6037022791810326,-0.0769105762278475
5.73,-2.0473313800614887,-1.030671223986514,-0.09422304758511585
5.74,-2.0473313800614887,-1.0966035428277592,0.1167941495986471
5.75,-2.0473313800614887,-0.683945705389072,-0.2931816995707549
5.76,-2.0473313800614887,-0.5870869671947443,-0.24485631912544534
5.7700000000000005,-2.0473313800614887,-0.8716100005440236,-0.10358095064801615
5.78,-2.0473313800614887,-0.7935763529652521,-0.32653409067250094
5.79,-2.0473313800614887,-0.957164813527517,0.0220962209428677
5.8,-2.0473313800614887,-1.0978690346909712,-0.26818412160651994
5.8100000000000005,-2.0473313800614887,-0.701614424297686,0.16547152259728684
5.82,-2.0473313800614887,-1.090594144623541,-0.35562131773164507
5.83,-2.0473313800614887,-1.1591993743423854,-0.033294274588393145
5.84,-2.0473313800614887,-1.2459111382604315,-0.23939914744827231
5.8500000000000005,-2.0473313800614887,-0.7942841680861417,-0.1700657273263515
5.86,-2.0473313800614887,-1.1260460130571006,-0.20236379684962963
5.87,-2.0473313800614887,-0.9411803259323328,-0.14550569667177687
5.88,-2.0473313800614887,-0.670889074508958,-0.3725379831427011
5.89,-2.0473313800614887,-0.9827570503226486,0.0510157304745964
5.9,-2.0473313800614887,-1.0195372602829178,-0.18531832865575942
5.91,-2.0473313800614887,-0.879740128890523,-0.18645672802803462
5.92,-2.0473313800614887,-0.7688997274043954,-0.038596699545534796
5.93,-2.0473313800614887,-1.0453063654832733,-0.3222650718071518
5.94,-2.0473313800614887,-1.2056329203485237,-0.08562739202176514
5.95,-2.0473313800614887,-1.1001963583335685,0.00958464658595258
5.96,-2.0473313800614887,-1.2596022956735462,-0.03653286775617794
5.97,-2.0473313800614887,-1.0033304287241596,0.09611413104964862
5.98,-2.0473313800614887,-1.0611493869919384,0.14982182725881754
5.99,-2.0473313800614887,-0.9573820427436829,0.028594021433726274
6.0,-2.0473313800614887,-1.178295165311358,-0.018960408229494546
6.01,-2.0473313800614887,-0.8131517358971218,0.27857630104175957
6.0200000000000005,-2.0473313800614887,-0.9435254919411048,0.07152146057962662
6.03,-2.0473313800614887,-1.2945089154917722,-0.28343808315297114
6.04,-2.0473313800614887,-0.8646625868139242,0.24031296064501498
6.05,-2.0473313800614887,-0.8676048842246131,-0.30530767245907225
6.0600000000000005,-2.0473313800614887,-1.0277957755748723,-0.14297178789669907
6.07,-2.0473313800614887,-0.7530743229708989,-0.12580171890514646
6.08,-2.0473313800614887,-0.8016053692008565,-0.3545778904792105
6.09,-2.0473313800614887,-1.1280144105942984,0.22473161416293702
6.1000000000000005,-2.0473313800614887,-1.0303730283000263,-0.031828992925429705
6.11,-2.0473313800614887,-1.1490719780715166,-0.20426859755906995
6.12,-2.0473313800614887,-1.438430499791775,-0.15751095989704966
6.13,-2.0473313800614887,-0.8792416631838013,-0.42063390726306477
6.140000000000001,-2.0473313800614887,-1.1696990740082496,-0.2307113882196708
6.15,-2.0473313800614887,-1.1008497122336185,-0.06160528806658677
6.16,-2.0473313800614887,-1.0411478514365304,0.01467740263767145
6.17,-2.0473313800614887,-0.9877975726167656,-0.06039177292431156
6.18,-2.0473313800614887,-1.0003935930682961,-0.1734070069300349
6.19,-2.0473313800614887,-1.0254359353014224,0.245990882875398
6.2,-2.0473313800614887,-1.0310676874764158,0.1550814005413868
6.21,-2.0473313800614887,-0.8356837612027754,-0.4005062647355011
6.22,-2.0473313800614887,-1.3914207521222444,0.08914885236081375
6.23,-2.0473313800614887,-1.0527988222202265,-0.041288634707450915
6.24,-2.0473313800614887,-0.9133956990697941,-0.022102410959806265
6.25,-2.0473313800614887,-1.215618674078636,-0.1321113665964392
6.26,-2.0473313800614887,-1.170935875945951,-0.0004784320681857912
6.2700000000000005,-2.0473313800614887,-0.9389535172469219,-0.2311087667395454
6.28,-2.0473313800614887,-0.7073860060650399,-0.019088019556027513
6.29,-2.0473313800614887,-1.2466775939478196,0.03780233069325251
6.3,-2.0473313800614887,-1.2351086960952569,-0.08272273068890514
6.3100000000000005,-2.0473313800614887,-0.8617688287884395,-0.23477180661884567
6.32,-2.0473313800614887,-1.2567748397907665,-0.1825384150510047
6.33,-2.0473313800614887,-0.8155808958141064,-0.120433522671254
6.34,-2.0473313800614887,-0.9407326027719455,0.059373461448606626
6.3500000000000005,-2.0473313800614887,-1.0766931436259624,-0.035758855039404853
6.36,-2.0473313800614887,-1.3125293718180329,0.26472549716746085
6.37,-2.0473313800614887,-0.9959055155500917,-0.006442288793281674
6.38,-2.0473313800614887,-0.8631880202765096,-0.35675419571802974
6.390000000000001,-2.0473313800614887,-1.0457134780011879,-0.1496951903835116
6.4,-2.0473313800614887,-1.2029351220495759,-0.044727046746100584
6.41,-2.0473313800614887,-1.2731399283058882,-0.33825654637581093
6.42,-2.0473313800614887,-1.2580206770054638,0.2764066694199721
6.43,-2.0473313800614887,-1.0780127963276747,0.300466320152194
6.44,-2.0473313800614887,-1.0078023332330246,-0.14330483847542835
6.45,-2.0473313800614887,-1.2533767720269902,-0.11993818472907422
6.46,-2.0473313800614887,-1.0405906059745107,0.3056716104744697
6.47,-2.0473313800614887,-0.9699962916774636,-0.20406147276116388
6.48,-2.0473313800614887,-1.2661486425896804,0.19904109092522038
6.49,-2.0473313800614887,-0.7917183726452313,-0.015315520192579118
6.5,-2.0473313800614887,-0.8289407309294277,-0.2533077584421752
6.51,-2.0473313800614887,-0.7656243539939687,0.38289456133945404
6.5200000000000005,-2.0473313800614887,-0.8105085628416819,0.13271667882538593
6.53,-2.0473313800614887,-1.1328408128829992,0.023919199320300982
6.54,-2.0473313800614887,-1.1110769552985436,0.02922951038020786
6.55,-2.0473313800614887,-1.1814029849215149,0.2017684861127717
6.5600000000000005,-2.0473313800614887,-0.8975409849833824,0.0471198512195829
6.57,-2.0473313800614887,-1.1759874852660097,-0.050410451558959825
6.58,-2.0473313800614887,-1.2555413230305492,-0.3276934447363936
6.59,-2.0473313800614887,-1.235067587437413,0.04748202273654911
6.6000000000000005,-2.0473313800614887,-1.0484536966802707,0.1992115820265524
6.61,-2.0473313800614887,-0.864857502667078,0.06089950028435992
6.62,-2.0473313800614887,-0.8405194895955389,-0.36364759486654497
6.63,-2.0473313800614887,-1.0365923712446055,-0.13186392365663555
6.640000000000001,-2.0473313800614887,-1.0631506099439354,-0.1059370793264065
6.65,-2.0473313800614887,-0.7090873644106759,-0.07248955672575352
6.66,-2.0473313800614887,-1.1250958101927773,-0.1822633281975239
6.67,-2.0473313800614887,-1.3434414550072544,-0.12817142564092956
6.68,-2.0473313800614887,-0.7640058726197059,0.24125330898862873
6.69,-2.0473313800614887,-1.17973559240603,0.06470363538936852
6.7,-2.0473313800614887,-1.0601641127602526,0.4514219529150153
6.71,-2.0473313800614887,-1.235770820314333,0.11138192414735266
6.72,-2.0473313800614887,-0.8359413627347585,-0.2037745491099282
6.73,-2.0473313800614887,-0.9982742634643536,0.24058665116178315
6.74,-2.0473313800614887,-1.096175565226935,-0.01096744450496789
6.75,-2.0473313800614887,-1.2101323341223824,-0.3259327926507971
6.76,-2.0473313800614887,-0.9248761190219696,0.1578454245027983
6.7700000000000005,-2.0473313800614887,-1.1050874245703264,-0.00932701032751941
6.78,-2.0473313800614887,-1.229912276278394,-0.05997081967079926
6.79,-2.0473313800614887,-1.529460250119468,0.22152610630630992
6.8,-2.0473313800614887,-1.0926072620292737,-0.2245466495627867
6.8100000000000005,-2.0473313800614887,-1.0410603420468727,-0.05178907344759928
6.82,-2.0473313800614887,-1.2888106239347223,-0.12127864997257683
6.83,-2.0473313800614887,-1.208630358606388,0.06710280990355354
6.84,-2.0473313800614887,-1.4188803542696884,-0.3117933081402461
6.8500000000000005,-2.0473313800614887,-1.2862868654520552,-0.10133543175163287
6.86,-2.0473313800614887,-1.0821003420447355,-0.08466464999299526
6.87,-2.0473313800614887,-1.215096722133537,0.14280200218126735
6.88,-2.0473313800614887,-1.300152574548115,0.44066533867982216
6.890000000000001,-2.0473313800614887,-1.0166841123696981,-0.31644392695127316
6.9,-2.0473313800614887,-1.104667467914927,-0.05573492717659059
6.91,-2.0473313800614887,-0.877149615434232,0.09590762190691825
6.92,-2.0473313800614887,-1.2140167732010063,-0.2868852106355943
6.93,-2.0473313800614887,-1.008112524121136,-0.21036561929817676
6.94,-2.0473313800614887,-1.2189784999103297,-0.20529924729231888
6.95,-2.0473313800614887,-1.1098798076228227,-0.09962204897269196
6.96,-2.0473313800614887,-1.2122057238521404,-0.04490816793831975
6.97,-2.0473313800614887,-0.9289453353139805,0.1494755367382082
6.98,-2.0473313800614887,-0.9201231717074982,-0.09030039091276172
6.99,-2.0473313800614887,-0.9624181851162357,-0.022234549829752998
7.0,-2.0473313800614887,-0.6673648915543734,0.44962294565562627
7.01,-2.0473313800614887,-0.8683513273826373,-0.29103034021460233
7.0200000000000005,-2.0473313800614887,-0.8106590823917916,0.12598905865927007
7.03,-2.0473313800614887,-1.2106874571170663,0.3956229728200385
7.04,-2.0473313800614887,-0.9259427236418714,0.14548454828850935
7.05,-2.0473313800614887,-1.3110338314425907,0.07181575734064068
7.0600000000000005,-2.0473313800614887,-1.0504773031065284,-0.041451745262705765
7.07,-2.0473313800614887,-0.879860935925665,-0.25217586447836665
7.08,-2.0473313800614887,-0.9555263509725533,0.07932675772320344
7.09,-2.0473313800614887,-0.8775567094026251,-0.06237313858963436
7.1000000000000005,-2.0473313800614887,-0.9892160939132816,-0.09756883104770823
7.11,-2.0473313800614887,-1.339818284921604,0.09706677220995348
7.12,-2.0473313800614887,-1.0266120844802358,0.1369004263226597
7.13,-2.0473313800614887,-1.0733110754575834,0.025863525475941385
7.140000000000001,-2.0473313800614887,-1.3130574688554195,0.26983173580607334
7.15,-2.0473313800614887,-1.2835847322563563,0.15841214273604534
7.16,-2.0473313800614887,-0.9129557011312674,-0.1264204091110017
7.17,-2.0473313800614887,-1.1716799202775416,-0.4543401813921012
7.18,-2.0473313800614887,-0.985951233435263,-0.011027730961168155
7.19,-2.0473313800614887,-0.9002499413091416,0.08990345374309897
7.2,-2.0473313800614887,-1.141212436095917,0.07842132883051162
7.21,-2.0473313800614887,-1.07341155336559,-0.30463119554565765
7.22,-2.0473313800614887,-1.1780359487094318,0.393991319188011
7.23,-2.0473313800614887,-0.9371979851310988,-0.2518688981189823
7.24,-2.0473313800614887,-0.8612037959431051,0.027879878283702954
7.25,-2.0473313800614887,-0.9718567077719107,-0.052483329349012224
7.26,-2.0473313800614887,-1.082361962108247,0.5979491587790392
7.2700000000000005,-2.0473313800614887,-0.9496059074174092,-0.1017442725818415
7.28,-2.0473313800614887,-0.9798474266783023,-0.02691458918540284
7.29,-2.0473313800614887,-0.8238371029861785,0.39701972068547536
7.3,-2.0473313800614887,-1.1585205016279776,-0.11676197577498998
7.3100000000000005,-2.0473313800614887,-0.89556036611571,0.09678594701882656
7.32,-2.0473313800614887,-1.4715644277339865,0.12177764729026312
7.33,-2.0473313800614887,-1.3255113704518084,0.0484387817916855
7.34,-2.0473313800614887,-1.0405686555439666,-0.00832699545612735
7.3500000000000005,-2.0473313800614887,-1.118302025397996,0.07775566137786319
7.36,-2.0473313800614887,-0.654209654079378,-0.1409970899316007
7.37,-2.0473313800614887,-0.9691683890186753,-0.06610305197856811
7.38,-2.0473313800614887,-0.6231936142518535,-0.13703528538366694
7.390000000000001,-2.0473313800614887,-1.102221974496925,0.1655120677530258
7.4,-2.0473313800614887,-0.9436977677151734,0.11063795650096137
7.41,-2.0473313800614887,-0.9031180371273855,0.20560348771167403
7.42,-2.0473313800614887,-1.18189848266961,-0.0457181200060886
7.43,-2.0473313800614887,-0.6488176818452831,0.16300112537290276
7.44,-2.0473313800614887,-1.2826534537724974,-0.11409628462917244
7.45,-2.0473313800614887,-0.9381863176482097,-0.051075272844944966
7.46,-2.0473313800614887,-1.127731041341561,0.07800745880034218
7.47,-2.0473313800614887,-0.6417171284116728,-0.2024810593608508
7.48,-2.0473313800614887,-0.9436182693512107,0.23796271949642422
7.49,-2.0473313800614887,-0.8088690036901518,0.15846214428359578
7.5,-2.0473313800614887,-0.9398409852271927,-0.05288761471769679
7.51,-2.0473313800614887,-0.9550310595185126,0.01454081262335653
7.5200000000000005,-2.0473313800614887,-1.0172051492448102,0.09850557236295408
7.53,-2.0473313800614887,-0.9465774271221988,-0.2325985143313927
7.54,-2.0473313800614887,-0.6245990097092604,-0.1010716432417477
7.55,-2.0473313800614887,-1.0905585796317883,0.36191303174835504
7.5600000000000005,-2.0473313800614887,-1.4842871993298639,-0.22794987072605455
7.57,-2.0473313800614887,-0.8779925039312475,0.31600310140312915
7.58,-2.0473313800614887,-1.2122544867402707,0.17785580290471936
7.59,-2.0473313800614887,-0.9956786374747298,-0.03742717566072325
7.6000000000000005,-2.0473313800614887,-0.6578139671148102,-0.11193749739394915
7.61,-2.0473313800614887,-0.6747066912463122,-0.035642781414127
7.62,-2.0473313800614887,-1.1796336319219987,-0.33908361444382656
7.63,-2.0473313800614887,-0.8769461073774039,0.20252981955991395
7.640000000000001,-2.0473313800614887,-0.9589948758866538,0.051286121186570985
7.65,-2.0473313800614887,-1.0315021916956169,-0.06813621821580432
7.66,-2.0473313800614887,-1.0506845090168953,-0.06621435359925446
7.67,-2.0473313800614887,-1.062907616756631,0.31995596955054323
7.68,-2.0473313800614887,-0.9597227265004064,-0.027377648636237397
7.69,-2.0473313800614887,-1.1686019271360073,0.19340186370792972
7.7,-2.0473313800614887,-1.0979636633462406,0.2521481201611271
7.71,-2.0473313800614887,-1.3055236295649664,-0.10279740517494129
7.72,-2.0473313800614887,-1.1238015698194128,0.24238185591667935
7.73,-2.0473313800614887,-0.9563432588727167,-0.14386502960260025
7.74,-2.0473313800614887,-0.9535935736885262,0.3225299298470208
7.75,-2.0473313800614887,-1.0216849278658802,0.11153749349315181
7.76,-2.0473313800614887,-0.9801034356029472,0.06145087442603517
7.7700000000000005,-2.0473313800614887,-0.872802152786755,0.026836864191699568
7.78,-2.0473313800614887,-0.7809281657673806,-0.2577974137652139
7.79,-2.0473313800614887,-1.353229022249732,-0.06347257066277441
7.8,-2.0473313800614887,-1.1469273204804808,-0.09273084590867571
7.8100000000000005,-2.0473313800614887,-0.935923046207402,-0.04904122353474341
7.82,-2.0473313800614887,-1.232198918475153,-0.34452824555065875
7.83,-2.0473313800614887,-0.8927948466334013,-0.044146685257551194
7.84,-2.0473313800614887,-0.9927743181534636,0.2114672038405901
7.8500000000000005,-2.0473313800614887,-1.077290418050584,0.10805072294942533
7.86,-2.0473313800614887,-0.647575768409469,0.11840112433139596
7.87,-2.0473313800614887,-1.2454173965965003,0.05302338099941581
7.88,-2.0473313800614887,-0.7890815060953151,-0.001632438527907478
7.890000000000001,-2.0473313800614887,-1.0980176591612612,0.05244289096030224
7.9,-2.0473313800614887,-0.9712402858895808,0.16450488768707866
7.91,-2.0473313800614887,-1.428441752794495,0.04597869509414496
7.92,-2.0473313800614887,-1.2890580646617193,-0.2051946356252099
7.930000000000001,-2.0473313800614887,-1.1992423521509066,0.22092459680625798
7.94,-2.0473313800614887,-1.1109857252875088,-0.11135879000102689
7.95,-2.0473313800614887,-0.7172227975882803,0.16429238583774192
7.96,-2.0473313800614887,-1.006030648885069,0.24304848528350825
7.97,-2.0473313800614887,-0.72359847482416,-0.2110671048489562
7.98,-2.0473313800614887,-1.0491529616710766,-0.03806596109133996
7.99,-2.0473313800614887,-0.9389842334174124,0.11121404782667536
8.0,-2.0473313800614887,-1.136656215967299,-0.11607893756517253
8.01,-2.0473313800614887,-1.2325501288866705,-0.012059675298333329
8.02,-2.0473313800614887,-1.0213323782471748,0.4006665592811951
8.03,-2.0473313800614887,-1.2926582630139254,0.1287764206014916
8.040000000000001,-2.0473313800614887,-1.1231549242135352,0.20588673243566835
8.05,-2.0473313800614887,-0.9799470661682056,0.3120385604161036
8.06,-2.0473313800614887,-0.9857884627851112,-0.01397222700974467
8.07,-2.0473313800614887,-1.309228915533152,0.3083788883364745
8.08,-2.0473313800614887,-1.0952582848672137,0.1090672660002121
8.09,-2.0473313800614887,-1.4101625757952523,0.38229844420820125
8.1,-2.0473313800614887,-1.0326901681492553,0.21445440950753034
8.11,-2.0473313800614887,-0.8791076710018112,0.30358851252664937
8.120000000000001,-2.0473313800614887,-1.2027383940168492,-0.40450236580671534
8.13,-2.0473313800614887,-0.8125496798857026,-0.09895255308063018
8.14,-2.0473313800614887,-0.9833628545850666,0.09243311594910604
8.15,-2.0473313800614887,-1.104870273857956,-0.10064482254810922
8.16,-2.0473313800614887,-1.0898455273052101,0.37530063800098884
8.17,-2.0473313800614887,-1.1340305631394747,-0.034827225481139396
8.18,-2.0473313800614887,-0.9897177093348373,-0.26892335347402047
8.19,-2.0473313800614887,-0.9032539887320101,0.06854726419551196
8.2,-2.0473313800614887,-1.26874475269661,-0.024730963728556526
8.21,-2.0473313800614887,-0.6616823408101746,0.26209122012626135
8.22,-2.0473313800614887,-0.8060047956603293,0.4169792440169483
8.23,-2.0473313800614887,-1.1266419059124857,0.20206723240226132
8.24,-2.0473313800614887,-0.8450094646772869,0.006115944360889216
8.25,-2.0473313800614887,-1.097009889039318,0.18484521932613476
8.26,-2.0473313800614887,-0.8469506215020467,0.3773534625725911
8.27,-2.0473313800614887,-0.9621753906684114,-0.044890302783840014
8.28,-2.0473313800614887,-1.2724470897468505,-0.29021767705621204
8.290000000000001,-2.0473313800614887,-1.1549114946038128,-0.03525629380308119
8.3,-2.0473313800614887,-1.0690965186435217,0.41533347699107415
8.31,-2.0473313800614887,-1.0159151424233346,0.07428979443508102
8.32,-2.0473313800614887,-0.8323878780515551,-0.0009057773626099455
8.33,-2.0473313800614887,-0.7647681150745932,0.2990547124140903
8.34,-2.0473313800614887,-1.143443232327471,0.16892366639706116
8.35,-2.0473313800614887,-0.8959592866640954,0.00857683236905828
8.36,-2.0473313800614887,-0.9410995145624147,0.20668357915845023
8.370000000000001,-2.0473313800614887,-1.2489709939558258,0.2457526544967047
8.38,-2.0473313800614887,-1.0755605479021015,-0.21451332015102642
8.39,-2.0473313800614887,-0.8891012568175274,0.022168754343396137
8.4,-2.0473313800614887,-0.835351401112068,-0.035112394547609935
8.41,-2.0473313800614887,-1.174933166439338,0.06293970503154997
8.42,-2.0473313800614887,-0.9241439551594457,0.10661756576109417
8.43,-2.0473313800614887,-1.0857739313855825,-0.03378636189886008
8.44,-2.0473313800614887,-0.9325684927224869,-0.3432764063556586
8.45,-2.0473313800614887,-0.8612620094499126,-0.16717644913209026
8.46,-2.0473313800614887,-0.8953367235956284,0.07660572599447442
8.47,-2.0473313800614887,-1.2318157659916265,-0.10737607696778169
8.48,-2.0473313800614887,-1.0798681519018443,0.05559226540619082
8.49,-2.0473313800614887,-1.3616248450778552,-0.16224796599515082
8.5,-2.0473313800614887,-0.8932404160277503,0.21497575508465316
8.51,-2.0473313800614887,-0.9110557867863599,-0.1310519126146235
8.52,-2.0473313800614887,-0.9071120408255865,0.1645996312288886
8.53,-2.0473313800614887,-1.0926537959193294,-0.0031701439377496386
8.540000000000001,-2.0473313800614887,-1.3260929110243742,0.05914178091409163
8.55,-2.0473313800614887,-1.0373915575832175,-0.022149398264344932
8.56,-2.0473313800614887,-1.222465243012647,0.31704511164318566
8.57,-2.0473313800614887,-1.2144876138549698,0.15725226358554834
8.58,-2.0473313800614887,-1.2168110487725499,0.2813472446189221
8.59,-2.0473313800614887,-1.2814601755581005,-0.1444628224800446
8.6,-2.0473313800614887,-1.160385209586849,0.12209008495712699
8.61,-2.0473313800614887,-1.0899187213249308,-0.045258385703905425
8.620000000000001,-2.0473313800614887,-0.9243010114924969,0.3035491843653471
8.63,-2.0473313800614887,-0.7642909237284985,-0.3329748802822039
8.64,-2.0473313800614887,-0.7103779752567025,-0.008141966375246276
8.65,-2.0473313800614887,-0.5253338134593935,0.054465374137887115
8.66,-2.0473313800614887,-1.4692479629676245,-0.2720329423405602
8.67,-2.0473313800614887,-1.0700394079794908,0.031029570319054484
8.68,-2.0473313800614887,-0.801746461201395,-0.004787098204673403
8.69,-2.0473313800614887,-1.1023351484564128,-0.08368926221104882
8.700000000000001,-2.0473313800614887,-0.9679304820454416,-0.30725656703071386
8.71,-2.0473313800614887,-0.9106338495982303,-0.4782919240434411
8.72,-2.0473313800614887,-1.105934911963064,-0.08057420580114999
8.73,-2.0473313800614887,-1.0350983708114132,0.37340522650483776
8.74,-2.0473313800614887,-1.0268329600884973,-0.06911837001740184
8.75,-2.0473313800614887,-1.2514460084574082,-0.041431898023112604
8.76,-2.0473313800614887,-0.9865570209533525,-0.21506617116534354
8.77,-2.0473313800614887,-1.1861910873153492,-0.1867435082037031
8.78,-2.0473313800614887,-1.396053115671696,0.1660770590091006
8.790000000000001,-2.0473313800614887,-1.1167298286272422,0.004255502658871018
8.8,-2.0473313800614887,-1.2349115049419617,0.15207054844852286
8.81,-2.0473313800614887,-1.2699672790402452,0.059279733014591295
8.82,-2.0473313800614887,-1.1296352291747618,-0.12046764141104074
8.83,-2.0473313800614887,-1.2559042794705937,-0.08638457615017994
8.84,-2.0473313800614887,-1.1448959240068706,-0.32355699187381004
8.85,-2.0473313800614887,-0.703460690362476,0.3455526735430689
8.86,-2.0473313800614887,-0.7985248664917839,0.2249287704478862
8.870000000000001,-2.0473313800614887,-0.9851177097143013,-0.2648426974242537
8.88,-2.0473313800614887,-1.3664149170575057,0.13388347518684096
8.89,-2.0473313800614887,-0.8065526867259276,-0.04706434978466616
8.9,-2.0473313800614887,-0.6234969801173629,-0.3133111005908573
8.91,-2.0473313800614887,-0.7138524769428182,-0.10543239861810785
8.92,-2.0473313800614887,-1.1564197716657314,-0.023456570523452375
8.93,-2.0473313800614887,-0.7535936943977637,-0.15847923429821067
8.94,-2.0473313800614887,-0.5250424276656396,-0.13761986674804047
8.950000000000001,-2.0473313800614887,-0.671018148799621,-0.06981298431445918
8.96,-2.0473313800614887,-1.128320576773383,-0.06152162326812567
8.97,-2.0473313800614887,-1.2727490658663116,0.14723400011614163
8.98,-2.0473313800614887,-0.7225926708377222,-0.15631472129796997
8.99,-2.0473313800614887,-0.8057844977508779,0.3400940390283254
9.0,-2.0473313800614887,-1.0658176955149226,-0.05211097156637574
9.01,-2.0473313800614887,-1.0625155732600344,0.08375298580972745
9.02,-2.0473313800614887,-1.1853722182493986,0.11092589651966356
9.03,-2.0473313800614887,-0.8050311506022014,-0.0796623418275467
9.040000000000001,-2.0473313800614887,-0.9313473169215937,0.15700900831959497
9.05,-2.0473313800614887,-0.8660303239656126,0.04754854322413936
9.06,-2.0473313800614887,-1.078136621213527,0.3048216914482685
9.07,-2.0473313800614887,-1.2597009103898622,-0.07829786078823793
9.08,-2.0473313800614887,-1.0846305288550173,-0.07965860390965075
9.09,-2.0473313800614887,-1.2420723269420646,-0.08247641896269498
9.1,-2.0473313800614887,-1.155693513338544,-0.04377592953789312
9.11,-2.0473313800614887,-1.1212701965770393,0.14815534044696177
9.120000000000001,-2.0473313800614887,-1.3579600750845997,-0.20961595338901082
9.13,-2.0473313800614887,-0.6758286158436131,0.0025212204884812496
9.14,-2.0473313800614887,-1.0379120343064527,0.1920087139944671
9.15,-2.0473313800614887,-0.7303159134868502,0.20984940845028538
9.16,-2.0473313800614887,-1.1531455935333432,0.08185925946209859
9.17,-2.0473313800614887,-0.9907104383692446,0.1560446264761669
9.18,-2.0473313800614887,-0.9185173528099486,0.08889795112453439
9.19,-2.0473313800614887,-1.466098982421044,-0.13923487935026374
9.200000000000001,-2.0473313800614887,-0.9050609407910206,-0.18753435011955502
9.21,-2.0473313800614887,-1.2210344189591122,0.02221721695278888
9.22,-2.0473313800614887,-0.7640444170772192,0.024730999955932437
9.23,-2.0473313800614887,-0.8110746150642535,-0.35862273790440313
9.24,-2.0473313800614887,-0.7982413689261227,0.4709892303952866
9.25,-2.0473313800614887,-0.9880074205310116,0.08523360713652745
9.26,-2.0473313800614887,-0.9503381875166614,-0.2189653458700625
9.27,-2.0473313800614887,-1.0556052211934077,-0.2519728197171264
9.28,-2.0473313800614887,-0.9363000366226415,0.13899915544766575
9.290000000000001,-2.0473313800614887,-1.2795074740558545,-0.048968541646160074
9.3,-2.0473313800614887,-0.7929452349502661,0.07426199926070814
9.31,-2.0473313800614887,-0.7396202522121755,0.5009856435910294
9.32,-2.0473313800614887,-0.7963832223403603,0.04825591855625513
9.33,-2.0473313800614887,-1.552246593758779,0.1876619380751831
9.34,-2.0473313800614887,-1.10591198691695,0.027947543086498577
9.35,-2.0473313800614887,-1.2236254645484876,0.023922874996592552
9.36,-2.0473313800614887,-1.3945380501981781,0.0296863186110754
9.370000000000001,-2.0473313800614887,-0.7845906980848109,0.013322472130889322
9.38,-2.0473313800614887,-0.9902389918547401,-0.1611223376876141
9.39,-2.0473313800614887,-1.2165378392345343,-0.30520005839734105
9.4,-2.0473313800614887,-1.1005427990886372,0.3244368105806689
9.41,-2.0473313800614887,-1.1692457888966195,-0.0983728840034221
9.42,-2.0473313800614887,-1.006476094061665,-0.3658104531921761
9.43,-2.0473313800614887,-1.0539121876984197,-0.2244522310394714
9.44,-2.0473313800614887,-1.1940009303348607,0.01804911038186639
9.450000000000001,-2.0473313800614887,-0.813157824067813,-0.06141931077101533
9.46,-2.0473313800614887,-0.9127920223891902,-0.25443162709529366
9.47,-2.0473313800614887,-1.2697138834106,-0.000797059957188021
9.48,-2.0473313800614887,-1.0381447747586536,-0.14509046788914745
9.49,-2.0473313800614887,-1.2179640505385585,-0.23328391730628964
9.5,-2.0473313800614887,-0.8226005612585562,-0.10059861922448121
9.51,-2.0473313800614887,-0.8034152153655533,0.197170830434384
9.52,-2.0473313800614887,-1.0174292596098273,0.11906067293397442
9.53,-2.0473313800614887,-0.8799049666529875,-0.0845681681642214
9.540000000000001,-2.0473313800614887,-1.0785555059193213,-0.1444828221434381
9.55,-2.0473313800614887,-1.0596280119987607,-0.09207397239644327
9.56,-2.0473313800614887,-1.022526303832229,0.22323012380524962
9.57,-2.0473313800614887,-1.2350451289397073,0.0695193988283533
9.58,-2.0473313800614887,-0.9716545597215386,0.09678880193787832
9.59,-2.0473313800614887,-1.1925452024447933,-0.022994399269471937
9.6,-2.0473313800614887,-0.7487798000775006,-0.4749119953483851
9.61,-2.0473313800614887,-0.8951462500214478,-0.24123455374653857
9.620000000000001,-2.0473313800614887,-1.0739711534528458,0.03365727927315644
9.63,-2.0473313800614887,-0.9354352415476737,-0.39055695052732015
9.64,-2.0473313800614887,-1.008727881919728,-0.0289453011646867
9.65,-2.0473313800614887,-0.8227819227318413,-0.16739223810028092
9.66,-2.0473313800614887,-1.006556601276516,0.24722219925404207
9.67,-2.0473313800614887,-0.9085043237634128,-0.08721742504089654
9.68,-2.0473313800614887,-1.1146022182229478,0.21016905716788922
9.69,-2.0473313800614887,-1.2912571100588681,0.16746820051198558
9.700000000000001,-2.0473313800614887,-1.2433543535856355,-0.22108837871297124
9.71,-2.0473313800614887,-0.9869579500151048,0.5135908028474551
9.72,-2.0473313800614887,-1.0884230739904428,-0.3043047118819504
9.73,-2.0473313800614887,-0.8509167728439503,-0.1154658847500966
9.74,-2.0473313800614887,-0.9339863641014468,-0.48979257215450445
9.75,-2.0473313800614887,-0.9135934918253076,0.04563930814147254
9.76,-2.0473313800614887,-1.0868701530381077,-0.11697447596595877
9.77,-2.0473313800614887,-0.9392059835006639,-0.4136185078677338
9.78,-2.0473313800614887,-1.2844063020901753,0.20677813570158896
9.790000000000001,-2.0473313800614887,-0.8701708540224662,-0.18664117204050698
9.8,-2.0473313800614887,-1.0266143795702665,-0.174733369199069
9.81,-2.0473313800614887,-0.9571210579338154,-0.218019184939366
9.82,-2.0473313800614887,-0.9542519834386717,-0.13803559225329914
9.83,-2.0473313800614887,-1.0419571091927802,-0.062462091640455644
9.84,-2.0473313800614887,-0.9647321162972103,0.17729640511880448
9.85,-2.0473313800614887,-0.7455375482663,0.0212333395017604
9.86,-2.0473313800614887,-1.0609569620336055,0.08573954852453537
9.870000000000001,-2.0473313800614887,-0.8519250844322526,0.033235689002317825
9.88,-2.0473313800614887,-1.21203160966825,-0.03816358061390767
9.89,-2.0473313800614887,-0.8150626996715659,0.2676914259320238
9.9,-2.0473313800614887,-0.7331958441576649,-0.05271613756835744
9.91,-2.0473313800614887,-1.042944782922689,-0.1315498431152036
9.92,-2.0473313800614887,-0.9251305326883426,-0.2217637713181134
9.93,-2.0473313800614887,-1.227098480919269,0.0072088655787769474
9.94,-2.0473313800614887,-1.3602974842224835,0.08095108328291424
9.950000000000001,-2.0473313800614887,-1.4180750380375229,-0.18827421764990937
9.96,-2.0473313800614887,-0.9538909960137898,0.15200542927990393
9.97,-2.0473313800614887,-1.0123658766735084,0.007820319045957928
9.98,-2.0473313800614887,-0.6087249183894418,-0.2755122397078078
9.99,-2.0473313800614887,-1.2568747157344695,-0.16457510506173964
10.0,3.7004402231192906,-1.2127768375455135,-0.10458891438815705
10.01,3.7004402231192906,-0.9043440667956495,0.23277753143680774
10.02,3.7004402231192906,-0.9932751174445891,0.10996058268330353
10.03,3.7004402231192906,-1.1539057837650295,0.39067074391890516
10.040000000000001,3.7004402231192906,-0.7175048882658837,0.0577234169082661
10.05,3.7004402231192906,-0.8108467672878398,0.3751920364440909
10.06,3.7004402231192906,-0.6849443986136345,0.3601216029604047
10.07,3.7004402231192906,-1.0298021665165629,0.45225821915666364
10.08,3.7004402231192906,-1.034034982942445,0.5897637164934708
10.09,3.7004402231192906,-0.9664721674385105,0.5815344342169816
10.1,3.7004402231192906,-0.9649934438086157,0.81276308486716
10.11,3.7004402231192906,-1.3115652078178144,0.6865573413498252
10.120000000000001,3.7004402231192906,-0.9272694689224125,0.7849277083499354
10.13,3.7004402231192906,-0.9549314853691834,0.5571495222049295
10.14,3.7004402231192906,-1.0200910824827325,0.669922720524905
10.15,3.7004402231192906,-0.7325550439688064,0.9163550781594247
10.16,3.7004402231192906,-0.9124223226480881,0.5644544935587474
10.17,3.7004402231192906,-1.0237868119524542,0.7369069647101413
10.18,3.7004402231192906,-0.7898319552374693,1.0348561308257027
10.19,3.7004402231192906,-0.8575961355855027,0.9983712566608536
10.200000000000001,3.7004402231192906,-1.142996458885431,1.268456034132463
10.21,3.7004402231192906,-0.7878402362857735,1.2921098079205362
10.22,3.7004402231192906,-1.3944782404334157,0.9947260160894936
10.23,3.7004402231192906,-0.9893425066586032,1.3432520020424148
10.24,3.7004402231192906,-1.185135435943727,1.2681222500248894
10.25,3.7004402231192906,-0.49017907523671034,1.2987186468709584
10.26,3.7004402231192906,-0.7935120177448491,1.0756997795759502
10.27,3.7004402231192906,-0.524420727243097,1.1599760878794383
10.28,3.7004402231192906,-0.7880665619756906,1.2545127754874894
10.290000000000001,3.7004402231192906,-0.7405659276245391,1.6376887328353347
10.3,3.7004402231192906,-0.6573845318643223,1.3160777819248992
10.31,3.7004402231192906,-0.8487573542180434,1.4770516446168507
10.32,3.7004402231192906,-1.0170741236302168,1.5146405757637256
10.33,3.7004402231192906,-0.8443193465743322,2.054903001256343
10.34,3.7004402231192906,-0.7196337202166371,1.4903714548794975
10.35,3.7004402231192906,-0.9162991085214977,1.8464198277838602
10.36,3.7004402231192906,-0.661061134989248,1.2764495798276192
10.370000000000001,3.7004402231192906,-0.7205802615004843,1.6003088492683832
10.38,3.7004402231192906,-0.6660591453245741,2.1554077259277435
10.39,3.7004402231192906,-0.801075661918091,1.6426290627968136
10.4,3.7004402231192906,-0.6450150290515967,2.02116015322177
10.41,3.7004402231192906,-0.7506131906998137,1.7763153291873328
10.42,3.7004402231192906,-0.46642310829460826,1.662001849987154
10.43,3.7004402231192906,-0.35900906116304854,1.9560084734629903
10.44,3.7004402231192906,-0.7202571820861539,1.8685967955208511
10.450000000000001,3.7004402231192906,-0.13717645553691749,2.033223584651918
10.46,3.7004402231192906,-0.42544512660043005,1.6790153300706059
10.47,3.7004402231192906,-0.839554276026097,2.0825834469773454
10.48,3.7004402231192906,-0.7853694706571168,1.9037305237861553
10.49,3.7004402231192906,-0.28430843713313647,1.9241554850330655
10.5,3.7004402231192906,-0.2588895634601621,1.8922617841713687
10.51,3.7004402231192906,-0.8784285816157302,2.134091749984117
10.52,3.7004402231192906,-0.22701338528281448,2.1824793238976414
10.53,3.7004402231192906,-0.2219289016745321,2.1529670075418386
10.540000000000001,3.7004402231192906,-0.455592733865824,2.5910552772675572
10.55,3.7004402231192906,-0.2204143122097461,1.9036679104968592
10.56,3.7004402231192906,-0.122546094291316,2.426224463134587
10.57,3.7004402231192906,0.37493556507164166,2.3644885014257078
10.58,3.7004402231192906,-0.29398600207232617,2.3766634008653242
10.59,3.7004402231192906,0.04403324952205248,2.2412707084965686
10.6,3.7004402231192906,0.018657595682684935,2.7007843123054998
10.61,3.7004402231192906,-0.36855776414160807,2.2459018144881213
10.620000000000001,3.7004402231192906,-0.08151229293745013,2.4408562131184013
10.63,3.7004402231192906,-0.2727622811297224,2.6991760920155206
10.64,3.7004402231192906,0.14260034389903156,2.2095053878625297
10.65,3.7004402231192906,-0.012290290085257026,2.5427187269259406
10.66,3.7004402231192906,-0.1857579533888673,2.455768414491918
10.67,3.7004402231192906,0.09426231569506137,2.604446583299492
10.68,3.7004402231192906,-0.019337461272437514,2.573188599132838
10.69,3.7004402231192906,-0.1364367281492767,2.6491014214328823
10.700000000000001,3.7004402231192906,0.15386916862718575,2.506126772481989
10.71,3.7004402231192906,-0.3343964149577513,2.341902854611745
10.72,3.7004402231192906,-0.10142204784346481,2.752881522066672
10.73,3.7004402231192906,0.3228555106479551,2.5141068560620154
10.74,3.7004402231192906,0.28328608133607713,2.5038544709320414
10.75,3.7004402231192906,0.5455150805974739,2.4753670353822876
10.76,3.7004402231192906,0.23553317726234507,2.677995946328751
10.77,3.7004402231192906,0.3301777122112386,2.4465527155641316
10.78,3.7004402231192906,0.4491873766828396,2.4300924826809593
10.790000000000001,3.7004402231192906,0.11944469814824235,2.8944372316217977
10.8,3.7004402231192906,0.17486840174902965,2.6056713299363987
10.81,3.7004402231192906,0.2967044985187896,2.7861824169196465
10.82,3.7004402231192906,0.7553788442206486,2.511054193349716
10.83,3.7004402231192906,0.5730390198232695,2.435875858832598
10.84,3.7004402231192906,0.13594470279181958,2.4806614204392576
10.85,3.7004402231192906,0.5482661900535597,2.441570082168856
10.86,3.7004402231192906,0.7888307091070164,2.494767300196714
10.870000000000001,3.7004402231192906,0.4584990654631433,2.8694643611836224
10.88,3.7004402231192906,0.4874341294728487,2.6961634753249033
10.89,3.7004402231192906,0.5267748558804648,2.163660528156951
10.9,3.7004402231192906,0.6456100259587473,2.499382493794126
10.91,3.7004402231192906,0.7025797807452172,2.5557506607115004
10.92,3.7004402231192906,1.2448705073656732,2.489218000689592
10.93,3.7004402231192906,0.7651820878586221,2.2633613385399487
10.94,3.7004402231192906,0.8168809490907434,2.5654340031930816
10.950000000000001,3.7004402231192906,0.36780307728765066,2.6995079902448853
10.96,3.7004402231192906,0.5485567626047944,2.2659303108888698
10.97,3.7004402231192906,0.6446774917012308,2.4376462293938257
10.98,3.7004402231192906,0.7677650327631991,2.8069882068936955
10.99,3.7004402231192906,1.0143921725776646,2.4721227261335224
11.0,3.7004402231192906,0.9483737728991763,2.565640735018501
11.01,3.7004402231192906,0.8025387702892189,2.70387102602012
11.02,3.7004402231192906,0.7382578027969815,2.4925300809274233
11.03,3.7004402231192906,0.545058020117867,2.5137451027608666
11.040000000000001,3.7004402231192906,0.914793687281444,2.4599554394555123
11.05,3.7004402231192906,0.9623803589593508,2.4057307733472375
11.06,3.7004402231192906,1.028742409507856,2.4823620773674446
11.07,3.7004402231192906,1.1192641688926535,2.694422116907439
11.08,3.7004402231192906,1.1244352955960384,2.513833140263299
11.09,3.7004402231192906,1.385443245876543,2.4192105371029475
11.1,3.7004402231192906,1.1419121378012456,2.4536184900654763
11.11,3.7004402231192906,1.0647415706015229,2.442990686312894
11.120000000000001,3.7004402231192906,1.1828858781765565,2.5342284798658574
11.13,3.7004402231192906,0.7552444614904209,2.3803611762081562
11.14,3.7004402231192906,1.4085234147871912,2.4268888479550834
11.15,3.7004402231192906,1.6117537062901524,2.4190393536203825
11.16,3.7004402231192906,1.2550398689427684,2.2011469636118566
11.17,3.7004402231192906,1.2906921086351304,2.5860422827488967
11.18,3.7004402231192906,1.4310970157383156,2.4747944475603534
11.19,3.7004402231192906,1.584381484030348,2.517235182933506
11.200000000000001,3.7004402231192906,1.262058837453294,2.5612584302866708
11.21,3.7004402231192906,1.3381972828133013,2.351040280705324
11.22,3.7004402231192906,1.316731787375942,2.29719355650206
11.23,3.7004402231192906,1.4221812580773674,2.311474029391207
11.24,3.7004402231192906,1.3497635329745512,2.500621285635081
11.25,3.7004402231192906,1.4875426854203657,2.3662190004649273
11.26,3.7004402231192906,1.389685494392124,2.42265510085302
11.27,3.7004402231192906,1.2802259555703093,2.1192840826055925
11.28,3.7004402231192906,1.7454929940177313,2.043443697643886
11.290000000000001,3.7004402231192906,1.4085339758653794,2.282714690562944
11.3,3.7004402231192906,1.6246172929536395,2.0756034706628745
11.31,3.7004402231192906,1.573107996616042,2.331398039876345
11.32,3.7004402231192906,1.5297844833888714,2.125674532602304
11.33,3.7004402231192906,1.4037325341949287,2.2842547313862522
11.34,3.7004402231192906,1.5809718972941649,2.1874823006345205
11.35,3.7004402231192906,1.6566316965141143,2.273822811363343
11.36,3.7004402231192906,1.8959012068913945,2.1116433086220305
11.370000000000001,3.7004402231192906,1.2929549746091364,1.6482929649172464
11.38,3.7004402231192906,1.780475101209202,2.1126385854827543
11.39,3.7004402231192906,1.9374498840558303,1.8389312753913476
11.4,3.7004402231192906,1.8338092250165021,1.543345628749786
11.41,3.7004402231192906,1.8002890655520103,2.2138236309709827
11.42,3.7004402231192906,1.755003298837797,1.9844564459069385
11.43,3.7004402231192906,1.813180575164452,2.05197246119805
11.44,3.7004402231192906,1.7463653812024176,1.8003543910017468
11.450000000000001,3.7004402231192906,1.7607125962529193,1.9916941535096986
11.46,3.7004402231192906,1.7527337354234414,1.6729719500278222
11.47,3.7004402231192906,1.7686259658780459,2.0577278175382547
11.48,3.7004402231192906,2.1133370997288594,2.1432014170623743
11.49,3.7004402231192906,2.172732818631945,2.024291086692169
11.5,3.7004402231192906,1.8421886490888149,1.9164076535954115
11.51,3.7004402231192906,1.9438385772238258,1.6391588583725407
11.52,3.7004402231192906,2.0433388912390895,1.9386553130620485
11.53,3.7004402231192906,2.0279073642383576,1.8091897388135394
11.540000000000001,3.7004402231192906,2.009227783599262,1.8004077465146446
11.55,3.7004402231192906,2.589121998491086,1.8907164882079908
11.56,3.7004402231192906,2.1693718730362512,1.7866849533947369
11.57,3.7004402231192906,2.1843896337687276,2.018580030917982
11.58,3.7004402231192906,2.078912675165966,1.483273667103842
11.59,3.7004402231192906,2.3728081056661985,1.6442188133882445
11.6,3.7004402231192906,1.851222180360149,1.7473469366171235
11.61,3.7004402231192906,1.9230183385468804,1.523267760038132
11.620000000000001,3.7004402231192906,2.2681089202165428,1.8427083777609476
11.63,3.7004402231192906,2.1122610578646857,1.3915458046292486
11.64,3.7004402231192906,2.3852735891203642,1.1400868699423992
11.65,3.7004402231192906,2.071794007208673,2.0000170522746212
11.66,3.7004402231192906,2.207403179589372,1.4244184979866066
11.67,3.7004402231192906,2.1954803255935937,1.634235668906955
11.68,3.7004402231192906,2.185080768077061,1.6117177540276426
11.69,3.7004402231192906,2.212151785498847,1.359946142152764
11.700000000000001,3.7004402231192906,2.2082776175298906,1.5772002945466084
11.71,3.7004402231192906,2.480167178204216,0.8853494464502849
11.72,3.7004402231192906,1.9631866184856839,1.3000665202107193
11.73,3.7004402231192906,2.352583340841403,1.4229600569172052
11.74,3.7004402231192906,2.0409249420929743,1.233941991387544
11.75,3.7004402231192906,2.6660518910787,1.2557814276794401
11.76,3.7004402231192906,2.2821190415490946,1.2232436713520791
11.77,3.7004402231192906,2.4117591678302683,1.1534274308283174
11.78,3.7004402231192906,2.3444956043803873,0.8642752131472118
11.790000000000001,3.7004402231192906,2.227931835785627,1.0740710321422178
11.8,3.7004402231192906,2.4555263747248226,1.3382873351878837
11.81,3.7004402231192906,2.2872493817107555,1.0601673593786682
11.82,3.7004402231192906,2.4145845458141637,1.793794738406191
11.83,3.7004402231192906,1.9199054405751417,0.9835655427586385
11.84,3.7004402231192906,2.2493301670519266,1.066319449754852
11.85,3.7004402231192906,2.192204524739333,1.0511147328715444
11.86,3.7004402231192906,2.5855157600942618,0.8829676247538949
11.870000000000001,3.7004402231192906,2.6801208850421605,0.9453256719074984
11.88,3.7004402231192906,2.3154599945942533,0.8107659335652508
11.89,3.7004402231192906,2.5778744422760833,1.304434226026881
11.9,3.7004402231192906,2.735779689233234,1.1473159942344031
11.91,3.7004402231192906,2.230253390684432,0.9977442539501775
11.92,3.7004402231192906,2.8446432872645344,0.8830968116210124
11.93,3.7004402231192906,2.720462745683903,0.8639487151436291
11.94,3.7004402231192906,2.5137203591352772,0.911174074044753
11.950000000000001,3.7004402231192906,2.690437270445851,1.0210546963005833
11.96,3.7004402231192906,2.7538134444373803,1.2500821457962894
11.97,3.7004402231192906,2.227033902078854,0.9259794017313843
11.98,3.7004402231192906,2.55438827607525,0.6768265242209582
11.99,3.7004402231192906,2.755592500801952,0.7852187853876823
12.0,3.7004402231192906,2.4654169286835264,0.7074033129437352
12.01,3.7004402231192906,2.5619369676610777,0.7547717642592345
12.02,3.7004402231192906,2.5167963761715235,0.9834139834031479
12.030000000000001,3.7004402231192906,2.566043435273432,0.6763061582135476
12.040000000000001,3.7004402231192906,2.413144662767686,0.7653257475581365
12.05,3.7004402231192906,2.9278445744922945,0.9067262575054482
12.06,3.7004402231192906,2.6732390392742365,0.8706369296977289
12.07,3.7004402231192906,2.326786657830335,0.8241274624845834
12.08,3.7004402231192906,2.664186377621103,0.5218914948618679
12.09,3.7004402231192906,2.6583300290754677,0.5182707428786852
12.1,3.7004402231192906,2.377825804601783,0.2834807503555612
12.11,3.7004402231192906,2.640215422452125,0.6144795216817596
12.120000000000001,3.7004402231192906,2.706223122947976,0.5858286345636474
12.13,3.7004402231192906,3.0404260653857156,0.3842291842157502
12.14,3.7004402231192906,2.8746558571226952,0.3398556848118251
12.15,3.7004402231192906,2.671336281254373,0.42222006876646634
12.16,3.7004402231192906,2.786601477562533,0.679202774150639
12.17,3.7004402231192906,2.7913563582687324,0.33291961322699454
12.18,3.7004402231192906,2.5211847408439696,0.19579585202367708
12.19,3.7004402231192906,2.7960412424210856,0.07792306792561632
12.200000000000001,3.7004402231192906,2.7548206470091787,0.6467935066077914
12.21,3.7004402231192906,2.2880427198680455,0.07098517620130876
12.22,3.7004402231192906,2.678162429531052,0.10109808180338709
12.23,3.7004402231192906,2.7067604184378453,0.5888616125746353
12.24,3.7004402231192906,2.5205741867377225,0.10230521829180184
12.25,3.7004402231192906,2.4021959763051077,0.21462191150956636
12.26,3.7004402231192906,2.7373540665547127,0.2739074447854653
12.27,3.7004402231192906,3.115906054029618,0.11054463766215444
12.280000000000001,3.7004402231192906,2.8955238300125896,-0.006023270973454148
12.290000000000001,3.7004402231192906,2.7812872194228695,-0.0017423884285400204
12.3,3.7004402231192906,3.1687649332838763,0.5431817694977432
12.31,3.7004402231192906,2.7316745263791566,0.012753739533099911
12.32,3.7004402231192906,2.9792260095512675,2.950779138895243e-05
12.33,3.7004402231192906,2.862193774641054,0.23301352137672754
12.34,3.7004402231192906,2.606760952148493,-0.521921548493834
12.35,3.7004402231192906,2.897953505800167,0.0445450722895499
12.36,3.7004402231192906,2.4811689455401087,0.24104244579552572
12.370000000000001,3.7004402231192906,2.8451614684334845,-0.0534431281747621
12.38,3.7004402231192906,2.699495241165431,0.09488251125756438
12.39,3.7004402231192906,2.768334470150414,-0.372666799996058
12.4,3.7004402231192906,2.8789120666348214,0.03884118531864374
12.41,3.7004402231192906,3.06338875154942,0.017474176648395276
12.42,3.7004402231192906,2.827992463305843,0.14119772649347556
12.43,3.7004402231192906,2.5262590543492873,-0.1775467946225822
12.44,3.7004402231192906,2.917382654117099,-0.17108615807276656
12.450000000000001,3.7004402231192906,2.405779670649783,-0.061998087191138945
12.46,3.7004402231192906,2.913246380595472,-0.29312705772550335
12.47,3.7004402231192906,2.4774858481305007,0.1891264107550677
12.48,3.7004402231192906,2.6307724667845185,-0.07571961905306326
12.49,3.7004402231192906,2.877845805685296,0.1979867691425217
12.5,3.7004402231192906,2.6892197673918665,-0.6169824245841227
12.51,3.7004402231192906,2.852415194250363,-0.36249717311933427
12.52,3.7004402231192906,2.530160481664338,-0.1096867098414912
12.530000000000001,3.7004402231192906,2.541612559947423,-0.36552144260645475
12.540000000000001,3.7004402231192906,2.644796004010648,-0.3395825246363442
12.55,3.7004402231192906,3.107461160904723,-0.39415801903280223
12.56,3.7004402231192906,2.823697855814292,-0.36574511079502686
12.57,3.7004402231192906,3.216152462993529,-0.05783858326492952
12.58,3.7004402231192906,2.774019413756804,0.015769727246916554
12.59,3.7004402231192906,2.8920390242860097,-0.20146395379465007
12.6,3.7004402231192906,2.6065422578289112,-0.42215496517649
12.61,3.7004402231192906,2.8406358015802913,-0.3457279902158379
12.620000000000001,3.7004402231192906,3.13749202455609,-0.6040882263098197
12.63,3.7004402231192906,2.5588614318889524,-0.700308514735239
12.64,3.7004402231192906,2.6700470955372233,-0.32518479301229686
12.65,3.7004402231192906,2.7660547348444595,-0.16859705045866752
12.66,3.7004402231192906,2.8273883699813624,-0.5733830175618477
12.67,3.7004402231192906,2.515838931353055,-0.5801618864323979
12.68,3.7004402231192906,2.5931950480504353,-0.37805751502711493
12.69,3.7004402231192906,2.7716544205171756,-0.721876953365278
12.700000000000001,3.7004402231192906,2.3543968766557644,-0.40720844491576763
12.71,3.7004402231192906,2.502168361261825,-0.6078341383738691
12.72,3.7004402231192906,2.6194457346250926,0.061601242811545665
12.73,3.7004402231192906,2.795193415022229,-0.4012715425979768
12.74,3.7004402231192906,2.627766050713617,-0.33322084501822724
12.75,3.7004402231192906,2.682566851168742,-0.5400395981322738
12.76,3.7004402231192906,2.84622851694126,-0.7590806666447988
12.77,3.7004402231192906,2.549636551919357,-0.5496276581570225
12.780000000000001,3.7004402231192906,2.727650888766166,-0.42949882865113065
12.790000000000001,3.7004402231192906,2.5649031815750916,-0.468341437942224
12.8,3.7004402231192906,2.5160242021636003,-0.5237379347450457
12.81,3.7004402231192906,2.2016358686471165,-0.7940181021577224
12.82,3.7004402231192906,2.1934574443204373,-0.6726151879839871
12.83,3.7004402231192906,2.550551565210946,-0.9326874044346938
12.84,3.7004402231192906,2.2328787675152313,-0.43068099625869105
12.85,3.7004402231192906,2.533463336892253,-0.5857941525371111
12.86,3.7004402231192906,2.793069297446188,-0.6644009366227192
12.870000000000001,3.7004402231192906,2.4784389505565754,-0.9366792844553298
12.88,3.7004402231192906,2.3683140150158097,-0.5400542235851497
12.89,3.7004402231192906,2.7178812642953165,-0.9475332312091052
12.9,3.7004402231192906,2.619198897531388,-0.7883892426371372
12.91,3.7004402231192906,2.379914880690806,-0.723379481009268
12.92,3.7004402231192906,2.9113305606337274,-0.6302271741131016
12.93,3.7004402231192906,2.4138509962474832,-0.7034662208558028
12.94,3.7004402231192906,2.638990000244678,-0.6617666287329516
12.950000000000001,3.7004402231192906,2.4801357828830186,-0.737726270156084
12.96,3.7004402231192906,2.563754024495323,-0.5517769701227205
12.97,3.7004402231192906,2.1905577402904166,-0.6003744856133018
12.98,3.7004402231192906,2.131548021862969,-0.7419583957841516
12.99,3.7004402231192906,2.5203038000991533,-0.2847532968987405
13.0,3.7004402231192906,2.335083189226783,-0.988063401396936
13.01,3.7004402231192906,2.490956112241302,-1.1217568522446537
13.02,3.7004402231192906,2.5812136370215155,-0.6527540238469653
13.030000000000001,3.7004402231192906,2.4446560802481856,-0.6653877719141683
13.040000000000001,3.7004402231192906,2.736893693885619,-0.700835785912615
13.05,3.7004402231192906,2.247363114415568,-0.8869508388833426
13.06,3.7004402231192906,2.4142678282917047,-0.864096581783063
13.07,3.7004402231192906,2.3892086407421456,-0.4909269077196592
13.08,3.7004402231192906,2.5084895739881823,-0.7903969489418063
13.09,3.7004402231192906,2.3117404558736983,-0.9684893147711165
13.1,3.7004402231192906,2.3232615453855723,-0.4136135437752603
13.11,3.7004402231192906,2.188825198913126,-0.5937180772621737
13.120000000000001,3.7004402231192906,2.1936404663698164,-0.768052077001092
13.13,3.7004402231192906,2.2414696301886976,-0.5382013708867617
13.14,3.7004402231192906,2.33867779219595,-0.7912948218643707
13.15,3.7004402231192906,2.5100179697170684,-0.47853026819057626
13.16,3.7004402231192906,2.5149760610651235,-1.1957441477328974
13.17,3.7004402231192906,2.5729333190768235,-1.0750735215130436
13.18,3.7004402231192906,2.22059723887995,-0.9572457651024624
13.19,3.7004402231192906,2.387361216837251,-0.43882218604801676
13.200000000000001,3.7004402231192906,2.0741649217932094,-0.8237655588182926
13.21,3.7004402231192906,2.232024809538987,-0.6038594524116176
13.22,3.7004402231192906,2.378936788043113,-0.7832465246926406
13.23,3.7004402231192906,2.3884441175896503,-0.9961744369754384
13.24,3.7004402231192906,2.199923258690903,-0.4490673765616443
13.25,3.7004402231192906,2.3333836272319552,-1.3660708999002116
13.26,3.7004402231192906,2.529583766808439,-0.7495108403447257
13.27,3.7004402231192906,2.27445367064548,-0.933559082736182
13.280000000000001,3.7004402231192906,2.0442571716934648,-0.539942922491903
13.290000000000001,3.7004402231192906,2.090314699351912,-0.2136199475954641
13.3,3.7004402231192906,2.2772886922083284,-0.8270057953884378
13.31,3.7004402231192906,2.383653719416559,-1.1190852755115812
13.32,3.7004402231192906,1.8905125241823135,-1.093333277954216
13.33,3.7004402231192906,2.1866592633182975,-1.0171969012892692
13.34,3.7004402231192906,2.291107377460423,-0.719584810755312
13.35,3.7004402231192906,2.5316704660328444,-0.7868009110598368
13.36,3.7004402231192906,2.1114968587198493,-0.8255875785247947
13.370000000000001,3.7004402231192906,2.3288052166247217,-0.6694466688088307
13.38,3.7004402231192906,2.4067442069042295,-0.6844422936789221
13.39,3.7004402231192906,2.08442726654519,-0.7720522706994734
13.4,3.7004402231192906,1.957408046986248,-0.6333625533154507
13.41,3.7004402231192906,1.9787579026676043,-0.44692400967801404
13.42,3.7004402231192906,2.3296460875314655,-0.97181410261532
13.43,3.7004402231192906,2.1620786042504103,-0.7596716813485359
13.44,3.7004402231192906,2.0928712073746745,-0.3992035420657497
13.450000000000001,3.7004402231192906,1.876578121516914,-1.1750416573273417
13.46,3.7004402231192906,1.9893409817968748,-0.8512113449883171
13.47,3.7004402231192906,1.945376274246029,-0.5898907805521962
13.48,3.7004402231192906,2.072050004948885,-0.860182102078984
13.49,3.7004402231192906,1.8300533785928266,-0.7394924436834424
13.5,3.7004402231192906,1.9291342416987443,-0.7909619862922336
13.51,3.7004402231192906,2.2938928962611844,-0.6158498249460508
13.52,3.7004402231192906,2.209005406980695,-0.4983617062157019
13.530000000000001,3.7004402231192906,1.643394790428968,-0.7621343497365329
13.540000000000001,3.7004402231192906,2.370719710941392,-0.6967855214939132
13.55,3.7004402231192906,2.3049575836856677,-0.9034905150791797
13.56,3.7004402231192906,2.44889024522554,-0.4371202982932603
13.57,3.7004402231192906,2.126935315150435,-0.8504007610136943
13.58,3.7004402231192906,1.8492500763577284,-0.7953057040075598
13.59,3.7004402231192906,1.8935150937967489,-0.7247496280118857
13.6,3.7004402231192906,2.2476391719258997,-0.6616860765587572
13.61,3.7004402231192906,2.3136522002893276,-0.8750084276870334
13.620000000000001,3.7004402231192906,2.1319070445181083,-0.6016401059084922
13.63,3.7004402231192906,2.0028207272225593,-0.6714133067313072
13.64,3.7004402231192906,1.9784895238145601,-0.31358106821792375
13.65,3.7004402231192906,1.702360514887312,-0.5648157359556595
13.66,3.7004402231192906,2.341856675742309,-0.660135563557052
13.67,3.7004402231192906,2.1968217804783943,-0.7856417339001378
13.68,3.7004402231192906,1.971036374034268,-0.6621696934832795
13.69,3.7004402231192906,1.516768246475066,-1.07236288974004
13.700000000000001,3.7004402231192906,1.915241594694606,-0.8185923233385706
13.71,3.7004402231192906,1.4767415475889822,-0.691201222385445
13.72,3.7004402231192906,1.9692142621065023,-0.4135586858899427
13.73,3.7004402231192906,1.6453909145821013,-1.034095624581417
13.74,3.7004402231192906,1.887913418333215,-0.587888604315801
13.75,3.7004402231192906,1.7124302408499512,-0.7132233828882044
13.76,3.7004402231192906,1.8159237613310548,-0.4373933269595587
13.77,3.7004402231192906,1.8900530007579737,-0.8045211574293947
13.780000000000001,3.7004402231192906,2.211883744473799,-0.4425233669626007
13.790000000000001,3.7004402231192906,2.3023411540027925,-0.7888833425616889
13.8,3.7004402231192906,2.0504061183791795,-0.6924818757282973
13.81,3.7004402231192906,1.3636650904393672,-0.6277862323838912
13.82,3.7004402231192906,1.9803111010955747,-1.2685427097966948
13.83,3.7004402231192906,1.7632016227826424,-0.5289866133945202
13.84,3.7004402231192906,1.98817462191608,-0.6122772410844247
13.85,3.7004402231192906,1.6926962705075557,-0.4446807394680615
13.86,3.7004402231192906,2.0617179816638926,-0.47563403696566475
13.870000000000001,3.7004402231192906,1.4238490267019537,-0.6924833082231263
13.88,3.7004402231192906,1.8529344728368764,-0.5434431220208329
13.89,3.7004402231192906,1.9277720117289436,-0.6589827474145545
13.9,3.7004402231192906,2.0879852946170785,-0.5963268911183371
13.91,3.7004402231192906,2.119225380359946,-0.3208589596026379
13.92,3.7004402231192906,1.9593392004967882,-0.32329054304306587
13.93,3.7004402231192906,1.6259116031866996,-0.5118492129960925
13.94,3.7004402231192906,1.6899140222616638,-0.6230218120431203
13.950000000000001,3.7004402231192906,2.121494046054891,-0.35537186988826674
13.96,3.7004402231192906,1.5464303448763883,-0.4526234627772811
13.97,3.7004402231192906,2.1027641185863057,-0.7446788500370164
13.98,3.7004402231192906,2.064106241781303,-0.8882696061598858
13.99,3.7004402231192906,1.5811780717041002,-0.543872702246679
14.0,3.7004402231192906,1.6613267395110363,-0.6835044598368408
14.01,3.7004402231192906,1.7287143051943947,-0.5085755777846331
14.02,3.7004402231192906,2.2915407405949217,-0.7999200497477044
14.030000000000001,3.7004402231192906,2.0579444218691676,-0.3199728536548203
14.040000000000001,3.7004402231192906,1.8365588794287926,-0.37841149255887807
14.05,3.7004402231192906,1.9667419051649513,-0.35295686418619465
14.06,3.7004402231192906,1.439575853531531,-0.09725959445509091
14.07,3.7004402231192906,1.5979900977158306,-0.38076137604805793
14.08,3.7004402231192906,1.900230231724669,-0.6887491687327951
14.09,3.7004402231192906,1.6255139873573075,-0.18439945102127342
14.1,3.7004402231192906,1.596708970208677,-0.4261911662632188
14.11,3.7004402231192906,1.43860167094729,-0.6663249307443981
14.120000000000001,3.7004402231192906,1.8375019606376533,-0.20499320363226448
14.13,3.7004402231192906,1.7924792366631035,-0.27760072843067196
14.14,3.7004402231192906,1.7786159755637494,-0.3586104559746238
14.15,3.7004402231192906,1.9952693212797978,-0.6545088323991397
14.16,3.7004402231192906,1.8757998537707334,-0.33309502891625015
14.17,3.7004402231192906,1.7308315484704253,-0.4955422130095627
14.18,3.7004402231192906,1.6894066866796997,-0.5241034906543002
14.19,3.7004402231192906,1.9045362901367908,-0.57404346102474
14.200000000000001,3.7004402231192906,1.6570031895782218,-0.5137644008198858
14.21,3.7004402231192906,1.65883594979992,-0.01722047762457668
14.22,3.7004402231192906,1.6083444470596142,-0.4025972337692248
14.23,3.7004402231192906,1.4226408208508154,0.0414938178129145
14.24,3.7004402231192906,1.7645872573613162,-0.2968631791847482
14.25,3.7004402231192906,1.8285090524288348,-0.2054420553252816
14.26,3.7004402231192906,1.5920649569822662,-0.5638795310596392
14.27,3.7004402231192906,1.7461882113567195,-0.49380815224495567
14.280000000000001,3.7004402231192906,1.4765637456089364,-0.2864481262817836
14.290000000000001,3.7004402231192906,1.712233877754951,-0.12160265968795314
14.3,3.7004402231192906,1.6904454608997097,-0.4153920936265011
14.31,3.7004402231192906,1.8469542138586243,-0.3902801921791852
14.32,3.7004402231192906,1.5080218093709907,-0.0908983361769618
14.33,3.7004402231192906,1.489136704613642,-0.4084073315929334
14.34,3.7004402231192906,1.6781618162431837,-0.20628962114007002
14.35,3.7004402231192906,1.7700330658133814,-0.12686134779274844
14.36,3.7004402231192906,1.5670696969087143,-0.10944046013202624
14.370000000000001,3.7004402231192906,1.6394353949963807,-0.27254371469065136
14.38,3.7004402231192906,1.170260098558392,-0.16278225631111715
14.39,3.7004402231192906,1.710223258356615,-0.18813388912422585
14.4,3.7004402231192906,1.3708140859384281,-0.20704769656810357
14.41,3.7004402231192906,1.9661893019688093,-0.18112363380402885
14.42,3.7004402231192906,1.5288476398868953,-0.009971044529001744
14.43,3.7004402231192906,1.298085684893616,-0.32379963970853
14.44,3.7004402231192906,1.8206858531254526,-0.002697590508412756
14.450000000000001,3.7004402231192906,1.4081888612805833,-0.4181051898396059
14.46,3.7004402231192906,1.6099769801028192,-0.12179847351373009
14.47,3.7004402231192906,1.740512730253415,-0.34413703661376976
14.48,3.7004402231192906,1.6918593444050487,-0.10432422065314031
14.49,3.7004402231192906,1.3551438616914386,-0.011596974535152266
14.5,3.7004402231192906,1.3148510506610993,-0.1528546678840671
14.51,3.7004402231192906,1.302486377246733,-0.10870644091248015
14.52,3.7004402231192906,1.6001486068185358,-0.28088299744787076
14.530000000000001,3.7004402231192906,1.559819113997052,-0.12502817899916993
14.540000000000001,3.7004402231192906,1.4262369435742028,0.23971531115031008
14.55,3.7004402231192906,1.6459644064381491,-0.007651924210658204
14.56,3.7004402231192906,1.828000255759599,0.12963885124379143
14.57,3.7004402231192906,1.7825077310345274,-0.2374822851631452
14.58,3.7004402231192906,1.6501873320345337,-0.2203325253501993
14.59,3.7004402231192906,1.4966442082307923,-0.13944139988115684
14.6,3.7004402231192906,1.5680988286613329,0.02337560458301366
14.61,3.7004402231192906,2.055747949130212,-0.3316806353065747
14.620000000000001,3.7004402231192906,1.5771393761538328,-0.14011950038657212
14.63,3.7004402231192906,1.5627776778742448,0.07387305945100672
14.64,3.7004402231192906,1.4723518108688218,-0.0730012013070023
14.65,3.7004402231192906,1.9013826560628166,0.1704675869762775
14.66,3.7004402231192906,1.6342311352189471,0.25753404591339074
14.67,3.7004402231192906,1.4547596601301542,-0.3136151204538513
14.68,3.7004402231192906,1.7900498012309132,-0.07883758672449723
14.69,3.7004402231192906,1.8096120122744943,-0.17980352996864396
14.700000000000001,3.7004402231192906,1.7143483956442516,-0.06496156605088435
14.71,3.7004402231192906,1.4421108307427466,-0.01453910813280606
14.72,3.7004402231192906,1.7481304892822704,-0.12364820673552658
14.73,3.7004402231192906,1.6789578164087946,-0.08678323163437517
14.74,3.7004402231192906,1.8405985098721485,0.194424124339077
14.75,3.7004402231192906,1.0989878221467797,-0.13745557528259228
14.76,3.7004402231192906,1.4142982467472427,0.11138465740296957
14.77,3.7004402231192906,1.547834975033294,0.10135007478083752
14.780000000000001,3.7004402231192906,1.558331069720604,-0.12635457784430726
14.790000000000001,3.7004402231192906,1.6203202666238112,-0.05935514068322975
14.8,3.7004402231192906,1.7192654636368132,-0.168705391766521
14.81,3.7004402231192906,1.7313157989480845,0.06637347075595766
14.82,3.7004402231192906,1.5583873419504564,-0.12623889381840667
14.83,3.7004402231192906,1.5353546696916733,-0.19467376008045378
14.84,3.7004402231192906,1.807698385395312,-0.14969638916441705
14.85,3.7004402231192906,1.6082325464618106,0.3115440661124452
14.86,3.7004402231192906,1.3994249111474573,0.5139187565164994
14.870000000000001,3.7004402231192906,1.2254158795213277,-0.2162951707231664
14.88,3.7004402231192906,1.6296522341924433,-0.2113030117585996
14.89,3.7004402231192906,1.6502953646520666,0.747457118700751
14.9,3.7004402231192906,1.8887894908443474,0.20986430158663716
14.91,3.7004402231192906,1.0821787544278754,0.1815762416770313
14.92,3.7004402231192906,1.1845893205347553,0.20930072649049433
14.93,3.7004402231192906,1.8015899709749794,0.08744300323863527
14.94,3.7004402231192906,1.5170596481066787,0.23173839044628872
14.950000000000001,3.7004402231192906,1.313744194766684,0.07440490881970888
14.96,3.7004402231192906,1.2750857329456742,0.2821982268792126
14.97,3.7004402231192906,1.7088817935553875,-0.03861250760625322
14.98,3.7004402231192906,1.2445224067632141,-0.06102095791605758
14.99,3.7004402231192906,1.533181578066846,0.3959068549964422
15.0,3.7004402231192906,1.7691960417780244,0.3471862133095942
15.01,3.7004402231192906,1.4490888219217994,0.3341173111190566
15.02,3.7004402231192906,1.4192643742869024,0.21701061896767943
15.030000000000001,3.7004402231192906,1.675933788913155,0.1799003011322851
15.040000000000001,3.7004402231192906,1.5965977466190844,0.45139127745689356
15.05,3.7004402231192906,1.3457652046236106,0.38133279687559185
15.06,3.7004402231192906,1.4592821913656182,0.04282126955833239
15.07,3.7004402231192906,1.6502828691311968,0.31853579664698617
15.08,3.7004402231192906,1.6318911163640828,0.10368107197219216
15.09,3.7004402231192906,1.6904355989785862,0.22960957444151686
15.1,3.7004402231192906,1.2222464676861255,0.33792964882648213
15.11,3.7004402231192906,1.2552193167471026,0.2783772649592582
15.120000000000001,3.7004402231192906,1.5112295839967012,0.2715309861734912
15.13,3.7004402231192906,1.4165634811991958,0.03067965450578916
15.14,3.7004402231192906,1.4278297404818336,0.13827059631946115
15.15,3.7004402231192906,2.021998241656769,-0.10608307348346147
15.16,3.7004402231192906,1.9308616690567886,-0.035216533750982215
15.17,3.7004402231192906,1.8189092673218885,0.2927942347572717
15.18,3.7004402231192906,1.609980864277077,-0.008551825737742325
15.19,3.7004402231192906,1.1965456190285002,0.2743108813299784
15.200000000000001,3.7004402231192906,1.8431969560429384,0.42183997731943546
15.21,3.7004402231192906,1.6771387801862379,0.18627431368573005
15.22,3.7004402231192906,1.6329599394302101,-0.016660107947925662
15.23,3.7004402231192906,1.194160128515044,-0.22101260062085604
15.24,3.7004402231192906,1.2553090059809473,-0.0736429072177944
15.25,3.7004402231192906,2.007292199659045,0.28001384283027314
15.26,3.7004402231192906,1.7641452451033228,-0.08138262438708152
15.27,3.7004402231192906,1.6242574156248768,0.35062373440659844
15.280000000000001,3.7004402231192906,1.8699111928477468,0.21768808397871997
15.290000000000001,3.7004402231192906,1.7797636353184272,0.25068575433698836
15.3,3.7004402231192906,1.3188983438726278,0.4978307167443654
15.31,3.7004402231192906,1.6886288324572498,0.28704255082242847
15.32,3.7004402231192906,1.2574615049544176,0.2957008599783451
15.33,3.7004402231192906,1.7200918094503659,0.14312369773636968
15.34,3.7004402231192906,2.082770553617424,0.20050749087255731
15.35,3.7004402231192906,1.8038017292569424,0.19202803737607527
15.36,3.7004402231192906,1.3045894284122117,0.02712519958893822
15.370000000000001,3.7004402231192906,1.3705948560537315,0.19690868331769387
15.38,3.7004402231192906,1.4949071570778103,0.1960352877406303
15.39,3.7004402231192906,1.5795540906373025,0.3140587002823137
15.4,3.7004402231192906,1.432828194544868,0.14025065593496525
15.41,3.7004402231192906,1.957765822798391,0.45967253323895185
15.42,3.7004402231192906,1.9049382710915495,0.06786686674689368
15.43,3.7004402231192906,1.6642650921427349,-0.11557914439794056
15.44,3.7004402231192906,1.7486113602434783,0.7168367127501564
15.450000000000001,3.7004402231192906,1.7883634589295263,-0.08818110387988787
15.46,3.7004402231192906,1.9106042006936914,0.35546642522476346
15.47,3.7004402231192906,1.420610244972476,0.43138201235230117
15.48,3.7004402231192906,1.6607739459601008,0.08118205891150507
15.49,3.7004402231192906,1.7209563178072897,0.035966624129867425
15.5,3.7004402231192906,1.5755202989512447,-0.03436600432032022
15.51,3.7004402231192906,1.5700966625193498,0.5026620059126631
15.52,3.7004402231192906,1.9732994413997926,0.3921380695156076
15.530000000000001,3.7004402231192906,1.9540521160555318,0.21678555965807123
15.540000000000001,3.7004402231192906,1.8639668206003666,0.24573205726580982
15.55,3.7004402231192906,1.8360288106555602,0.2290275411761046
15.56,3.7004402231192906,1.6907101135240434,0.19071548297405747
15.57,3.7004402231192906,1.80117273040753,0.036175433405899154
15.58,3.7004402231192906,1.7480648800836307,0.2796076973061321
15.59,3.7004402231192906,1.8656003441213822,0.46640160451054347
15.6,3.7004402231192906,1.5716187748123869,0.5143471528295162
15.610000000000001,3.7004402231192906,1.7671961640071723,0.1456859297030983
15.620000000000001,3.7004402231192906,1.3764493641743565,0.3183302660231131
15.63,3.7004402231192906,1.5648811842265953,0.4180021654076311
15.64,3.7004402231192906,1.8903455994770348,0.5592875505485895
15.65,3.7004402231192906,1.6722028042463106,-0.02483219175732343
15.66,3.7004402231192906,1.8408985654116834,-0.07323756027211578
15.67,3.7004402231192906,1.7318252937482397,0.20068508041820315
15.68,3.7004402231192906,2.065860061152719,0.27373040036796387
15.69,3.7004402231192906,1.8900964594232093,0.21806021810510523
15.700000000000001,3.7004402231192906,1.6501119425348172,0.3034488193863796
15.71,3.7004402231192906,1.6148364393725627,0.39529426223533315
15.72,3.7004402231192906,1.7288101391884687,0.5849570904957814
15.73,3.7004402231192906,1.8107908082776722,0.10991445096872421
15.74,3.7004402231192906,1.6157095480979147,0.19492904036970715
15.75,3.7004402231192906,1.6282566331365922,0.11828532426617831
15.76,3.7004402231192906,1.7772858516355972,0.36353450689547334
15.77,3.7004402231192906,1.9460458244962258,0.22163385650555234
15.780000000000001,3.7004402231192906,1.8604232858392387,0.5028876667995694
15.790000000000001,3.7004402231192906,1.4695069985874765,0.36424143422734895
15.8,3.7004402231192906,1.5071904196686126,0.3091006851351661
15.81,3.7004402231192906,1.7695365457260164,-0.016612958064339406
15.82,3.7004402231192906,1.626788501934949,0.5836487117768464
15.83,3.7004402231192906,1.560670226672809,0.2086546787900674
15.84,3.7004402231192906,2.065122795437715,0.20901355820286593
15.85,3.7004402231192906,1.8036975417643653,0.09253580416854942
15.860000000000001,3.7004402231192906,2.0743673754217524,0.09427409974587789
15.870000000000001,3.7004402231192906,2.1406069773647167,0.43540261435079164
15.88,3.7004402231192906,1.8010992238387968,0.461259217466192
15.89,3.7004402231192906,1.9675811792607831,0.21085028525198052
15.9,3.7004402231192906,1.9510311347607074,0.09909212303134146
15.91,3.7004402231192906,1.9958054906674543,0.2879900089265133
15.92,3.7004402231192906,2.04123301133607,0.27384728135209413
15.93,3.7004402231192906,1.8787296147643628,0.23726658559549957
15.94,3.7004402231192906,1.6194050419849988,0.25859835284722443
15.950000000000001,3.7004402231192906,1.7286457089803222,0.2759241388390799
15.96,3.7004402231192906,2.1746483135789654,0.17400695583603554
15.97,3.7004402231192906,1.461070894629945,0.2871040634906229
15.98,3.7004402231192906,1.6712850882115482,-0.09452172326081298
15.99,3.7004402231192906,1.9905153908331634,0.48110904756213835
16.0,3.7004402231192906,1.7396089798861807,0.20865081005505826
16.01,3.7004402231192906,1.9358265661934357,0.2637549839872748
16.02,3.7004402231192906,1.5466232381578862,0.08180223293736996
16.03,3.7004402231192906,1.937658103231747,0.1675896245794513
16.04,3.7004402231192906,1.6581760641368832,0.3435719246446787
16.05,3.7004402231192906,2.0442551756627543,0.17340504498995882
16.06,3.7004402231192906,2.153196981483003,-0.1624075855700127
16.07,3.7004402231192906,1.3522398298360203,-0.11987849973133352
16.080000000000002,3.7004402231192906,2.1939617406598044,0.17821687929625946
16.09,3.7004402231192906,1.864976636602733,0.45211483463546837
16.1,3.7004402231192906,1.9702590704892329,0.08850591478934752
16.11,3.7004402231192906,1.6430663846597937,0.13054649178715072
16.12,3.7004402231192906,1.4105298852253914,0.1974005784323182
16.13,3.7004402231192906,1.7192836225808177,-0.003690875412801803
16.14,3.7004402231192906,2.1027501683177547,0.18438341556663004
16.15,3.7004402231192906,1.8914764363330792,-0.21263790866685636
16.16,3.7004402231192906,2.07330270837668,0.5419261877248339
16.17,3.7004402231192906,1.908036490371615,0.20792727731662786
16.18,3.7004402231192906,1.6202217804656496,0.08443485919418453
16.19,3.7004402231192906,1.7595321495234137,0.2277413966503276
16.2,3.7004402231192906,2.012534524500217,0.3913637294218774
16.21,3.7004402231192906,1.6249201499620218,0.6152690884873819
16.22,3.7004402231192906,1.7954436771661506,0.431637272410891
16.23,3.7004402231192906,1.7045670487429034,0.0579141745777669
16.240000000000002,3.7004402231192906,1.686903799986579,0.032933943221798295
16.25,3.7004402231192906,1.7666442040579158,0.3449400675993256
16.26,3.7004402231192906,1.8034763765640998,0.34723001808150356
16.27,3.7004402231192906,1.709355563358079,0.34117465740076014
16.28,3.7004402231192906,1.7531299649252137,0.192460796441571
16.29,3.7004402231192906,1.7798571707817454,0.18539342582998478
16.3,3.7004402231192906,1.997930319529077,0.13769895980874264
16.31,3.7004402231192906,1.6865160022002161,0.3248432512873862
16.32,3.7004402231192906,2.141394118129688,0.42009409367592354
16.330000000000002,3.7004402231192906,1.438337256170303,0.19138363026354205
16.34,3.7004402231192906,2.1223383012246253,0.38653854541161115
16.35,3.7004402231192906,1.713525645777516,0.3163830468434572
16.36,3.7004402231192906,1.9229384147173119,0.4181295237600011
16.37,3.7004402231192906,2.04971883872514,-0.09578956494300678
16.38,3.7004402231192906,2.0608299560570464,-0.23951929569913905
16.39,3.7004402231192906,1.9413546710697125,0.13819985523288023
16.4,3.7004402231192906,1.487498362557504,0.541448252239797
16.41,3.7004402231192906,1.748768643194613,0.0517671516771778
16.42,3.7004402231192906,2.0026693417787227,0.4947433611265959
16.43,3.7004402231192906,2.024884879924829,0.062148138450972154
16.44,3.7004402231192906,1.6489785988148642,0.023135995310541557
16.45,3.7004402231192906,2.2010094691744406,0.2864695953699098
16.46,3.7004402231192906,1.9509673354582895,0.2541551656874726
16.47,3.7004402231192906,1.9108066748243766,0.1542617698840607
16.48,3.7004402231192906,1.9032003347862443,0.14198268872935693
16.490000000000002,3.7004402231192906,1.7927155293294494,0.008026723398063373
16.5,3.7004402231192906,1.9210791544155985,-0.08232552230924987
16.51,3.7004402231192906,2.1299180306267944,0.014031861722880401
16.52,3.7004402231192906,2.060820592631709,0.035608191725863575
16.53,3.7004402231192906,1.660370051754909,-0.10461240373810309
16.54,3.7004402231192906,2.136864213821288,-0.26776474306741815
16.55,3.7004402231192906,1.8045811810220658,-0.11838119529939646
16.56,3.7004402231192906,1.6050368790909255,0.21991960420635093
16.57,3.7004402231192906,2.1367601533390013,0.023492570770979743
16.580000000000002,3.7004402231192906,2.182924686256997,0.012553315031408663
16.59,3.7004402231192906,1.9619950776922814,0.2331999607888686
16.6,3.7004402231192906,2.368258754788734,-0.218465717377785
16.61,3.7004402231192906,2.1522283659617583,0.27135757914589625
16.62,3.7004402231192906,2.0864197208522604,0.12969564697351516
16.63,3.7004402231192906,1.8617580284831294,-0.21607390142163288
16.64,3.7004402231192906,2.16959074008086,0.05603721305264908
16.65,3.7004402231192906,1.9898763203770238,0.02520426412005495
16.66,3.7004402231192906,1.8465848572960246,0.04687621532328416
16.67,3.7004402231192906,1.912362756373315,0.3552373355627504
16.68,3.7004402231192906,1.9668596662665374,-0.31997848284127367
16.69,3.7004402231192906,2.1458161735249957,-0.45708660904914905
16.7,3.7004402231192906,1.8826436523693766,-0.1597716262201447
16.71,3.7004402231192906,2.085619640905937,0.3944884247545326
16.72,3.7004402231192906,2.189779428688273,0.03484532012362857
16.73,3.7004402231192906,1.8953537591682603,0.07998067631099647
16.740000000000002,3.7004402231192906,2.0561826267369083,0.12230008037160692
16.75,3.7004402231192906,2.0861999369514193,0.028920652873025275
16.76,3.7004402231192906,2.0002652653216986,0.05257581054823442
16.77,3.7004402231192906,1.8444674298676615,0.04774066991008856
16.78,3.7004402231192906,2.2615932806264993,0.22727042487174265
16.79,3.7004402231192906,2.071971655182126,0.0009050609039798208
16.8,3.7004402231192906,1.8319312582576897,-0.13314181357596858
16.81,3.7004402231192906,1.721131238630159,0.2613698650591617
16.82,3.7004402231192906,1.9899874220160652,-0.24517946258394274
16.830000000000002,3.7004402231192906,2.3160261355220007,0.010618282446872615
16.84,3.7004402231192906,1.923297596369337,0.08031520381954099
16.85,3.7004402231192906,1.898296511110313,0.19861136827422124
16.86,3.7004402231192906,1.8694647928250294,-0.02163318701432549
16.87,3.7004402231192906,2.25538248192428,0.026857905802010647
16.88,3.7004402231192906,2.077813025881863,0.0667525953825147
16.89,3.7004402231192906,1.8901489128397444,-0.04311051876817129
16.9,3.7004402231192906,2.0048073064619016,0.09568671821134916
16.91,3.7004402231192906,2.154425911549767,-0.03264070940457772
16.92,3.7004402231192906,1.8654725405715227,-0.24880771522878453
16.93,3.7004402231192906,2.0465123900510998,0.1943663645625691
16.94,3.7004402231192906,1.8530307114764282,-0.27390395791250094
16.95,3.7004402231192906,1.8488724367289973,0.38907955798965593
16.96,3.7004402231192906,2.1534063895464586,0.22115585165465346
16.97,3.7004402231192906,1.8677660231920046,-0.1125558969699219
16.98,3.7004402231192906,1.7567068834977029,-0.1670166336150511
16.990000000000002,3.7004402231192906,1.930604285297114,-0.090105137739362
17.0,3.7004402231192906,1.8788238744773598,0.15773527585250957
17.01,3.7004402231192906,1.7290256813854619,-0.055986904364910973
17.02,3.7004402231192906,2.0776914353563196,-0.32918548002750236
17.03,3.7004402231192906,2.4402103363089003,0.3165728093364544
17.04,3.7004402231192906,2.1208081120123192,-0.1851981736341129
17.05,3.7004402231192906,1.9516008283921669,0.22286318767749083
17.06,3.7004402231192906,1.9408326330095533,-0.046767834657370944
17.07,3.7004402231192906,2.1880013036494796,0.3345696969877933
17.080000000000002,3.7004402231192906,2.562600457720579,-0.12910212533572618
17.09,3.7004402231192906,1.8250682371550322,0.04438089770583843
17.1,3.7004402231192906,1.62622297359906,-0.030524267655043406
17.11,3.7004402231192906,1.8876159330867461,-0.25233744398694774
17.12,3.7004402231192906,2.0402502505890525,-0.06802645847047892
17.13,3.7004402231192906,1.7304072110367654,0.037528733316386065
17.14,3.7004402231192906,1.846549750293385,0.3471493989487337
17.150000000000002,3.7004402231192906,2.2194109323141453,0.25603181276218495
17.16,3.7004402231192906,2.039853791278818,0.3657528872673228
17.17,3.7004402231192906,1.9892226217269702,0.13709252788414203
17.18,3.7004402231192906,2.0436823553250223,-0.2006478130809744
17.19,3.7004402231192906,1.6521256700097888,-0.058072172601207075
17.2,3.7004402231192906,2.017487969414594,0.15199568364765562
17.21,3.7004402231192906,1.7829051695049474,-0.032269935405093854
17.22,3.7004402231192906,1.869953760604175,-0.0053631026339055615
17.23,3.7004402231192906,1.9511393767792231,0.08283865108751032
17.240000000000002,3.7004402231192906,1.9417323852535844,-0.12992974269752733
17.25,3.7004402231192906,1.7315785842092974,-0.06736383271414825
17.26,3.7004402231192906,1.757499416209133,0.0018060347398268367
17.27,3.7004402231192906,1.7859226089211258,0.07675705353180523
17.28,3.7004402231192906,2.184459100678318,-0.14123915037450924
17.29,3.7004402231192906,2.14065464040881,0.011015933256553926
17.3,3.7004402231192906,2.086345620408888,0.06919734137265265
17.31,3.7004402231192906,2.2340762743384057,-0.10421454087442102
17.32,3.7004402231192906,2.179178686918141,0.018833013873361663
17.330000000000002,3.7004402231192906,1.4666923464691732,0.2855077135003511
17.34,3.7004402231192906,1.8681694886398852,-0.08542337460676352
17.35,3.7004402231192906,1.928473131153513,0.12420804118706487
17.36,3.7004402231192906,2.041420539181059,-0.1585717673844696
17.37,3.7004402231192906,2.2113953320971707,0.13330130818656882
17.38,3.7004402231192906,1.8025941719673715,-0.12846100932011734
17.39,3.7004402231192906,1.7490345526350224,0.2768438783320485
17.400000000000002,3.7004402231192906,2.0270283493775327,-0.10075159122546659
17.41,3.7004402231192906,1.5181832378365696,-0.22526800347735781
17.42,3.7004402231192906,2.0814733215674566,-0.21343562400366295
17.43,3.7004402231192906,2.08618135073087,-0.007264285336485925
17.44,3.7004402231192906,2.069818265334608,-0.15502771201872836
17.45,3.7004402231192906,1.7198917056557514,-0.0817725400661396
17.46,3.7004402231192906,2.139523209503156,0.18005266080656263
17.47,3.7004402231192906,2.073561739543657,-0.1756660726890594
17.48,3.7004402231192906,1.8374232397376025,0.06625267594641365
17.490000000000002,3.7004402231192906,1.933397804322883,0.2528235642262678
17.5,3.7004402231192906,1.8702511014602057,-0.4059146371815585
17.51,3.7004402231192906,1.7454379576589445,0.2641472582441091
17.52,3.7004402231192906,1.9326471712532505,-0.31585540059401007
17.53,3.7004402231192906,1.431113603416731,-0.06301272677349123
17.54,3.7004402231192906,1.9816996317233422,-0.02146397143892876
17.55,3.7004402231192906,1.8982046646816435,0.3478581555683162
17.56,3.7004402231192906,1.980248071311811,0.012440952713335895
17.57,3.7004402231192906,2.044247937519689,-0.1273834859824861
17.580000000000002,3.7004402231192906,1.8606967566209582,-0.2922017973975933
17.59,3.7004402231192906,1.9144134222271505,-0.2096284518900602
17.6,3.7004402231192906,2.1537361374726847,0.24959458348972982
17.61,3.7004402231192906,1.8276741118680304,-0.00032304399163970987
17.62,3.7004402231192906,2.0336524487810714,-0.19573738540122965
17.63,3.7004402231192906,1.6666097145148122,0.02563601619884854
17.64,3.7004402231192906,2.0191033628936865,0.017417410751543135
17.650000000000002,3.7004402231192906,1.8493548730076355,-0.14877085755056899
17.66,3.7004402231192906,1.94747825449973,-0.2834406235141165
17.67,3.7004402231192906,1.683994375992942,0.04791349187256021
17.68,3.7004402231192906,1.9239696363117378,0.15682356225210153
17.69,3.7004402231192906,1.953900633530441,0.01894845588838183
17.7,3.7004402231192906,2.2119802968443114,0.12044366625458842
17.71,3.7004402231192906,1.9955158800390669,-0.08897774881906884
17.72,3.7004402231192906,1.6867740975345635,-0.03843176813753349
17.73,3.7004402231192906,2.0394443366575765,0.06009372377008988
17.740000000000002,3.7004402231192906,2.009358317149872,0.04801033422900988
17.75,3.7004402231192906,2.35454186211833,-0.06768072182256148
17.76,3.7004402231192906,2.1559243171712326,-0.24316397657066557
17.77,3.7004402231192906,1.8262431639660808,-0.13570430428085145
17.78,3.7004402231192906,1.8926800161665998,0.2066186782160626
17.79,3.7004402231192906,2.028147909431398,-0.029851883828556594
17.8,3.7004402231192906,1.4277004728304,0.10181289370529625
17.81,3.7004402231192906,1.9664622988781635,0.03313418716584532
17.82,3.7004402231192906,1.7989240494347887,-0.19091165671616472
17.830000000000002,3.7004402231192906,1.8162431557261767,-0.024040840568763502
17.84,3.7004402231192906,1.8123150355014297,-0.12225417867399593
17.85,3.7004402231192906,2.0251548062377007,0.2556595042602197
17.86,3.7004402231192906,1.97220194285208,-0.16573090529904702
17.87,3.7004402231192906,1.563456886910204,-0.026866068750854212
17.88,3.7004402231192906,2.1341060541302252,0.1462716105214294
17.89,3.7004402231192906,2.193661040075762,-0.00470068057618854
17.900000000000002,3.7004402231192906,1.8062022299214369,-0.25984298352510293
17.91,3.7004402231192906,1.79914234115591,-0.022739121289673855
17.92,3.7004402231192906,1.4489272466550676,-0.047268609288816675
17.93,3.7004402231192906,1.8318671053652171,-0.08568190283761794
17.94,3.7004402231192906,1.6812624291050717,-0.10818622476630983
17.95,3.7004402231192906,2.207314356965048,-0.29087597651867503
17.96,3.7004402231192906,1.9458307625970022,0.11147795650709875
17.97,3.7004402231192906,1.8371580601421393,-0.34231816834822076
17.98,3.7004402231192906,2.09770777826157,-0.10537185957036449
17.990000000000002,3.7004402231192906,1.711139605540154,0.013173067545846795
18.0,3.7004402231192906,2.148967114871937,0.006700536436712146
18.01,3.7004402231192906,2.4463358075676163,-0.10035602130400083
18.02,3.7004402231192906,2.20698005157193,0.26083948485749225
18.03,3.7004402231192906,2.0679108840431875,0.2484898239071458
18.04,3.7004402231192906,1.6537577648859507,-0.001098400293337104
18.05,3.7004402231192906,1.8215164662890266,-0.12015710771514991
18.06,3.7004402231192906,1.9964280812053932,-0.42344021438847973
18.07,3.7004402231192906,1.7312918049121813,0.12451684212923883
18.080000000000002,3.7004402231192906,2.1397914083833447,-0.09339694816191581
18.09,3.7004402231192906,2.0070191559392234,0.03753082278849862
18.1,3.7004402231192906,1.4928943834056583,0.1934688399705491
18.11,3.7004402231192906,1.8382254425447733,-0.2452175467364578
18.12,3.7004402231192906,1.6708487840928896,0.22049280689928186
18.13,3.7004402231192906,1.80864934686159,-0.5186819263025367
18.14,3.7004402231192906,1.915744300083143,-0.09123760516055654
18.150000000000002,3.7004402231192906,2.070599884290589,0.25194383621239874
18.16,3.7004402231192906,2.0531641654543726,-0.09232016092735978
18.17,3.7004402231192906,1.7912977513091568,-0.033340231482986774
18.18,3.7004402231192906,1.8776102546749494,0.1454599713469888
18.19,3.7004402231192906,2.100449789106456,0.12981725060558252
18.2,3.7004402231192906,1.9595244792097506,-0.34510150513195775
18.21,3.7004402231192906,1.5258118604562785,-0.005094057703063801
18.22,3.7004402231192906,2.0093116646156055,-0.1583198492520438
18.23,3.7004402231192906,1.7438355588693706,0.002323935133520305
18.240000000000002,3.7004402231192906,1.6239315774539227,-0.35761815778133943
18.25,3.7004402231192906,1.7381889129385177,-0.32259066937680425
18.26,3.7004402231192906,1.5642181923083118,0.019648756942452314
18.27,3.7004402231192906,1.6278402468765891,0.19062307407919127
18.28,3.7004402231192906,1.9517514258333997,0.08643713604483921
18.29,3.7004402231192906,2.149746427205911,-0.27562597049315346
18.3,3.7004402231192906,2.0358290059642634,0.16335896463728655
18.31,3.7004402231192906,1.7236232779150957,-0.40994862310802843
18.32,3.7004402231192906,1.3246032207546543,-0.11325192602155912
18.330000000000002,3.7004402231192906,2.1259162958658084,0.17048003799882314
18.34,3.7004402231192906,2.1910982531693373,-0.5270768204217333
18.35,3.7004402231192906,2.1199269531347795,-0.09955904885871084
18.36,3.7004402231192906,1.8268658480020374,-0.054320867134907413
18.37,3.7004402231192906,1.8529244144610022,0.18089753692516075
18.38,3.7004402231192906,2.2311581709537522,0.2456149222927318
18.39,3.7004402231192906,1.8272705770706597,-0.07032967472722627
18.400000000000002,3.7004402231192906,1.692020505436269,-0.21008387633714498
18.41,3.7004402231192906,2.261954623538657,-0.2937688812653643
18.42,3.7004402231192906,1.8158785320365756,-0.12966439907262572
18.43,3.7004402231192906,2.2238520051178328,0.0423061738196346
18.44,3.7004402231192906,1.7952935114212318,0.003966533171515983
18.45,3.7004402231192906,1.8816255344296404,-0.03266264922739237
18.46,3.7004402231192906,1.444783048563948,-0.3783376949693492
18.47,3.7004402231192906,2.064326887662275,-0.17539717641238142
18.48,3.7004402231192906,1.8747975791589009,0.049644581555053365
18.490000000000002,3.7004402231192906,1.6636806833350348,0.07681315295452257
18.5,3.7004402231192906,1.8802455717380784,-0.16151958087436194
18.51,3.7004402231192906,1.854551396506687,-0.19756699349892187
18.52,3.7004402231192906,1.47233041119351,-0.40951025589571777
18.53,3.7004402231192906,1.6679141773520927,-0.2113664812056972
18.54,3.7004402231192906,1.8138938645009361,0.5389310199758193
18.55,3.7004402231192906,1.695725269413029,0.5239102546691303
18.56,3.7004402231192906,1.5887878628968195,-0.12004702357234817
18.57,3.7004402231192906,1.5588532355364113,-0.2599089748069019
18.580000000000002,3.7004402231192906,1.6369118246408454,-0.1870683562037731
18.59,3.7004402231192906,1.7022073152044124,-0.11578506256150747
18.6,3.7004402231192906,1.7478477857769135,-0.2677505449442717
18.61,3.7004402231192906,1.8744999100113304,0.03404722471984702
18.62,3.7004402231192906,1.998330295185247,-0.015383591171957117
18.63,3.7004402231192906,1.7266286334461882,-0.49060765800718587
18.64,3.7004402231192906,1.6633970898956667,-0.39803744451301926
18.650000000000002,3.7004402231192906,1.663087149888358,0.07690090773223135
18.66,3.7004402231192906,1.8546571931824127,0.08264004377244266
18.67,3.7004402231192906,1.9721433036050087,0.18641702966403648
18.68,3.7004402231192906,1.684387713735841,0.009701938255153648
18.69,3.7004402231192906,2.1513162755838153,0.038463185085844495
18.7,3.7004402231192906,1.7338181786806937,-0.13005770443215478
18.71,3.7004402231192906,1.7968223017648828,-0.32457139897866893
18.72,3.7004402231192906,2.0834536416802836,0.08108578539038044
18.73,3.7004402231192906,2.16888955957803,0.07238435419032083
18.740000000000002,3.7004402231192906,1.8412013742288866,-0.2945907287922372
18.75,3.7004402231192906,1.9471031403988945,-0.14971281278909632
18.76,3.7004402231192906,1.7355061656163637,-0.028533965488959485
18.77,3.7004402231192906,2.2899644245223305,0.0898572448557458
18.78,3.7004402231192906,2.0908428017609837,-0.3023710533116254
18.79,3.7004402231192906,1.886798598828951,-0.20536363177831193
18.8,3.7004402231192906,1.6768674655779898,-0.26758951619009513
18.81,3.7004402231192906,1.6006730602370676,0.048939999343456234
18.82,3.7004402231192906,2.159679876456138,-0.2613319558752545
18.830000000000002,3.7004402231192906,1.5486408175811364,-0.3361224669741646
18.84,3.7004402231192906,1.773003434258198,-0.15816179165919225
18.85,3.7004402231192906,2.093706466317415,0.08665714816835182
18.86,3.7004402231192906,1.8332514678256016,0.08223627701074016
18.87,3.7004402231192906,2.175603525169449,-0.19084144903982703
18.88,3.7004402231192906,1.627597567984931,0.1009686519170726
18.89,3.7004402231192906,1.9840900798984784,-0.09703763936705685
18.900000000000002,3.7004402231192906,2.018092678518868,-0.11046983307029712
18.91,3.7004402231192906,1.7621923548832323,0.04408683107861509
18.92,3.7004402231192906,1.5447021664017653,-0.028586272426112204
18.93,3.7004402231192906,2.0569407277595197,0.1722069381281785
18.94,3.7004402231192906,1.5110533700174893,0.052802646096803546
18.95,3.7004402231192906,1.7161243132862718,0.014216051331404488
18.96,3.7004402231192906,1.906922530091034,-0.11880360332147688
18.97,3.7004402231192906,1.8760823448344097,-0.2703250294626648
18.98,3.7004402231192906,1.5186550521515534,-0.33593420863396495
18.990000000000002,3.7004402231192906,1.9541547113516256,0.12110235566157752
19.0,3.7004402231192906,1.7447202076785877,-0.33385689129013846
19.01,3.7004402231192906,1.9045571252429,-0.21042582044947425
19.02,3.7004402231192906,1.7330972935259537,-0.034300530750676114
19.03,3.7004402231192906,1.8912174542584228,0.06169257823935559
19.04,3.7004402231192906,1.5006361984651497,-0.0486140448202894
19.05,3.7004402231192906,2.1153747147090676,-0.2511996540027406
19.06,3.7004402231192906,1.827675410972894,0.32362928533757807
19.07,3.7004402231192906,1.8163899436999034,0.10402613769640348
19.080000000000002,3.7004402231192906,1.9227170618675935,-0.34486579462444644
19.09,3.7004402231192906,1.9029067758912128,-0.2450941739394442
19.1,3.7004402231192906,2.076274726071588,0.42273016473700353
19.11,3.7004402231192906,1.6773116998006752,0.35427379486352717
19.12,3.7004402231192906,1.4596343241912197,-0.5685747341892438
19.13,3.7004402231192906,1.7380031412512142,0.3097201339435159
19.14,3.7004402231192906,1.9620755888130632,0.06214263520551853
19.150000000000002,3.7004402231192906,1.78150848248763,-0.41891589229791976
19.16,3.7004402231192906,1.9044384205060003,-0.12670014698514753
19.17,3.7004402231192906,1.7947399042347096,-0.027699503397933298
19.18,3.7004402231192906,1.8502753392472135,0.053412940919857724
19.19,3.7004402231192906,1.6725719008760151,0.149890716763258
19.2,3.7004402231192906,1.8350473821313238,-0.020140220181781264
19.21,3.7004402231192906,1.8158016289075078,0.01246546511537532
19.22,3.7004402231192906,1.8128410488004076,0.08653179646974687
19.23,3.7004402231192906,1.765757949788974,-0.2149188426277739
19.240000000000002,3.7004402231192906,1.5846655165720154,0.1770852284359967
19.25,3.7004402231192906,1.7521348102330934,0.11211478584916688
19.26,3.7004402231192906,1.7080716641152236,0.12996596938482408
19.27,3.7004402231192906,1.5937089875923245,-0.028956124901742347
19.28,3.7004402231192906,1.8972862322484807,-0.1310998947528007
19.29,3.7004402231192906,1.9264135305118706,0.10244942417800108
19.3,3.7004402231192906,2.19975747446124,-0.3676080959749151
19.31,3.7004402231192906,1.9059949301513084,-0.12044192689334218
19.32,3.7004402231192906,2.239373279370792,0.04589282388714349
19.330000000000002,3.7004402231192906,1.9351555054034935,0.19781057374594566
19.34,3.7004402231192906,1.5550599774449965,-0.08985643356969415
19.35,3.7004402231192906,2.2182491524442605,-0.1570299715907009
19.36,3.7004402231192906,1.6831699372933129,0.12904600832934132
19.37,3.7004402231192906,1.939760909397197,0.07677949056593256
19.38,3.7004402231192906,1.5326035307357933,0.016584742326599084
19.39,3.7004402231192906,2.148003189099079,-0.13942485259063114
19.400000000000002,3.7004402231192906,1.6976839423517844,0.16971516231128092
19.41,3.7004402231192906,2.0347069455553313,-0.12516705761348343
19.42,3.7004402231192906,1.2395202100468419,0.052050612544683614
19.43,3.7004402231192906,1.4462916292951429,-0.012968898815651464
19.44,3.7004402231192906,1.9262883556133368,0.0940541768095809
19.45,3.7004402231192906,2.187439363304306,0.015545909027644293
19.46,3.7004402231192906,2.0816751228714776,-0.03592654739741583
19.47,3.7004402231192906,2.1800608034296234,0.0865804912793571
19.48,3.7004402231192906,2.1238187078255857,-0.015271652784899817
19.490000000000002,3.7004402231192906,1.7211748697605476,0.10625479087091964
19.5,3.7004402231192906,1.6562059898356938,0.2458435615089036
19.51,3.7004402231192906,1.6401986778194793,-0.2272838082995045
19.52,3.7004402231192906,2.0355019629482336,-0.3906341244884669
19.53,3.7004402231192906,1.8353027210900374,-0.3388653504650162
19.54,3.7004402231192906,2.1813150873704052,-0.15984056297388985
19.55,3.7004402231192906,2.0893842128898497,0.15150335955700428
19.56,3.7004402231192906,2.134139289876055,-0.11027799116003512
19.57,3.7004402231192906,1.5349072460531108,0.11694966507796686
19.580000000000002,3.7004402231192906,1.616604578345854,-0.27715734257762287
19.59,3.7004402231192906,2.0177116494543874,0.15287117094178468
19.6,3.7004402231192906,1.8627045241607183,-0.21297000178079326
19.61,3.7004402231192906,1.7658662304369013,-0.020508731052996172
19.62,3.7004402231192906,1.708330625302562,-0.07546968920863704
19.63,3.7004402231192906,1.8651434042921016,-0.2771093640480381
19.64,3.7004402231192906,1.922663443577273,0.027844366254030535
19.650000000000002,3.7004402231192906,1.4146688200733197,-0.1871266117232108
19.66,3.7004402231192906,2.1280392274631454,0.06030309485911099
19.67,3.7004402231192906,1.4338620681699532,0.06841319379015373
19.68,3.7004402231192906,1.659014707827744,-0.079264029664632
19.69,3.7004402231192906,2.028262780408476,0.0687347967794964
19.7,3.7004402231192906,1.8437052788782524,-0.0240499454592448
19.71,3.7004402231192906,1.6917920877397834,0.21210357282104944
19.72,3.7004402231192906,1.8559870183588896,0.3834478671796858
19.73,3.7004402231192906,1.9752224268371301,-0.005724807694946571
19.740000000000002,3.7004402231192906,1.7303233434746226,0.09732488008534754
19.75,3.7004402231192906,2.1559299363721007,-0.1485527521398299
19.76,3.7004402231192906,1.525251259474265,0.10263851594861766
19.77,3.7004402231192906,1.8537565916499497,-0.2780544167826714
19.78,3.7004402231192906,1.8508803020522049,0.2744437046140655
19.79,3.7004402231192906,1.7121991554548393,-0.006863194334747601
19.8,3.7004402231192906,1.84258930893531,0.15172413503561746
19.81,3.7004402231192906,1.9316085897273083,0.3105386552943546
19.82,3.7004402231192906,1.7510087073604361,-0.21798648268581725
19.830000000000002,3.7004402231192906,1.7666471694386245,-0.16698044328802014
19.84,3.7004402231192906,2.1500730266766315,0.16525525368863217
19.85,3.7004402231192906,2.3018136534094125,-0.16625679654882194
19.86,3.7004402231192906,1.8241021626585041,0.13444959077215468
19.87,3.7004402231192906,1.922164865424144,0.14268201347789786
19.88,3.7004402231192906,1.708536780023036,-0.026230419378564067
19.89,3.7004402231192906,2.264207598285954,0.07542216755017289
19.900000000000002,3.7004402231192906,1.6754500160478563,-0.07291946633193479
19.91,3.7004402231192906,1.7572070613858397,0.21664770396900224
19.92,3.7004402231192906,1.7921307067122436,-0.13845044819797797
19.93,3.7004402231192906,1.8876425353024984,0.2851136530710401
19.94,3.7004402231192906,1.7126172926377699,-0.45045221805923175
19.95,3.7004402231192906,1.6482091990236751,-0.3170640183090481
19.96,3.7004402231192906,1.6007890888057916,-0.02321519058911593
19.97,3.7004402231192906,1.750777946327672,-0.15644032724113913
19.98,3.7004402231192906,1.8347264413409399,0.23466102127406105
19.990000000000002,3.7004402231192906,1.998739534893603,-0.3902911570000249
20.0,0.800623260628285,1.7754467662921332,-0.16725999057380384
20.01,0.800623260628285,1.4847797620807985,0.18478191912646563
20.02,0.800623260628285,1.8359731117214488,0.03686586480308164
20.03,0.800623260628285,1.844376541034057,-0.22710953396386058
20.04,0.800623260628285,1.730693364597915,0.2865238829694942
20.05,0.800623260628285,1.7750175359701663,-0.1752976673502428
20.06,0.800623260628285,1.8384243004818568,-0.2924981099621327
20.07,0.800623260628285,2.2342099008202343,-0.11447116855059455
20.080000000000002,0.800623260628285,2.1108576191040735,-0.29220934401491855
20.09,0.800623260628285,1.9156360182010286,-0.6376352281236062
20.1,0.800623260628285,1.6631808550689986,-0.04261681221135766
20.11,0.800623260628285,1.9210816387272804,-0.42440955220308096
20.12,0.800623260628285,2.148747811932711,-0.30801691289882566
20.13,0.800623260628285,2.046071572100989,-0.5999136547743136
20.14,0.800623260628285,1.5202196903398197,-0.6870370424730343
20.150000000000002,0.800623260628285,1.774386714445697,-0.7834994430885875
20.16,0.800623260628285,1.8520698657532821,-0.45707556696005763
20.17,0.800623260628285,1.2515998282449003,-0.4380929643188277
20.18,0.800623260628285,1.5801059777194815,-0.535495078757894
20.19,0.800623260628285,1.985880817215493,-0.47301714312945914
20.2,0.800623260628285,1.8997652196209267,-0.7165333087397516
20.21,0.800623260628285,1.6911447697778084,-0.6851113801837861
20.22,0.800623260628285,2.063342246060055,-0.20048224508057433
20.23,0.800623260628285,1.9788863401307792,-0.3026081489742638
20.240000000000002,0.800623260628285,1.5606121223737641,-0.7859870773649245
20.25,0.800623260628285,1.7342102969422204,-0.29940569789571914
20.26,0.800623260628285,2.07737657388112,-0.7730249059232339
20.27,0.800623260628285,1.7374415561848484,-0.5156786441129553
20.28,0.800623260628285,1.5635701549628798,-0.824168715814039
20.29,0.800623260628285,1.8908355083273962,-0.1339104776631076
20.3,0.800623260628285,1.7645604534418922,-0.9130009751852348
20.31,0.800623260628285,1.847900927506856,-0.5398144223774529
20.32,0.800623260628285,1.8174488783557834,-0.5580436455091966
20.330000000000002,0.800623260628285,1.2534401441280187,-0.7513493507494401
20.34,0.800623260628285,1.7558063197816283,-0.7772246401095676
20.35,0.800623260628285,1.803193521770442,-0.6034710900852012
20.36,0.800623260628285,1.912833773864957,-0.6155557501737189
20.37,0.800623260628285,1.8058194279227238,-1.0014293895536044
20.38,0.800623260628285,1.920663939761611,-0.7754055865070759
20.39,0.800623260628285,1.5481607982657173,-0.9247773071492027
20.400000000000002,0.800623260628285,1.7280268546394943,-0.9016564302063852
20.41,0.800623260628285,1.638994597461164,-0.7529426100634521
20.42,0.800623260628285,1.8077506484193062,-0.8202741293640538
20.43,0.800623260628285,1.534812615504752,-0.9385126559393782
20.44,0.800623260628285,1.3487367293205819,-1.2571873633331898
20.45,0.800623260628285,1.3288883707624208,-0.9628842996027853
20.46,0.800623260628285,1.8074658527279723,-0.8930308268784011
20.47,0.800623260628285,1.4904610013690438,-0.9723256502871176
20.48,0.800623260628285,1.6971469240292276,-0.8648400041295929
20.490000000000002,0.800623260628285,2.0273696247789355,-0.9498131337998371
20.5,0.800623260628285,1.7247541616108713,-1.1691952605250502
20.51,0.800623260628285,1.6032496290178413,-1.4465142050979425
20.52,0.800623260628285,1.664747891549565,-0.958610388428832
20.53,0.800623260628285,1.7175514716535971,-1.0635716161900983
20.54,0.800623260628285,1.4851569365980652,-1.0302040121312386
20.55,0.800623260628285,1.4651885898440298,-0.9595286648926469
20.56,0.800623260628285,1.485271435969434,-1.1188364246334332
20.57,0.800623260628285,1.4322796746990523,-1.0652674460600053
20.580000000000002,0.800623260628285,1.4883028826622935,-1.2545380030548479
20.59,0.800623260628285,1.4223021087431598,-0.915323598945144
20.6,0.800623260628285,1.500451775239949,-1.4129548270973697
20.61,0.800623260628285,1.6812387379521068,-0.9320605440400473
20.62,0.800623260628285,1.609664709877694,-1.2963149153087539
20.63,0.800623260628285,1.2637405967300483,-1.2088565679463137
20.64,0.800623260628285,1.6609144337994175,-1.2872611941685115
20.650000000000002,0.800623260628285,1.4523377404122872,-0.9251194044321447
20.66,0.800623260628285,1.659929775621407,-1.0949083347841044
20.67,0.800623260628285,1.4136236572165506,-1.388783026297725
20.68,0.800623260628285,0.9471239791843956,-1.0261618049949808
20.69,0.800623260628285,1.49605519288398,-1.1495926822013118
20.7,0.800623260628285,1.42208616497693,-1.2651113514414782
20.71,0.800623260628285,1.1388452606501471,-0.9781389527395701
20.72,0.800623260628285,1.4546873019067605,-1.0842385805231745
20.73,0.800623260628285,0.9780616445408686,-1.3193157373225293
20.740000000000002,0.800623260628285,1.332912606455308,-1.3126551357441416
20.75,0.800623260628285,1.444017317117495,-1.221307013130635
20.76,0.800623260628285,0.9930844409263877,-0.7778775996583756
20.77,0.800623260628285,1.1957275993302867,-1.2473774504643185
20.78,0.800623260628285,0.969113101200011,-1.1964468414479807
20.79,0.800623260628285,1.2290171239786205,-1.463653767570418
20.8,0.800623260628285,1.2491085648634952,-1.0791859707147897
20.81,0.800623260628285,1.2284191821146782,-1.467481844505402
20.82,0.800623260628285,0.9899262130830693,-1.5197526241471828
20.830000000000002,0.800623260628285,1.2506612989901849,-1.2230223169253014
20.84,0.800623260628285,1.0003031869056231,-1.0892893234622336
20.85,0.800623260628285,0.9399846873824161,-1.331592236553276
20.86,0.800623260628285,0.7694276284217161,-0.9704693878620212
20.87,0.800623260628285,0.8094312058663448,-1.0164000776400577
20.88,0.800623260628285,0.9751750682423633,-1.094635228912862
20.89,0.800623260628285,1.08814248376944,-1.1653063372680417
20.900000000000002,0.800623260628285,0.8123300637603257,-1.031938426796489
20.91,0.800623260628285,0.8526209589849372,-1.3949605800465312
20.92,0.800623260628285,0.49012947655183403,-1.2761088322407201
20.93,0.800623260628285,0.981118414698854,-1.1110141095274817
20.94,0.800623260628285,0.9256586625933564,-1.6561156435786806
20.95,0.800623260628285,0.8831898257853842,-1.1853121170553371
20.96,0.800623260628285,0.9225911020733645,-1.141736363786607
20.97,0.800623260628285,0.8655989094957635,-1.0611291468868982
20.98,0.800623260628285,1.0497685253309452,-1.2866541906045386
20.990000000000002,0.800623260628285,1.1231356978629452,-0.8322863044421102
21.0,0.800623260628285,0.6546995120788672,-1.3288640145173374
21.01,0.800623260628285,0.7122566593146393,-1.734432764482442
21.02,0.800623260628285,0.9975626432428826,-1.1744981117482143
21.03,0.800623260628285,0.8066063163465742,-1.252078188694002
21.04,0.800623260628285,0.9841425823004272,-1.1718425804587955
21.05,0.800623260628285,0.48489283884405404,-0.9628155695077252
21.06,0.800623260628285,0.8727553593283048,-1.490438380753692
21.07,0.800623260628285,0.7810832433243522,-0.8248603152576404
21.080000000000002,0.800623260628285,0.9372986861614793,-1.079328190733563
21.09,0.800623260628285,1.1442072548133237,-1.2096136766511403
21.1,0.800623260628285,0.9832455422168197,-1.2642392217361385
21.11,0.800623260628285,0.8529504204916688,-1.369028956286154
21.12,0.800623260628285,0.5197154025516921,-1.5831672348804695
21.13,0.800623260628285,0.8365435870241874,-1.067443656752677
21.14,0.800623260628285,0.929564133188652,-1.0518152640779026
21.150000000000002,0.800623260628285,0.8613085602178328,-1.4731899504481507
21.16,0.800623260628285,0.7315947465076654,-1.3778226088552687
21.17,0.800623260628285,0.5740702486921898,-1.1577261127421588
21.18,0.800623260628285,0.6279005019522965,-1.002549564846427
21.19,0.800623260628285,0.42901777056108076,-1.3003674123619609
21.2,0.800623260628285,0.8374857235362898,-1.0314388754218742
21.21,0.800623260628285,0.5410295622016972,-1.0617747447814376
21.22,0.800623260628285,0.7567228328236013,-1.0551784144756247
21.23,0.800623260628285,0.752399284417106,-1.3596498247553093
21.240000000000002,0.800623260628285,0.4576350988862223,-0.8577517689742261
21.25,0.800623260628285,0.4488312653124386,-1.0501922839560507
21.26,0.800623260628285,0.702112403654772,-1.432744381744968
21.27,0.800623260628285,0.6810589811907617,-0.7693460777162411
21.28,0.800623260628285,0.6374049818539712,-1.5783199220060218
21.29,0.800623260628285,0.0049552434242272625,-1.4270325120031262
21.3,0.800623260628285,0.8592548662973198,-1.0602609344899767
21.31,0.800623260628285,0.8434037378522385,-0.9517714748009362
21.32,0.800623260628285,0.5629848073724748,-0.894744293244341
21.330000000000002,0.800623260628285,0.6242958763230521,-1.2017660373755623
21.34,0.800623260628285,0.7063157894672771,-1.2073564527768605
21.35,0.800623260628285,0.669749070883826,-1.500856422818757
21.36,0.800623260628285,0.5268624441517878,-1.1455046244427685
21.37,0.800623260628285,0.7785191184166078,-1.0707714095194145
21.38,0.800623260628285,0.42976845107135947,-0.7980908593886589
21.39,0.800623260628285,0.5401245299977694,-1.0756084371609511
21.400000000000002,0.800623260628285,0.5412119428098439,-0.8069404334287973
21.41,0.800623260628285,0.40943247389546916,-1.1576316552310213
21.42,0.800623260628285,0.3335766261442136,-0.9272094522324037
21.43,0.800623260628285,0.2898249720709025,-1.0512019256574352
21.44,0.800623260628285,0.6971007074510001,-0.5820328419547081
21.45,0.800623260628285,0.15598528641736775,-1.0024885153161438
21.46,0.800623260628285,0.27684961823104204,-1.130642403054786
21.47,0.800623260628285,0.5063142248942699,-1.1085557503404069
21.48,0.800623260628285,0.1385829944723521,-0.6344276842940954
21.490000000000002,0.800623260628285,0.38505232111440574,-0.9823799995142536
21.5,0.800623260628285,0.44853258935063256,-0.5584438537311316
21.51,0.800623260628285,0.3807047744275992,-0.8291047336959689
21.52,0.800623260628285,0.5843237116718336,-0.7744736794002347
21.53,0.800623260628285,0.2165346205558289,-0.7252540290182049
21.54,0.800623260628285,0.32595979933879676,-1.0705010995689668
21.55,0.800623260628285,0.5919243637254151,-0.6734691006783995
21.56,0.800623260628285,0.4452861133589997,-0.5423614856189338
21.57,0.800623260628285,0.06349792444708907,-1.4230510430675951
21.580000000000002,0.800623260628285,0.09851442958248283,-0.9018674531835075
21.59,0.800623260628285,0.29310312782764725,-0.8483009129840791
21.6,0.800623260628285,0.4451783810273917,-0.4372022792123014
21.61,0.800623260628285,0.19030029877339322,-0.9392047808432968
21.62,0.800623260628285,0.4339423438955563,-0.5431688940387831
21.63,0.800623260628285,0.10544965926592159,-0.21132571188440175
21.64,0.800623260628285,-0.1555248162698294,-0.5294915279872262
21.650000000000002,0.800623260628285,0.0850626266979514,-0.9613719850596486
21.66,0.800623260628285,0.13147727839202153,-0.8146350027523515
21.67,0.800623260628285,0.35016862514227953,-0.7935382281046985
21.68,0.800623260628285,0.1621479190847932,-0.5606429377223877
21.69,0.800623260628285,0.46410718201634216,-0.37181066108617455
21.7,0.800623260628285,-0.0010033038696276309,-0.6932628154904876
21.71,0.800623260628285,-0.009916758164878886,-0.732053518290665
21.72,0.800623260628285,0.2910020157023866,-0.7519617675136641
21.73,0.800623260628285,0.16434638248779218,-0.81662190268737
21.740000000000002,0.800623260628285,0.3985453021960797,-0.5293629767636566
21.75,0.800623260628285,0.11580568252777086,-0.8262022339053687
21.76,0.800623260628285,0.036572357744067224,-0.969533502778692
21.77,0.800623260628285,0.23412462066376738,-0.8733235652428833
21.78,0.800623260628285,0.19734122276480343,-0.6774679050481772
21.79,0.800623260628285,0.12256368234253741,-0.4700479965661562
21.8,0.800623260628285,0.2155512019164173,-0.4478766002605463
21.81,0.800623260628285,0.2354655841846758,-0.78481693896293
21.82,0.800623260628285,0.15532149817574561,-0.7782134140046034
21.830000000000002,0.800623260628285,0.30074954273729737,-0.7984300391774523
21.84,0.800623260628285,-0.2349915887222348,-0.51036304707523
21.85,0.800623260628285,0.4259808313215132,-0.6306266691645106
21.86,0.800623260628285,0.2086875304014587,-0.49127904559691365
21.87,0.800623260628285,0.35409964004068306,-0.6425023402744776
21.88,0.800623260628285,0.32999990175355776,-0.6507972174474264
21.89,0.800623260628285,-0.22046387983575935,-0.3042405398421035
21.900000000000002,0.800623260628285,-0.11516825849551454,-0.8409701369373522
21.91,0.800623260628285,-0.027281415636927903,-0.5851819990360907
21.92,0.800623260628285,-0.1489475373349055,-0.48965023187363915
21.93,0.800623260628285,-0.16490753999247404,-0.19979940796152043
21.94,0.800623260628285,-0.04690617238716224,-0.5447328710483037
21.95,0.800623260628285,0.26791523722437977,-0.44596572147636737
21.96,0.800623260628285,0.45091679932170864,-0.6085552267674013
21.97,0.800623260628285,-0.03130585973104677,-0.4627630274706079
21.98,0.800623260628285,-0.26460267335876736,-0.8099189063511979
21.990000000000002,0.800623260628285,-0.06728890489294573,-0.3467070356246311
22.0,0.800623260628285,-0.15329117516287416,-0.36583931468712694
22.01,0.800623260628285,-0.008674911849836996,-0.3090285039292564
22.02,0.800623260628285,0.00197952681900216,-0.6542517419946274
22.03,0.800623260628285,0.0145506542392986,-0.3321494906808132
22.04,0.800623260628285,-0.03285760046976209,-0.4583282014645802
22.05,0.800623260628285,0.34746395321042906,-0.5409148484176289
22.06,0.800623260628285,0.14385665291449556,-0.2999742303223436
22.07,0.800623260628285,0.44463464245527967,-0.5880031344320703
22.080000000000002,0.800623260628285,-0.08423771767416773,-0.0772957301490923
22.09,0.800623260628285,-0.14129518572751784,-0.5084908942086718
22.1,0.800623260628285,-0.033477895391511366,-0.039718615737505875
22.11,0.800623260628285,0.1844983482782685,0.1510219133373771
22.12,0.800623260628285,-0.5670509087062278,-0.3718085631537822
22.13,0.800623260628285,-0.09275099710958211,-0.31401304806451846
22.14,0.800623260628285,0.4873509892049672,-0.1847815315928059
22.150000000000002,0.800623260628285,-0.1366171640474614,-0.498136600493462
22.16,0.800623260628285,-0.1318049108805497,-0.30888682557773706
22.17,0.800623260628285,0.053257397129085685,-0.17360900470085322
22.18,0.800623260628285,-0.2711008501125557,-0.16108604562259934
22.19,0.800623260628285,0.29546896889530644,-0.2850416693877878
22.2,0.800623260628285,0.15456834097265587,-0.22986948253277145
22.21,0.800623260628285,-0.005689072040559382,-0.5059581528342698
22.22,0.800623260628285,0.3136583317662821,0.043669047753908535
22.23,0.800623260628285,-0.08275133055440242,-0.07484701822171287
22.240000000000002,0.800623260628285,0.06632080130630737,-0.6106993457127787
22.25,0.800623260628285,0.0706588433635092,0.15228715445597735
22.26,0.800623260628285,0.25901214348301416,-0.10095971356639649
22.27,0.800623260628285,-0.039963322230104105,0.13929842672916024
22.28,0.800623260628285,0.11049804176706104,0.11565638444410618
22.29,0.800623260628285,0.25791971994354207,0.057374487054504264
22.3,0.800623260628285,-0.46512295558814004,0.2354760067060317
22.31,0.800623260628285,0.14660922456744527,-0.038963844825234496
22.32,0.800623260628285,0.2739820278053169,0.14891721981064177
22.330000000000002,0.800623260628285,0.17965285900486247,-0.1930870108194199
22.34,0.800623260628285,-0.33204428681785825,-0.007056845792323178
22.35,0.800623260628285,-0.2501898124394983,0.07968889082244178
22.36,0.800623260628285,0.15725654678812695,0.07075079870779456
22.37,0.800623260628285,-0.020006146302473583,-0.4050190273494582
22.38,0.800623260628285,-0.39535422080689353,-0.2061790634010659
22.39,0.800623260628285,0.117269297806499,0.09156768699358112
22.400000000000002,0.800623260628285,0.05612692859419926,0.19289977958383156
22.41,0.800623260628285,0.05226203304917044,0.049634850473384284
22.42,0.800623260628285,-0.19938412790423843,0.14686403221857428
22.43,0.800623260628285,-0.10709661383573149,0.46193391242431486
22.44,0.800623260628285,-0.23557018509706928,0.06025509598497715
22.45,0.800623260628285,0.25005196099196986,0.049543364340069965
22.46,0.800623260628285,-0.02414984515530075,0.09814855278014273
22.47,0.800623260628285,-0.3672827055534076,0.16777447220967368
22.48,0.800623260628285,-0.18335738173644292,0.4775143646329461
22.490000000000002,0.800623260628285,-0.40675950729215216,-0.016072068593057084
22.5,0.800623260628285,-0.1891578594284402,0.10760663133869235
22.51,0.800623260628285,-0.01299353196808602,0.2757495672593603
22.52,0.800623260628285,-0.13010706896006016,0.07971130221171119
22.53,0.800623260628285,0.11155366314713505,0.27975824388681214
22.54,0.800623260628285,0.039814709194464074,0.31321112607860035
22.55,0.800623260628285,0.2789547108283727,0.48042210934661056
22.56,0.800623260628285,0.004636438168176642,0.25455971039029435
22.57,0.800623260628285,0.04922724008088668,0.12642984092338017
22.580000000000002,0.800623260628285,0.07979046812029829,0.44245070770412664
22.59,0.800623260628285,-0.034871262938629674,-0.22171540269395876
22.6,0.800623260628285,-0.05510612283499343,-0.2028436019442594
22.61,0.800623260628285,-0.30620509048481326,0.17533563430790217
22.62,0.800623260628285,0.178218434940712,0.3582178775246675
22.63,0.800623260628285,0.11802377064372029,0.15529876240275273
22.64,0.800623260628285,-0.1705778330334949,0.08135932343715692
22.650000000000002,0.800623260628285,0.5474905822889962,0.28064731191888204
22.66,0.800623260628285,-0.01645049398218443,-0.09866024740234139
22.67,0.800623260628285,0.06655810018648713,0.4349136017157711
22.68,0.800623260628285,0.039526275461123826,0.005079511860922481
22.69,0.800623260628285,-0.0028944568876654742,0.09828497665776273
22.7,0.800623260628285,0.10229473196797591,0.44370460207491713
22.71,0.800623260628285,-0.2562931507017457,0.07972946599211897
22.72,0.800623260628285,-0.28585420137924566,0.20369384374480692
22.73,0.800623260628285,-0.005258708939679106,0.38973543383043296
22.740000000000002,0.800623260628285,0.35871270861164717,0.09169307872577093
22.75,0.800623260628285,-0.11458301533760266,0.5096376202100181
22.76,0.800623260628285,0.14765962242210787,0.0983475816428617
22.77,0.800623260628285,-0.13070217972851594,0.19342633198665043
22.78,0.800623260628285,0.15878260730824342,0.554080545179608
22.79,0.800623260628285,0.26471206555526405,0.5489263149458621
22.8,0.800623260628285,0.12947878393270773,0.48989920938280873
22.81,0.800623260628285,0.05994573692865182,0.3178004218438942
22.82,0.800623260628285,0.10758012019735799,0.10552397944792569
22.830000000000002,0.800623260628285,0.08805697178261529,0.19274066418374852
22.84,0.800623260628285,0.24573426968188578,0.18309012186110077
22.85,0.800623260628285,-0.15510266163208114,0.3890871181881077
22.86,0.800623260628285,0.12001186578092429,0.26203447507039174
22.87,0.800623260628285,0.17163217605266012,0.6915932668853766
22.88,0.800623260628285,-0.17322630908351191,0.40037306341209017
22.89,0.800623260628285,0.4772576458068055,0.6430578176658772
22.900000000000002,0.800623260628285,0.1448122297529127,0.6779351777907126
22.91,0.800623260628285,-0.06859244203539618,-0.1446046658416807
22.92,0.800623260628285,0.13788210872318252,0.45380761012111615
22.93,0.800623260628285,-0.0356413784564055,0.37169134625687367
22.94,0.800623260628285,0.38891639347182366,0.36868990243548594
22.95,0.800623260628285,0.2801548754238643,-0.006104784859949031
22.96,0.800623260628285,-0.019934406951948994,0.5409310561441454
22.97,0.800623260628285,-0.3057021685151323,0.45671627396846093
22.98,0.800623260628285,0.05176694474868278,0.24096932805419996
22.990000000000002,0.800623260628285,0.08622625521988311,0.10785601828667515
23.0,0.800623260628285,0.17678477370647316,0.23457345988565814
23.01,0.800623260628285,0.175369749681534,0.40065406352550426
23.02,0.800623260628285,0.0244878880349136,0.7567475873873746
23.03,0.800623260628285,0.1362290492170628,0.3028555776814819
23.04,0.800623260628285,-0.23724393362559787,0.5124035519286854
23.05,0.800623260628285,0.4873662967755518,0.3125020875252894
23.06,0.800623260628285,0.18760551769283443,0.18304161114409345
23.07,0.800623260628285,0.2366954770340316,0.5913112236604956
23.080000000000002,0.800623260628285,-0.3158440530259983,0.6233458650426866
23.09,0.800623260628285,-0.09956700710112601,0.020649878780489517
23.1,0.800623260628285,0.1824531678328731,0.2477023763011666
23.11,0.800623260628285,-0.1203464081419316,0.17211348696805567
23.12,0.800623260628285,0.17027399008659888,0.09383812800211361
23.13,0.800623260628285,0.11202583091123719,0.47866810501878154
23.14,0.800623260628285,0.22339061031270907,0.5131302026761019
23.150000000000002,0.800623260628285,0.37074191061584677,0.20085649634688282
23.16,0.800623260628285,0.423541469923418,0.4527023155299544
23.17,0.800623260628285,-0.07220551076212542,0.36996135767424976
23.18,0.800623260628285,-0.24505524901164533,0.23903762433666173
23.19,0.800623260628285,0.09473481194697608,0.42619463823225295
23.2,0.800623260628285,0.374643739964284,0.19986451355794052
23.21,0.800623260628285,0.1502424195658146,0.343802855869901
23.22,0.800623260628285,0.32433388741242647,0.5256887024589203
23.23,0.800623260628285,0.12269591735756895,0.27292810243966553
23.240000000000002,0.800623260628285,-0.10453444994025332,0.3445662538325466
23.25,0.800623260628285,0.1278001194010015,0.4371254148606388
23.26,0.800623260628285,0.037581024454808376,0.35654582373433924
23.27,0.800623260628285,0.058533358436185096,0.4180584430986342
23.28,0.800623260628285,0.2735424178229546,0.47663045076881755
23.29,0.800623260628285,-0.04280988268320107,-0.09305852119093388
23.3,0.800623260628285,0.05983799047580371,0.35334685358982043
23.31,0.800623260628285,-0.0907591066655424,0.7665371290444445
23.32,0.800623260628285,0.07533658180709818,0.3650176903107972
23.330000000000002,0.800623260628285,0.2462013089654407,0.12617963137053906
23.34,0.800623260628285,0.24054412922957474,-0.005114699411294277
23.35,0.800623260628285,0.3503137116950003,0.3211670509455584
23.36,0.800623260628285,-0.11501254014374396,0.19739563815820346
23.37,0.800623260628285,0.17379053473226994,0.3362305634168757
23.38,0.800623260628285,0.16606479757750525,0.2409092264389278
23.39,0.800623260628285,0.6269435577093638,0.11547285157466541
23.400000000000002,0.800623260628285,-0.1721003181316605,0.3099321220048168
23.41,0.800623260628285,0.40645893232059893,0.3758147041641864
23.42,0.800623260628285,-0.03223203341095504,0.25177130232564326
23.43,0.800623260628285,0.50609718246592,0.16301479271676417
23.44,0.800623260628285,0.23880310479876635,0.5643821255799173
23.45,0.800623260628285,0.1789971856462083,0.40008946811642515
23.46,0.800623260628285,0.37329544167872897,0.3314138504244175
23.47,0.800623260628285,0.5179569822022074,0.6345036458138034
23.48,0.800623260628285,-0.01065082021022179,0.55357100555725
23.490000000000002,0.800623260628285,0.5782013948167997,0.4689010765146502
23.5,0.800623260628285,0.49026727541644594,0.6116638979461159
23.51,0.800623260628285,0.347249057074391,0.3099745020856278
23.52,0.800623260628285,0.0020771203983228625,0.3505568693125076
23.53,0.800623260628285,0.6070223129633183,-0.07700753458967718
23.54,0.800623260628285,0.15739268376035428,0.18103214272738666
23.55,0.800623260628285,0.3580513264346192,0.2688293350305779
23.56,0.800623260628285,0.44899807623269417,0.5754693654955599
23.57,0.800623260628285,0.41128570753226007,0.10990786529583296
23.580000000000002,0.800623260628285,0.2570958272508619,0.3838163607858121
23.59,0.800623260628285,0.20693696398240624,0.3129125196211584
23.6,0.800623260628285,0.6710207190459383,0.13015583227317615
23.61,0.800623260628285,0.44453638234651033,0.17789754831550902
23.62,0.800623260628285,0.5417768864655573,0.34202184753038445
23.63,0.800623260628285,0.5449963951669532,0.3035362505210314
23.64,0.800623260628285,0.5644631755527445,0.5051576741501793
23.650000000000002,0.800623260628285,0.5629694459537616,0.45202803691410665
23.66,0.800623260628285,0.10618729984140785,-0.059337425533189325
23.67,0.800623260628285,0.2046497799312618,0.09972148814089438
23.68,0.800623260628285,0.33738207955217747,0.3095997185017067
23.69,0.800623260628285,0.5252023312037698,0.43888002532374293
23.7,0.800623260628285,0.5287822806780483,0.09216921353370952
23.71,0.800623260628285,0.25399344251887185,0.17833383383837995
23.72,0.800623260628285,0.7405976580647238,0.714916660379534
23.73,0.800623260628285,0.3530820130350431,0.39375405644416134
23.740000000000002,0.800623260628285,0.37853830938942556,0.3026529294358088
23.75,0.800623260628285,0.10412208058120503,0.5242720637229006
23.76,0.800623260628285,0.27427786474855637,0.11693560689909949
23.77,0.800623260628285,0.40125877792179715,0.2705918279038234
23.78,0.800623260628285,0.4181814726615919,0.7197956593382664
23.79,0.800623260628285,0.018953983338436065,0.31727941018090733
23.8,0.800623260628285,0.3631886966128199,0.35191974033058104
23.81,0.800623260628285,0.5325264086942861,0.21950727029800088
23.82,0.800623260628285,0.4054973503562025,-0.014326475622187418
23.830000000000002,0.800623260628285,0.32408793556714155,0.4514837672099214
23.84,0.800623260628285,0.40412023181819684,0.34817595929335193
23.85,0.800623260628285,0.618782354637079,0.39210297338348793
23.86,0.800623260628285,0.594005278392502,0.37274346990654283
23.87,0.800623260628285,0.411316941191268,0.44221571807097537
23.88,0.800623260628285,0.5633615904503217,0.2860226915291709
23.89,0.800623260628285,0.13592875794650777,0.020262334716943886
23.900000000000002,0.800623260628285,0.6149791488287413,0.1297089810210556
23.91,0.800623260628285,-0.09962806407051916,0.2906154334398896
23.92,0.800623260628285,0.4456512406783668,-0.024746298902421693
23.93,0.800623260628285,0.6380572773506301,0.3507158649512362
23.94,0.800623260628285,0.4942264297604276,-0.008274574065697926
23.95,0.800623260628285,0.2751114901093238,0.5726327437192438
23.96,0.800623260628285,0.4419502454936329,0.283622664247022
23.97,0.800623260628285,0.6469078314843528,-0.07159913660262579
23.98,0.800623260628285,0.5704722955425978,0.025074007015479877
23.990000000000002,0.800623260628285,0.5366638327631638,0.13921854870322375
24.0,0.800623260628285,0.44188798302731797,0.15120430403498925
24.01,0.800623260628285,0.08084414485220742,0.10616986645984514
24.02,0.800623260628285,0.3635064863201754,0.36015397769525465
24.03,0.800623260628285,0.12906683950297831,0.32117550593867883
24.04,0.800623260628285,0.6576893676641595,0.03261498267349275
24.05,0.800623260628285,0.2984387690467746,0.02044142183107997
24.060000000000002,0.800623260628285,0.8330521649706991,0.4231272674364871
24.07,0.800623260628285,0.49924799133453635,0.2580674236104583
24.080000000000002,0.800623260628285,0.3717860756804107,0.06635728807282534
24.09,0.800623260628285,0.22141490585808038,0.5710771004069953
24.1,0.800623260628285,0.42467721024006977,0.18366193215344137
24.11,0.800623260628285,0.7576753307144493,0.08194231530580716
24.12,0.800623260628285,0.4446490950487592,0.13138597662474383
24.13,0.800623260628285,0.2640062532940903,0.05320307761154289
24.14,0.800623260628285,0.5289874713974733,0.09644892658972506
24.150000000000002,0.800623260628285,0.5057739029174682,0.314592277292552
24.16,0.800623260628285,0.287267758870201,-0.09630958661744865
24.17,0.800623260628285,0.2431951713340015,0.4232843148564556
24.18,0.800623260628285,0.8156442249783801,-0.08141421256403633
24.19,0.800623260628285,0.2152734052741771,0.23240811839437625
24.2,0.800623260628285,0.7944786252501853,-0.10934358559313936
24.21,0.800623260628285,0.41660112624810286,0.2360089103897175
24.22,0.800623260628285,0.8590496951355309,0.25442069123298394
24.23,0.800623260628285,0.4388369935141032,0.3169218982492684
24.240000000000002,0.800623260628285,0.39669812070044463,0.26049313994571477
24.25,0.800623260628285,0.7314307989116298,-0.11109152897766997
24.26,0.800623260628285,0.26773002999976697,-0.1413552485846105
24.27,0.800623260628285,0.5895619457893883,0.03155784852256181
24.28,0.800623260628285,0.8771627362241274,0.3595209811764617
24.29,0.800623260628285,0.5337968847719756,0.054313995887140476
24.3,0.800623260628285,0.41027339215850234,0.026299875455110353
24.310000000000002,0.800623260628285,0.39372205373536073,0.05370380607824371
24.32,0.800623260628285,0.5540365546872732,0.1111139895708429
24.330000000000002,0.800623260628285,0.06492534318225857,0.028501550956132563
24.34,0.800623260628285,0.5071363399250701,0.15888297169646765
24.35,0.800623260628285,0.4872038659876034,-0.02309782020604799
24.36,0.800623260628285,0.6580008736642526,0.4050720451216341
24.37,0.800623260628285,0.3580450145097868,0.17479763995424305
24.38,0.800623260628285,0.6221635575360922,0.14300614717958426
24.39,0.800623260628285,0.3329987471138314,0.08983382298706488
24.400000000000002,0.800623260628285,0.6720500512366496,0.03143597922046626
24.41,0.800623260628285,0.7155641677082765,0.04869894329114364
24.42,0.800623260628285,0.3668524914534492,0.04780439455501916
24.43,0.800623260628285,0.8461428157250654,0.10692471224373859
24.44,0.800623260628285,0.6448915456977617,0.20750998920133723
24.45,0.800623260628285,0.4151057887767191,0.01077504710071632
24.46,0.800623260628285,0.2821957533997214,0.2891587288299002
24.47,0.800623260628285,0.33913251854062265,0.20171682563143184
24.48,0.800623260628285,0.31812890836551544,0.3766901924322599
24.490000000000002,0.800623260628285,0.4157910085524247,0.1126597603279316
24.5,0.800623260628285,0.5115915706168384,0.19846043842431482
24.51,0.800623260628285,0.5696373212000798,-0.10698472968872179
24.52,0.800623260628285,0.5664439122523961,-0.13121462759966923
24.53,0.800623260628285,0.386387692746438,-0.31143053550078664
24.54,0.800623260628285,0.8623663642943931,0.05885090479608335
24.55,0.800623260628285,0.817240146409357,0.23575017512014945
24.560000000000002,0.800623260628285,0.5872245192416148,0.13140421781164793
24.57,0.800623260628285,0.5741111949652323,0.3171053760265631
24.580000000000002,0.800623260628285,0.3616777463686224,-0.259809484823304
24.59,0.800623260628285,0.6179731297156171,0.020408685308828396
24.6,0.800623260628285,0.5216366980489112,0.46785294599754645
24.61,0.800623260628285,0.5941468686314442,-0.07910270742823837
24.62,0.800623260628285,0.29931640709618634,-0.2853251831635975
24.63,0.800623260628285,0.3304121788298834,-0.09141912876207989
24.64,0.800623260628285,0.2006235043105012,0.07918144391501097
24.650000000000002,0.800623260628285,0.10956689174324397,0.11291218079670108
24.66,0.800623260628285,0.6215818047856347,-0.1817514155363114
24.67,0.800623260628285,0.6942506312427174,-0.015356202238751043
24.68,0.800623260628285,0.5826190637867361,0.08564535287347783
24.69,0.800623260628285,0.4221898790838391,0.4478696312306525
24.7,0.800623260628285,0.25964619294939145,-0.0851096921682109
24.71,0.800623260628285,0.9839598074129341,0.028921607469359963
24.72,0.800623260628285,0.6502564995789077,0.1710082731907609
24.73,0.800623260628285,0.15098120478972282,-0.16943417098413943
24.740000000000002,0.800623260628285,0.5598962100425885,-0.1344957117108435
24.75,0.800623260628285,0.5613930082647178,0.05088453173631687
24.76,0.800623260628285,0.49850392192848486,0.03486509242199497
24.77,0.800623260628285,0.8218768103490415,-0.15299542767908572
24.78,0.800623260628285,0.629841918859658,0.12459638300260109
24.79,0.800623260628285,0.6915326506260668,0.11543416513093599
24.8,0.800623260628285,1.0537490196823447,0.2122518069630301
24.810000000000002,0.800623260628285,0.9382334045846384,0.26783889957037443
24.82,0.800623260628285,0.9940429853229598,-0.0203028678013208
24.830000000000002,0.800623260628285,0.38584369878130653,0.030463035311577596
24.84,0.800623260628285,0.44836473191948933,0.4096482410381971
24.85,0.800623260628285,0.30913826179206905,0.09142759661890408
24.86,0.800623260628285,0.8571467152480261,-0.17305686187660216
24.87,0.800623260628285,0.41071169413325964,0.095544392309385
24.88,0.800623260628285,0.5316980012009873,0.016745689738312843
24.89,0.800623260628285,0.1098857589905246,0.33756885585442864
24.900000000000002,0.800623260628285,0.4535889673196222,-0.013594055278501611
24.91,0.800623260628285,0.4545305475223891,-0.34588750880136665
24.92,0.800623260628285,0.6155329873233689,-0.11607174856023919
24.93,0.800623260628285,0.5185915265025154,-0.09059751667027632
24.94,0.800623260628285,0.7153041999117496,-0.14118286684388584
24.95,0.800623260628285,0.5293314768214578,0.029517094424953365
24.96,0.800623260628285,0.4468472765803587,-0.45869874922242576
24.97,0.800623260628285,0.5135633098651468,-0.10753864033967478
24.98,0.800623260628285,0.41105601695730715,-0.14949356347733933
24.990000000000002,0.800623260628285,0.5966522121373503,-0.13442221666982754
25.0,0.800623260628285,0.7545040828941784,-0.2963695598380755
25.01,0.800623260628285,0.2281536359749048,0.05914974217509215
25.02,0.800623260628285,0.5932628727186151,0.3332379971131309
25.03,0.800623260628285,0.40294291719403325,-0.12877292285565528
25.04,0.800623260628285,0.09911161830651216,0.23022540951726764
25.05,0.800623260628285,0.5488791079814315,-0.4144724395814281
25.060000000000002,0.800623260628285,0.45822954039920005,0.002904727208098909
25.07,0.800623260628285,0.5159372689716804,-0.14839071141562585
25.080000000000002,0.800623260628285,0.5083207256150417,0.04128278910864076
25.09,0.800623260628285,0.2955577715806563,0.2300501489105829
25.1,0.800623260628285,0.7232447226096076,-0.028817598459675547
25.11,0.800623260628285,0.39139807267212917,-0.4911866370926571
25.12,0.800623260628285,0.8507238423049386,-0.045501428767834785
25.13,0.800623260628285,0.6711242336038338,-0.2042986385646379
25.14,0.800623260628285,0.7279198533738078,-0.2030147605759672
25.150000000000002,0.800623260628285,0.81225074836519,0.059181869128199394
25.16,0.800623260628285,0.18766424930869652,-0.0217458608565006
25.17,0.800623260628285,0.6181292321684058,-0.17011064676766235
25.18,0.800623260628285,0.4806568542460746,-0.38492332829305986
25.19,0.800623260628285,0.4403873617211095,-0.16199232108288408
25.2,0.800623260628285,0.41308789276901614,-0.1767065803132652
25.21,0.800623260628285,0.7609127328490344,-0.002406259980001449
25.22,0.800623260628285,0.9005088314948563,-0.03377266363217226
25.23,0.800623260628285,0.3483848234231778,-0.4438332268487237
25.240000000000002,0.800623260628285,0.21081315388119104,-0.46091786276992236
25.25,0.800623260628285,0.7853660736965874,0.07031116176677113
25.26,0.800623260628285,0.4469337116934451,-0.11097586328457527
25.27,0.800623260628285,0.4656301791932222,-0.04076762057139025
25.28,0.800623260628285,0.15681795286579697,-0.3500239396888808
25.29,0.800623260628285,0.5983344989551389,0.24235771012013163
25.3,0.800623260628285,0.3794142857090794,-0.263766782351163
25.310000000000002,0.800623260628285,0.6340192524622019,0.04029008779283613
25.32,0.800623260628285,0.4952073846720303,0.2891262730092222
25.330000000000002,0.800623260628285,0.7550271698450683,0.11092434439738053
25.34,0.800623260628285,0.3974607161327658,-0.23149119467098994
25.35,0.800623260628285,0.650537028749167,-0.1435788219470211
25.36,0.800623260628285,0.20786722750220038,-0.3617280263238605
25.37,0.800623260628285,0.47680854791377575,0.0012812545243488377
25.38,0.800623260628285,0.806282301258043,-0.18144285957023007
25.39,0.800623260628285,0.358070644749782,0.20013910020887654
25.400000000000002,0.800623260628285,0.5245176702321704,0.10390649368617981
25.41,0.800623260628285,0.5362291658552236,-0.24958275287496248
25.42,0.800623260628285,0.5497565354566922,-0.257434603375745
25.43,0.800623260628285,0.38179115939491615,-0.18207437665910092
25.44,0.800623260628285,0.6732334876829151,-0.07518896387773033
25.45,0.800623260628285,0.6589841202865291,0.3817371544281534
25.46,0.800623260628285,0.3726279591041797,-0.2080235852036193
25.47,0.800623260628285,0.2312408657003272,-0.020594428731542033
25.48,0.800623260628285,0.3766585853159463,-0.2207620418902569
25.490000000000002,0.800623260628285,0.24190951269278413,-0.4344693036237859
25.5,0.800623260628285,0.5462657260238384,0.033101500149707086
25.51,0.800623260628285,0.40746184905721416,0.19747470904282552
25.52,0.800623260628285,0.717069418112718,0.052000626936855046
25.53,0.800623260628285,0.49682984664197594,-0.08753090034741368
25.54,0.800623260628285,0.788729490117817,0.06941270658407031
25.55,0.800623260628285,0.37269595820291473,0.0668567914854157
25.560000000000002,0.800623260628285,0.5364084118930349,-0.17943211323797092
25.57,0.800623260628285,0.7597542781035949,0.08553056144295755
25.580000000000002,0.800623260628285,0.6668420604573978,-0.23939705885483867
25.59,0.800623260628285,0.2338472920630809,0.03452674217902499
25.6,0.800623260628285,0.6318718105284212,-0.13122426520594085
25.61,0.800623260628285,0.7018759782306676,-0.48167662310052306
25.62,0.800623260628285,0.186521407172908,-0.2434850689178797
25.63,0.800623260628285,0.3691083747511862,-0.3202650495346043
25.64,0.800623260628285,0.5382124301528791,0.2073330660857351
25.650000000000002,0.800623260628285,0.3770325201024225,-0.10224130018396765
25.66,0.800623260628285,0.4673799335152456,-0.15933984564119427
25.67,0.800623260628285,0.9205007690510003,-0.09228059271201317
25.68,0.800623260628285,0.36188227194613376,0.15181114858408418
25.69,0.800623260628285,0.5233496651155906,-0.2678821742821704
25.7,0.800623260628285,0.4444087659016858,-0.16580933671498835
25.71,0.800623260628285,0.2035750699526326,-0.08503298408019674
25.72,0.800623260628285,0.4384294753876269,-0.39220278418947985
25.73,0.800623260628285,0.4621600456286932,0.023780505305330102
25.740000000000002,0.800623260628285,0.6353728667647097,-0.18323164651899554
25.75,0.800623260628285,0.20720131055658547,0.06559693855458512
25.76,0.800623260628285,0.43273622382469357,0.014284000888672002
25.77,0.800623260628285,0.47790722034654837,-0.16120575182463015
25.78,0.800623260628285,0.37625469543509077,-0.09532319306082654
25.79,0.800623260628285,0.0673455330913057,0.2434794533104045
25.8,0.800623260628285,0.43820994797981117,-0.21044282253311636
25.810000000000002,0.800623260628285,0.7070112409799667,-0.22578348022029837
25.82,0.800623260628285,0.4413939565281734,-0.13530279452996402
25.830000000000002,0.800623260628285,0.3574592986987892,0.07042638590601949
25.84,0.800623260628285,0.0888178641053522,-0.34684632736877447
25.85,0.800623260628285,0.32008816302780296,0.016779434294048004
25.86,0.800623260628285,0.32002133351883644,-0.3508657943068316
25.87,0.800623260628285,0.12049379380822944,-0.38926491917276074
25.88,0.800623260628285,0.4379262214677736,0.1394843006698931
25.89,0.800623260628285,0.3028780465197016,0.2576780426042209
25.900000000000002,0.800623260628285,0.4149701914595367,0.032665183436164424
25.91,0.800623260628285,0.37232163925655093,0.021395200979250587
25.92,0.800623260628285,0.36960284273154287,-0.15527536758491536
25.93,0.800623260628285,0.25434586765275274,0.20066867345188555
25.94,0.800623260628285,0.3178835935345558,-0.30424376993742647
25.95,0.800623260628285,0.5708521441082515,0.3062514916731713
25.96,0.800623260628285,0.6601659622484067,-0.22450070611026032
25.97,0.800623260628285,-0.0036626247997960104,-0.2524476273546141
25.98,0.800623260628285,0.39315887198905125,-0.3203850248662827
25.990000000000002,0.800623260628285,0.5624580939326758,-0.027942679089596092
26.0,0.800623260628285,0.07044099866312825,0.20878626173461057
26.01,0.800623260628285,-0.07340548185632273,0.251609542443982
26.02,0.800623260628285,0.23590751972129184,-0.3554147331003877
26.03,0.800623260628285,0.4685687509519809,-0.5991535447901449
26.04,0.800623260628285,0.44283088804069437,-0.4314138056237129
26.05,0.800623260628285,0.2051246630423235,-0.4496802887430736
26.060000000000002,0.800623260628285,0.585050902289982,-4.6555762699504455e-05
26.07,0.800623260628285,0.3085483331709926,-0.4173600551702992
26.080000000000002,0.800623260628285,0.4136259925609704,-0.28148538806369167
26.09,0.800623260628285,0.5960166775448412,0.0273296558405684
26.1,0.800623260628285,0.7525158684988277,-0.01796944108023256
26.11,0.800623260628285,0.9440631963626945,0.221699284076755
26.12,0.800623260628285,0.6110145062845515,-0.26627646531626215
26.13,0.800623260628285,0.057467647934572985,-0.14996025285120285
26.14,0.800623260628285,0.44640634858611006,0.019159544269283152
26.150000000000002,0.800623260628285,0.43367142834482664,-0.07824372953832619
26.16,0.800623260628285,0.0583340568853703,-0.12599842661895347
26.17,0.800623260628285,0.2660602686403408,0.09801241135156505
26.18,0.800623260628285,0.29738849100882664,-0.03764554780827702
26.19,0.800623260628285,0.21778459387882865,-0.13868016443393666
26.2,0.800623260628285,0.27640089070712925,-0.155667609212746
26.21,0.800623260628285,0.5980714191106251,-0.22640857749417093
26.22,0.800623260628285,0.3909828912237919,0.055217740695117895
26.23,0.800623260628285,0.2559985335375843,-0.11371284567395137
26.240000000000002,0.800623260628285,-0.0013928323267919929,-0.04189627069202306
26.25,0.800623260628285,0.36713677042041615,0.036490049698662486
26.26,0.800623260628285,0.7852083601077469,0.09599943914160637
26.27,0.800623260628285,0.35005505825324035,-0.20333535418643522
26.28,0.800623260628285,0.6646901518754569,0.0400874349322108
26.29,0.800623260628285,0.23224714944399544,-0.20691949077331462
26.3,0.800623260628285,0.3002711602668862,-0.1914361280624872
26.310000000000002,0.800623260628285,0.5038286999624367,-0.2698133762324562
26.32,0.800623260628285,0.45872227036183477,0.11790328713275636
26.330000000000002,0.800623260628285,0.30744350256913106,-0.3127233347734767
26.34,0.800623260628285,0.40140715088203915,0.10237062896404284
26.35,0.800623260628285,0.5600190218917769,0.20687877277759964
26.36,0.800623260628285,0.15732837402163827,0.2593497265040122
26.37,0.800623260628285,-0.04998478853500771,0.35280181327686816
26.38,0.800623260628285,0.4108104273586089,0.03007450181907531
26.39,0.800623260628285,0.409980836105721,-0.10609772701569534
26.400000000000002,0.800623260628285,0.21801227307329293,-0.002645829123435514
26.41,0.800623260628285,0.438915140584778,0.1519082299703317
26.42,0.800623260628285,0.28348568433954024,0.061601755437226735
26.43,0.800623260628285,0.6207465539144208,-0.1131967927722165
26.44,0.800623260628285,0.5239168917801351,0.2293535000609382
26.45,0.800623260628285,0.8993877391655734,-0.022957915327952536
26.46,0.800623260628285,0.3556584828277178,-0.26552530484378517
26.47,0.800623260628285,0.024964758318490765,0.07080720901244181
26.48,0.800623260628285,-0.05589154870582114,-0.2703448722225148
26.490000000000002,0.800623260628285,0.7142933994738643,-0.09274615181329737
26.5,0.800623260628285,0.3458345875470894,0.09108645830712869
26.51,0.800623260628285,0.11087394965939296,-0.03934816007235079
26.52,0.800623260628285,0.2537196906827829,-0.25827486641698194
26.53,0.800623260628285,0.5965222432895715,0.12679117677725243
26.54,0.800623260628285,-0.07153192715296186,-0.2401216313789776
26.55,0.800623260628285,0.5047746793778513,0.3520045558687462
26.560000000000002,0.800623260628285,0.3412190564826042,0.18058713979350963
26.57,0.800623260628285,0.3612368222513269,-0.19488318939573737
26.580000000000002,0.800623260628285,0.39163414880653313,0.04111165465033979
26.59,0.800623260628285,0.11480560517956667,-0.29834005818438175
26.6,0.800623260628285,0.24120785166576456,-0.347681004729723
26.61,0.800623260628285,0.22012329528775212,0.07265304807138803
26.62,0.800623260628285,0.2732949152142895,-0.2444316698332512
26.63,0.800623260628285,0.4972145596875557,-0.023941762052410505
26.64,0.800623260628285,0.42428283410527623,-0.48192543084893075
26.650000000000002,0.800623260628285,0.4946512233309447,-0.09996150718153579
26.66,0.800623260628285,0.9476889872584747,0.007744023747188182
26.67,0.800623260628285,0.47919213352331264,0.14801870167553507
26.68,0.800623260628285,-0.367662516494018,0.2084483949953806
26.69,0.800623260628285,0.22104058040988125,0.25994438100939876
26.7,0.800623260628285,0.24878942940576948,-0.18372326586192295
26.71,0.800623260628285,0.2712230289630817,-0.383279876243381
26.72,0.800623260628285,0.45584465671019997,0.10803623615819682
26.73,0.800623260628285,-0.016453712248704788,-0.24969879433333242
26.740000000000002,0.800623260628285,0.47357591719525693,0.08036735123378816
26.75,0.800623260628285,0.5283180836970807,-0.23536207478710353
26.76,0.800623260628285,0.3936523337568762,0.0570679770376108
26.77,0.800623260628285,0.4520678937870327,0.06878424640125066
26.78,0.800623260628285,0.6712603012476379,0.2352177790496736
26.79,0.800623260628285,0.6560193595229052,0.2945796372777522
26.8,0.800623260628285,0.5742869855461721,0.016450729083772646
26.810000000000002,0.800623260628285,0.6121196437859777,-0.010960754463125548
26.82,0.800623260628285,0.35385357833427744,-0.02309662870149349
26.830000000000002,0.800623260628285,0.2497206424168577,-0.19093149894275582
26.84,0.800623260628285,0.4117085589503767,-0.20826381788173357
26.85,0.800623260628285,0.2933245670013767,-0.13305283933203912
26.86,0.800623260628285,0.7588704892074596,-0.22508893209573247
26.87,0.800623260628285,0.717178964044141,0.281258929949464
26.88,0.800623260628285,0.5719112203044353,0.039078229925758046
26.89,0.800623260628285,0.6432499498076165,-0.3103536796374139
26.900000000000002,0.800623260628285,0.46601952115002154,-0.4251051662847836
26.91,0.800623260628285,0.49941025596127,0.02095139507643949
26.92,0.800623260628285,0.22631182711991146,-0.16547804788035297
26.93,0.800623260628285,0.2754378809306083,-0.0699556632094137
26.94,0.800623260628285,0.36584264459533733,0.029945503298269283
26.95,0.800623260628285,0.06179203370395708,0.3235595974053834
26.96,0.800623260628285,0.28318021468041205,-0.2783329163356073
26.97,0.800623260628285,0.2817923422649965,0.16852379950085078
26.98,0.800623260628285,0.5243722006120752,0.39158234998620195
26.990000000000002,0.800623260628285,0.6075062569149305,-0.16810669402070208
27.0,0.800623260628285,0.3680143302039331,-0.274384710217396
27.01,0.800623260628285,0.6188172584947571,-0.14204522919954435
27.02,0.800623260628285,0.5167872875403349,0.12001474446726328
27.03,0.800623260628285,0.5005774282082,0.20927469317594832
27.04,0.800623260628285,0.23601765727443486,0.12879336800416555
27.05,0.800623260628285,0.43218471705329536,0.11420387834674786
27.060000000000002,0.800623260628285,0.43610036008953024,0.007693667888350674
27.07,0.800623260628285,0.47480915738445023,0.151832447771032
27.080000000000002,0.800623260628285,0.3852836633973458,-0.13051903070947538
27.09,0.800623260628285,0.5207302220198428,0.2669432787044234
27.1,0.800623260628285,0.45820622240223463,-0.06704082014542133
27.11,0.800623260628285,0.3247730103313245,0.11690901056702736
27.12,0.800623260628285,0.508406187149701,0.28402554489825504
27.13,0.800623260628285,0.850191037698317,0.2917160601001795
27.14,0.800623260628285,0.3297958120046541,0.12319556775932436
27.150000000000002,0.800623260628285,0.20841427090652623,0.39833789756060994
27.16,0.800623260628285,0.6626184139090081,0.28076805344219496
27.17,0.800623260628285,0.10359121024781376,0.4950769339113222
27.18,0.800623260628285,-0.14073616475251022,0.32537711469683156
27.19,0.800623260628285,0.32684946687869926,-0.27406571723643336
27.2,0.800623260628285,0.43190376098221783,0.12878110940249082
27.21,0.800623260628285,0.21092706800057445,-0.061177471585694844
27.22,0.800623260628285,0.42242557135773734,0.023720984088228883
27.23,0.800623260628285,0.4336293847232986,0.0998448522144606
27.240000000000002,0.800623260628285,0.40665576708165024,0.10315582782520426
27.25,0.800623260628285,0.05388723367785103,0.021810229308303074
27.26,0.800623260628285,0.35112127766202667,-0.2978648148908223
27.27,0.800623260628285,0.023829335839336108,0.10871716690341411
27.28,0.800623260628285,0.3023301007890152,-0.024194434936166954
27.29,0.800623260628285,0.3425971411191715,0.06878841758651284
27.3,0.800623260628285,0.1113713468591539,-0.5435815599160089
27.310000000000002,0.800623260628285,0.3582372556655443,0.027898272714453897
27.32,0.800623260628285,0.3019540122515753,0.2264348610819269
27.330000000000002,0.800623260628285,-0.008755373338446393,-0.11734804205154398
27.34,0.800623260628285,0.4382581001506646,0.025393315469961708
27.35,0.800623260628285,0.12501768398747717,0.13679319511471635
27.36,0.800623260628285,0.39245183058590705,0.1731457039335514
27.37,0.800623260628285,-0.033074807773362136,0.2675006613737437
27.38,0.800623260628285,0.3717007428016673,0.08802448712625735
27.39,0.800623260628285,0.38592199935379295,-0.04095160395291847
27.400000000000002,0.800623260628285,0.06873504984592266,-0.23959956361658702
27.41,0.800623260628285,0.3229432342062644,-0.12329816025871311
27.42,0.800623260628285,0.13432425849749058,0.37514133844744046
27.43,0.800623260628285,0.18679905707719477,-0.02491502125191076
27.44,0.800623260628285,0.4514629798715212,-0.2208011312894937
27.45,0.800623260628285,0.462342952559292,0.3232686579194124
27.46,0.800623260628285,0.11650623847385183,0.1343946136968668
27.47,0.800623260628285,0.474973970732019,-0.05675029633350811
27.48,0.800623260628285,0.2256752447824521,-0.05579907196780335
27.490000000000002,0.800623260628285,0.5582585450988156,0.10274317682236951
27.5,0.800623260628285,0.4669816955985112,0.028427470804741208
27.51,0.800623260628285,0.2840119276286159,-0.3214828406497383
27.52,0.800623260628285,0.4989311477514663,0.49988366859861766
27.53,0.800623260628285,0.4750760598815177,-0.288746379222708
27.54,0.800623260628285,-0.28595553107695976,-0.002493677726636962
27.55,0.800623260628285,0.20893955980401635,-0.005645152418692911
27.560000000000002,0.800623260628285,0.10946951049811493,0.2665041138178389
27.57,0.800623260628285,0.4212731644866578,0.05426068116834112
27.580000000000002,0.800623260628285,0.5196570790510012,0.28710635779759364
27.59,0.800623260628285,0.3786347394419159,0.1916076868333471
27.6,0.800623260628285,0.4178475914807752,0.09464418202077411
27.61,0.800623260628285,0.16808036960969328,-0.06872217768387875
27.62,0.800623260628285,0.23942878758165617,0.17195919288674583
27.63,0.800623260628285,0.2531033525469252,-0.252080908282195
27.64,0.800623260628285,0.21911329971589774,0.279578708372883
27.650000000000002,0.800623260628285,0.4070414530415496,0.07994742777583197
27.66,0.800623260628285,0.39863055820000787,0.09950175552921157
27.67,0.800623260628285,0.6481142893020043,0.07406217582557315
27.68,0.800623260628285,0.3088299610921045,0.021504095259855797
27.69,0.800623260628285,0.3938796001249456,0.14559100335178932
27.7,0.800623260628285,0.2940977814135757,-0.13386497175617615
27.71,0.800623260628285,0.090084259164394,0.21974531027908478
27.72,0.800623260628285,0.3849860457641885,-0.007855043003168957
27.73,0.800623260628285,0.38268213760045877,0.3370306689916108
27.740000000000002,0.800623260628285,0.39176925016063846,0.02616951663107698
27.75,0.800623260628285,0.47779443328167553,-0.004066682785227191
27.76,0.800623260628285,0.5582719613164462,-0.12387126540455148
27.77,0.800623260628285,0.597902298851778,-0.015159169738697603
27.78,0.800623260628285,0.10820630882779098,0.09609710551611729
27.79,0.800623260628285,0.26683795322580406,0.12950877607458133
27.8,0.800623260628285,0.15713613967548606,-0.28541362147437244
27.810000000000002,0.800623260628285,0.5794814035572533,-0.043522931630625976
27.82,0.800623260628285,0.288435909642797,0.1860089910696156
27.830000000000002,0.800623260628285,0.8272327523100395,0.13900017688996869
27.84,0.800623260628285,0.04347038468326475,-0.19569338438054357
27.85,0.800623260628285,0.5314284781049344,-0.04992492934391719
27.86,0.800623260628285,0.6333620191190725,0.003126371296597631
27.87,0.800623260628285,0.2997557630790781,-0.1341431566375762
27.88,0.800623260628285,0.024180077568224656,0.00012317094212455082
27.89,0.800623260628285,0.3927585267742069,0.02717410387632731
27.900000000000002,0.800623260628285,0.7993956272709267,0.13090530160613983
27.91,0.800623260628285,0.43367220004200596,-0.19052091164204382
27.92,0.800623260628285,0.3486386874056587,0.28000781970297556
27.93,0.800623260628285,0.7397386852077973,-0.12840344574915283
27.94,0.800623260628285,0.4287998884668065,0.3698726136637776
27.95,0.800623260628285,0.33187444976140573,-0.04422679184746544
27.96,0.800623260628285,0.2274590221261226,0.04912877670532481
27.97,0.800623260628285,0.3768052212299424,0.25744294480515095
27.98,0.800623260628285,0.348117359279689,-0.12903135292385337
27.990000000000002,0.800623260628285,0.46723615563904153,0.1924869098174064
28.0,0.800623260628285,0.571332752817406,-0.025756729911730766
28.01,0.800623260628285,-0.18638734920951683,0.16260026740145003
28.02,0.800623260628285,0.44576440493714964,0.03519484217021296
28.03,0.800623260628285,0.8078793134148969,0.2047471973247935
28.04,0.800623260628285,-0.08764803504794377,-0.09977034427242563
28.05,0.800623260628285,0.08656435364690385,0.11477112435280801
28.060000000000002,0.800623260628285,0.14692610902017614,-0.10188571178628074
28.07,0.800623260628285,0.3827230375777877,-0.2760706114998408
28.080000000000002,0.800623260628285,0.3199662776036797,-0.12218882265928192
28.09,0.800623260628285,0.05317026132188246,-0.10442954938493557
28.1,0.800623260628285,0.5227855226947883,0.23841873814749398
28.11,0.800623260628285,0.3291076240459772,0.23184364166012075
28.12,0.800623260628285,0.4980679652319923,0.08195169399987123
28.13,0.800623260628285,0.5609206281166201,-0.1653007988690447
28.14,0.800623260628285,0.21652193337487774,0.16745198283105922
28.150000000000002,0.800623260628285,0.12401451683093145,-0.0701344418735805
28.16,0.800623260628285,0.2468670119230956,0.09654639853101696
28.17,0.800623260628285,0.5605601827184125,0.010088969059787057
28.18,0.800623260628285,0.22056747962173695,0.12591011241574673
28.19,0.800623260628285,0.5560952698044136,0.1864901603902254
28.2,0.800623260628285,0.5037166224828737,0.1103487612034585
28.21,0.800623260628285,0.5463195975412682,-0.14961639256217293
28.22,0.800623260628285,0.27509550290796264,0.06288078015708244
28.23,0.800623260628285,0.15599182631529201,-0.5821351652734942
28.240000000000002,0.800623260628285,0.6853234665724095,0.2308048831915826
28.25,0.800623260628285,0.44847572572850775,-0.0554284680941536
28.26,0.800623260628285,0.3511142402645733,-0.41244149604716246
28.27,0.800623260628285,0.23706243065275762,-0.06342394785824762
28.28,0.800623260628285,0.4867183927843241,0.13521838780926693
28.29,0.800623260628285,0.5740433265526608,0.30385370593761823
28.3,0.800623260628285,0.2672932437137623,-0.07536686670365106
28.310000000000002,0.800623260628285,0.33810584246269176,0.5265188684729323
28.32,0.800623260628285,0.5554234379011825,-0.3917443001617043
28.330000000000002,0.800623260628285,0.5367408750841797,0.33759276146452244
28.34,0.800623260628285,0.5687849954075591,0.057831025507464565
28.35,0.800623260628285,0.4247110384969673,0.21791018292190212
28.36,0.800623260628285,0.5959736103218649,0.030560149466224467
28.37,0.800623260628285,0.3229104384933355,0.2495227622525879
28.38,0.800623260628285,0.2509765076485479,0.006985948974832113
28.39,0.800623260628285,0.1844180914835259,-0.09827559563545814
28.400000000000002,0.800623260628285,0.2413062558899534,0.3320958834691683
28.41,0.800623260628285,0.26436856586416674,0.33129542984556465
28.42,0.800623260628285,0.4443264714843016,-0.10660636986801211
28.43,0.800623260628285,0.43941000212479037,0.036842554474504706
28.44,0.800623260628285,0.535466898087327,0.10142023338485759
28.45,0.800623260628285,0.5158309772251443,0.2802893586492135
28.46,0.800623260628285,0.05284067049256819,-0.02583569400020126
28.47,0.800623260628285,0.49595513931160623,-0.13428101489069694
28.48,0.800623260628285,0.5088381029832918,-0.241986830018357
28.490000000000002,0.800623260628285,0.49976069943167273,-0.032309087433517875
28.5,0.800623260628285,0.2790899702285739,0.22255023002240604
28.51,0.800623260628285,0.3570478078965275,-0.11657776958023769
28.52,0.800623260628285,0.1456185203136081,0.15716828174734387
28.53,0.800623260628285,0.14440904959536144,-0.31013999630316436
28.54,0.800623260628285,0.336243841348094,-0.028732147831072544
28.55,0.800623260628285,0.316035398830425,-0.21412421901831608
28.560000000000002,0.800623260628285,0.5965499406885728,0.11518322176101081
28.57,0.800623260628285,0.27284370566269267,-0.20898846603227095
28.580000000000002,0.800623260628285,0.36577792524855984,0.03508741232622763
28.59,0.800623260628285,0.3672325248237608,0.2934457344230976
28.6,0.800623260628285,0.827661461181237,0.1978226866192502
28.61,0.800623260628285,0.6855837752530167,0.15353264968941407
28.62,0.800623260628285,0.3087260584650666,-0.03358608000812155
28.63,0.800623260628285,0.22254854848382352,0.39107050031527857
28.64,0.800623260628285,0.36720754354378615,-0.32786839208115387
28.650000000000002,0.800623260628285,0.7923175683674344,0.04359140862447555
28.66,0.800623260628285,0.5965482392730312,0.2747295056131831
28.67,0.800623260628285,0.4641454393652901,0.1868864306203778
28.68,0.800623260628285,0.29986392169797715,0.28403214295173007
28.69,0.800623260628285,0.2294991442360698,-0.09579105238453202
28.7,0.800623260628285,0.6029132978690922,0.10687946993104591
28.71,0.800623260628285,0.8032490186104733,0.37073508287075235
28.72,0.800623260628285,0.05910909571557765,0.31999173476611537
28.73,0.800623260628285,0.09931480826664502,-0.2779643224531132
28.740000000000002,0.800623260628285,0.28009418212042964,0.008661637167622806
28.75,0.800623260628285,0.21955838991774032,-0.08221287306586154
28.76,0.800623260628285,0.3639908203099207,0.05814252997514787
28.77,0.800623260628285,0.5865121339480355,-0.25800957509731476
28.78,0.800623260628285,0.1797782561754488,-0.06045388210326094
28.79,0.800623260628285,0.5072170210582025,0.05128885009108554
28.8,0.800623260628285,0.06710611278463224,-0.027001526183928135
28.810000000000002,0.800623260628285,0.853162692634645,0.13776052805082828
28.82,0.800623260628285,0.5607251197362306,0.04955954506689878
28.830000000000002,0.800623260628285,0.5187180880817104,-0.1194595268392041
28.84,0.800623260628285,0.23850757813203788,-0.07230032072721147
28.85,0.800623260628285,0.5382414492927253,0.011844793523624504
28.86,0.800623260628285,0.25141321982423315,0.23068426728899205
28.87,0.800623260628285,-0.006630061803868492,0.0018112368353932241
28.88,0.800623260628285,0.33621911493730405,0.025075585123618686
28.89,0.800623260628285,0.27838917313642497,0.13005671715307826
28.900000000000002,0.800623260628285,0.3475384422309954,0.25966360885719697
28.91,0.800623260628285,0.27703051534900647,0.017772623929578884
28.92,0.800623260628285,0.5356564657947818,-0.14003638822670408
28.93,0.800623260628285,0.523324116383406,0.18440813413012447
28.94,0.800623260628285,0.6164962161357554,-0.028013608119297543
28.95,0.800623260628285,0.33551904718455994,0.2086788319782889
28.96,0.800623260628285,0.41289547213437267,0.1489898194394138
28.97,0.800623260628285,0.17526656882180058,-0.16063339294036827
28.98,0.800623260628285,0.5321740428128928,0.10976224564155217
28.990000000000002,0.800623260628285,0.8321648497285086,0.09558385972788173
29.0,0.800623260628285,0.6778513772687487,0.1716762153985986
29.01,0.800623260628285,0.7023491803904297,-0.10908461289048789
29.02,0.800623260628285,0.47097718462118365,-0.16749290129144323
29.03,0.800623260628285,1.045534250207317,-0.5704921954624775
29.04,0.800623260628285,0.5693237403176099,0.16504435562737768
29.05,0.800623260628285,0.5583975741825654,-0.0225979302814564
29.060000000000002,0.800623260628285,0.22273143524946246,-0.28307086936004383
29.07,0.800623260628285,0.44215898467063913,0.06224390401776253
29.080000000000002,0.800623260628285,0.2603650925968908,0.08134006448869514
29.09,0.800623260628285,0.16951342537130512,0.26088150630527307
29.1,0.800623260628285,0.775808243074504,-0.005863189012227746
29.11,0.800623260628285,0.3413747336941412,0.03740788138630682
29.12,0.800623260628285,0.6563317717900785,0.02486568308357127
29.13,0.800623260628285,0.8403698070770487,0.3781956611225061
29.14,0.800623260628285,0.4693997360359899,-0.2664164601731417
29.150000000000002,0.800623260628285,0.5780018832130598,0.10667951336048301
29.16,0.800623260628285,0.7741505940251912,0.06473136004460533
29.17,0.800623260628285,0.1884153926980505,-0.13316975625565744
29.18,0.800623260628285,0.2299974251721169,-0.08694300354966936
29.19,0.800623260628285,0.28234361323778523,0.14935193875759162
29.2,0.800623260628285,0.3476658507379242,-0.24176729446751566
29.21,0.800623260628285,0.285106595106556,0.2934376963275819
29.22,0.800623260628285,0.74405212241287,0.03012413092632361
29.23,0.800623260628285,0.41086521572424495,-0.05073134546021703
29.240000000000002,0.800623260628285,0.155085688868431,0.2899491268487196
29.25,0.800623260628285,0.6855671715564918,0.05549030833418847
29.26,0.800623260628285,0.2299147844696489,0.027350461946281462
29.27,0.800623260628285,0.4873335768440568,0.20807022088937416
29.28,0.800623260628285,0.42076253653501816,0.2519087951485965
29.29,0.800623260628285,0.26032430117655403,-0.32697492846054294
29.3,0.800623260628285,0.6341673735353511,0.03661525839761724
29.310000000000002,0.800623260628285,0.4254901224619256,-0.09523298768990437
29.32,0.800623260628285,0.7180854333912075,-0.2241430091407393
29.330000000000002,0.800623260628285,0.06010209253698967,0.14541819159352848
29.34,0.800623260628285,0.5389466809619324,-0.07039384374120713
29.35,0.800623260628285,0.334062265786197,0.001264219457640822
29.36,0.800623260628285,0.41365640291503725,0.17786550712974208
29.37,0.800623260628285,0.3020455605107797,-0.1437761700677608
29.38,0.800623260628285,0.10950919690440969,-0.14763514290239924
29.39,0.800623260628285,0.31653295636758716,0.04534186634001507
29.400000000000002,0.800623260628285,0.7051822992392589,-0.22312324971835915
29.41,0.800623260628285,0.29273059573073157,-0.05785985197501243
29.42,0.800623260628285,0.5782613009696544,-0.38313930534156365
29.43,0.800623260628285,0.6234334935128059,-0.08092242269821903
29.44,0.800623260628285,0.09220808295826144,0.0601487656756765
29.45,0.800623260628285,0.5161858729961345,-0.2008838943278268
29.46,0.800623260628285,0.3468616106649002,-0.28030789372153747
29.47,0.800623260628285,0.17346553399305975,0.07818347417042494
29.48,0.800623260628285,0.3146263813857948,-0.05277354539281634
29.490000000000002,0.800623260628285,0.8535356270223968,-0.08460714986037032
29.5,0.800623260628285,0.6345061793688009,0.023593913308469064
29.51,0.800623260628285,0.17817181872450394,-0.19768023194296883
29.52,0.800623260628285,0.7341934937813845,-0.18549255486740857
29.53,0.800623260628285,0.4654684236814252,0.0728344170159828
29.54,0.800623260628285,0.06681054208490061,0.022062361235505472
29.55,0.800623260628285,0.08455891327767812,-0.11117532576990308
29.560000000000002,0.800623260628285,-0.13842073442704678,-0.013877970645393018
29.57,0.800623260628285,0.4904969106071226,0.22538200563182634
29.580000000000002,0.800623260628285,0.5256013732769482,-0.20699840011333423
29.59,0.800623260628285,0.6073663120220149,0.09368613802174479
29.6,0.800623260628285,0.4551731697403376,-0.12701543204026589
29.61,0.800623260628285,0.5254810632450233,-0.23953902975688643
29.62,0.800623260628285,0.46255189203997954,-0.11809458478291057
29.63,0.800623260628285,0.17840898729047583,0.07279896286891067
29.64,0.800623260628285,0.6018875147656755,0.059633074047324215
29.650000000000002,0.800623260628285,0.49692965049527094,-0.4342875498385174
29.66,0.800623260628285,0.6451669947324092,0.08811629611821474
29.67,0.800623260628285,0.5465203549870128,0.17967579538527118
29.68,0.800623260628285,0.08972767529825204,0.06309922869619863
29.69,0.800623260628285,0.22535505653530571,-0.08773893204799706
29.7,0.800623260628285,0.37327482670934764,0.3112004145717625
29.71,0.800623260628285,1.008321045768822,0.32920861445438393
29.72,0.800623260628285,0.32467993700043635,0.10826312461942957
29.73,0.800623260628285,0.25072748294220804,-0.23454566823385273
29.740000000000002,0.800623260628285,0.5733311678444959,0.4255676782733449
29.75,0.800623260628285,0.2411587764951159,-0.36846100604964216
29.76,0.800623260628285,0.26894006872194615,-0.4136943815538155
29.77,0.800623260628285,0.31881532552957126,-0.33791883377492554
29.78,0.800623260628285,0.5755754434727001,0.35932190972015976
29.79,0.800623260628285,0.19803995239831962,0.28906189155518314
29.8,0.800623260628285,0.4211495527580152,-0.31051029851254003
29.810000000000002,0.800623260628285,0.47787962600301,0.06412660649736754
29.82,0.800623260628285,0.8202118974857623,-0.08310228468476685
29.830000000000002,0.800623260628285,0.46496281044402665,-0.030702414943740673
29.84,0.800623260628285,-0.10564166735819785,0.01905517042168642
29.85,0.800623260628285,0.6160769166919402,0.18838759953968123
29.86,0.800623260628285,0.5765919710608226,0.5328034772592916
29.87,0.800623260628285,0.6769096979354495,-0.1623421912205641
29.88,0.800623260628285,0.2926908659763137,-0.08642419928005171
29.89,0.800623260628285,0.5545135823229718,-0.09939567471598593
29.900000000000002,0.800623260628285,0.39486704055230465,0.06377617773541487
29.91,0.800623260628285,0.4821401254170595,0.15166687027765496
29.92,0.800623260628285,0.4912159997676663,0.022934968809211725
29.93,0.800623260628285,0.2638227540969492,0.23871198935864113
29.94,0.800623260628285,0.2811586509476261,0.050443581598980075
29.95,0.800623260628285,0.659165402022522,0.45954674310537785
29.96,0.800623260628285,0.28064113373884325,-0.2519247952917065
29.97,0.800623260628285,0.27392448301240746,0.14477181893003632
29.98,0.800623260628285,0.6013893155089258,0.24755165186580394
29.990000000000002,0.800623260628285,0.4515883222226301,0.5209311520439545
30.0,4.027011706227405,0.8583734849466347,-0.15644555192990356
30.01,4.027011706227405,0.263750863795584,0.0846751926028382
30.02,4.027011706227405,0.2935023415615208,-0.13468421943073233
30.03,4.027011706227405,0.1465353227861551,-0.177081061854524
30.04,4.027011706227405,0.685662351797306,0.13610909969673873
30.05,4.027011706227405,-0.05917510942099158,0.10983306042392742
30.060000000000002,4.027011706227405,0.44672984376037533,0.20078863172631464
30.07,4.027011706227405,0.4608984604094511,0.37392235633566334
30.080000000000002,4.027011706227405,0.25582456224885225,0.0893128125908603
30.09,4.027011706227405,0.27541329340817367,0.4767759522056025
30.1,4.027011706227405,0.3688899004649969,0.1909534989373818
30.11,4.027011706227405,0.6722624800182715,0.40771634891321196
30.12,4.027011706227405,0.170626158898665,0.4520423601502968
30.13,4.027011706227405,0.1469898991971028,0.30725641630030165
30.14,4.027011706227405,0.5196773789319303,0.40263177796225497
30.150000000000002,4.027011706227405,0.41826316958748533,0.5730040539647293
30.16,4.027011706227405,0.8427878499754962,0.39384448637528313
30.17,4.027011706227405,0.6983109591271568,1.0747758814671822
30.18,4.027011706227405,0.45552890933719864,0.28570938425967046
30.19,4.027011706227405,0.5085721855412874,0.8974276040167457
30.2,4.027011706227405,0.4824611170186415,0.2945253238435266
30.21,4.027011706227405,0.6194988537648075,1.1655345040865754
30.22,4.027011706227405,0.6904876424647302,0.8016387401437793
30.23,4.027011706227405,0.7819789675893627,0.19993797168111033
30.240000000000002,4.027011706227405,0.5969956632404109,1.1604358308186695
30.25,4.027011706227405,0.3264814226088616,0.6287065341672338
30.26,4.027011706227405,0.6339783185927523,0.7543927295609865
30.27,4.027011706227405,0.10987180024763965,0.44531844224329437
30.28,4.027011706227405,0.7388600799846269,0.7371450364417709
30.29,4.027011706227405,0.5745939077739438,0.7803642167695888
30.3,4.027011706227405,0.3246762788538198,0.5264862560867705
30.310000000000002,4.027011706227405,0.4948355990057807,0.901135670260002
30.32,4.027011706227405,0.37186013809496987,1.449658906405644
30.330000000000002,4.027011706227405,0.5166721736451445,0.7398597303590277
30.34,4.027011706227405,0.5886042338328741,0.8170144100161338
30.35,4.027011706227405,0.5868621212286973,0.564049333707767
30.36,4.027011706227405,0.38822181324339344,1.0228285034365536
30.37,4.027011706227405,0.6241857257963286,1.3806247695589482
30.38,4.027011706227405,0.6203971673775353,0.8205136730207299
30.39,4.027011706227405,0.7139488965500161,1.1499198843844192
30.400000000000002,4.027011706227405,0.7425299195957125,1.0335446509549922
30.41,4.027011706227405,0.8158021354691751,1.1210574233780002
30.42,4.027011706227405,0.32047237576279886,1.1236268332215302
30.43,4.027011706227405,0.49153400173548145,0.7118771394959682
30.44,4.027011706227405,0.6240726693272308,1.209584235272391
30.45,4.027011706227405,0.9399260560343875,1.2410730869496704
30.46,4.027011706227405,0.4255589605131667,1.2113991209687964
30.47,4.027011706227405,0.7538607863759405,1.3713442327731409
30.48,4.027011706227405,0.7172103873181622,0.9302101000733087
30.490000000000002,4.027011706227405,0.46579084383788,1.3681850437111902
30.5,4.027011706227405,0.8267889230716979,1.0635901812402078
30.51,4.027011706227405,0.6016379081660197,1.0088440016677083
30.52,4.027011706227405,0.7315632346390706,1.288210244499641
30.53,4.027011706227405,1.1943978876932693,1.1619740235805605
30.54,4.027011706227405,0.7540828544380551,1.2344993159877056
30.55,4.027011706227405,0.9027227194116483,0.8921886438342193
30.560000000000002,4.027011706227405,0.9938564208309201,1.2278387752712376
30.57,4.027011706227405,1.0404073656741126,1.3033806950874858
30.580000000000002,4.027011706227405,0.6716506993207805,1.2830971936243034
30.59,4.027011706227405,1.137631026883684,1.0498565177494994
30.6,4.027011706227405,1.0275247866342365,1.2309302362984158
30.61,4.027011706227405,0.8333879937590334,1.692018803918143
30.62,4.027011706227405,1.2166379302099912,1.2173766798066619
30.63,4.027011706227405,1.0026584301493169,1.3775417292385623
30.64,4.027011706227405,1.1290598876842857,1.15639314333056
30.650000000000002,4.027011706227405,0.8002818510481285,1.3143458059003887
30.66,4.027011706227405,0.8059598787185216,1.3958116224959265
30.67,4.027011706227405,0.8273600409868573,1.353887590085916
30.68,4.027011706227405,0.9384342476541071,1.3146770409689563
30.69,4.027011706227405,1.0740202760979933,1.5043528918001094
30.7,4.027011706227405,0.6934547883179214,1.2058752004586584
30.71,4.027011706227405,0.7575435830669086,1.2776685581930574
30.72,4.027011706227405,1.0555084541616278,1.314092232455596
30.73,4.027011706227405,1.20076280310469,1.3144446867353266
30.740000000000002,4.027011706227405,1.0584544815562302,1.5090935526008546
30.75,4.027011706227405,1.005895884373394,1.3778186561689365
30.76,4.027011706227405,1.1795854931172047,1.4002032473668642
30.77,4.027011706227405,1.029790872475224,1.4101089825468103
30.78,4.027011706227405,1.2665203124088826,1.3793024299371524
30.79,4.027011706227405,0.9585362231208587,1.3252467865157784
30.8,4.027011706227405,1.0267426905931625,1.281215168608435
30.810000000000002,4.027011706227405,1.1471388808445118,1.5497455572464818
30.82,4.027011706227405,1.3429014535095056,1.5722921888833419
30.830000000000002,4.027011706227405,1.320790590460067,1.415999980948878
30.84,4.027011706227405,1.31627464232086,1.9900494666186388
30.85,4.027011706227405,1.3064702504607528,1.6160317234273611
30.86,4.027011706227405,1.3531239933370773,1.4346077928734486
30.87,4.027011706227405,1.122245384895027,1.169747462282999
30.88,4.027011706227405,1.0759754476415384,1.5772706363649058
30.89,4.027011706227405,1.734026100554374,1.224024350000305
30.900000000000002,4.027011706227405,0.9794498216913845,1.1178152901758716
30.91,4.027011706227405,1.2368526966955815,1.3955991961015792
30.92,4.027011706227405,1.31306308009483,1.3046132649329627
30.93,4.027011706227405,1.2409969136641448,1.6089087316619104
30.94,4.027011706227405,1.8165334891350342,1.4051304429428402
30.95,4.027011706227405,1.344803192377472,1.653884800645916
30.96,4.027011706227405,1.3532373903606743,1.480139656911646
30.970000000000002,4.027011706227405,1.3774507050831282,1.6547391113071273
30.98,4.027011706227405,1.3580103762054345,1.588996218225712
30.990000000000002,4.027011706227405,1.368873656214651,1.423762497188181
31.0,4.027011706227405,1.3596073478947683,1.6913727197888893
31.01,4.027011706227405,1.2131273001135408,1.4128453299491937
31.02,4.027011706227405,1.5773697480717281,1.1141013853529902
31.03,4.027011706227405,1.5400333259861918,1.6302796592208177
31.04,4.027011706227405,1.146475042922251,1.2761589995890483
31.05,4.027011706227405,1.5345526017570683,1.0414857656993328
31.060000000000002,4.027011706227405,1.7548298867853547,1.2871082897048856
31.07,4.027011706227405,1.4788656660397572,1.494791459024247
31.080000000000002,4.027011706227405,1.4663954119224247,1.4060261246056838
31.09,4.027011706227405,1.7743697702525265,1.7313350532625118
31.1,4.027011706227405,1.3654542280765158,1.4943077730197434
31.11,4.027011706227405,1.4888655006940492,1.326344810859367
31.12,4.027011706227405,1.4182170510499166,1.3653449636272519
31.13,4.027011706227405,1.4117817476295098,1.5714994216821991
31.14,4.027011706227405,1.4181857968848128,1.670649669702824
31.150000000000002,4.027011706227405,1.7541331732240817,1.4604801511289995
31.16,4.027011706227405,1.309347132569333,1.5511941123374395
31.17,4.027011706227405,1.9675305087913748,1.4115738322929168
31.18,4.027011706227405,1.7256335434897399,1.412331250234392
31.19,4.027011706227405,1.843925542852749,1.09602742033656
31.2,4.027011706227405,2.1943792679772667,1.4502885790326547
31.21,4.027011706227405,1.5212602853896953,1.0693970682734235
31.220000000000002,4.027011706227405,1.607623655132374,1.0743168768096858
31.23,4.027011706227405,1.599320736462846,1.3423468052111407
31.240000000000002,4.027011706227405,1.7503117993821236,1.3407332843878603
31.25,4.027011706227405,1.9021230610081516,1.1928666737174045
31.26,4.027011706227405,1.498641763618756,0.9101871440912118
31.27,4.027011706227405,1.5067880460421021,1.4317721716491798
31.28,4.027011706227405,2.0683560511840087,0.9263565136098708
31.29,4.027011706227405,1.7231622046871475,1.4130067543958744
31.3,4.027011706227405,1.769605644918015,1.160864313044298
31.310000000000002,4.027011706227405,2.1666947267224077,1.0742998364548924
31.32,4.027011706227405,1.7461686136918733,1.5210754959182244
31.330000000000002,4.027011706227405,1.9469805704587009,1.0258159913138793
31.34,4.027011706227405,2.2042564675313434,1.308072538193145
31.35,4.027011706227405,1.733524160741787,1.3216112097725687
31.36,4.027011706227405,1.5241890769739141,1.2199938025040193
31.37,4.027011706227405,2.020076006502087,1.1621236740012728
31.38,4.027011706227405,1.6047321922819922,1.2123401092891584
31.39,4.027011706227405,2.0498547852466276,1.4930702618710452
31.400000000000002,4.027011706227405,1.7486752523019606,0.880053348263018
31.41,4.027011706227405,1.5628142914734373,1.225889893621769
31.42,4.027011706227405,1.8918146109709353,0.8211135044398526
31.43,4.027011706227405,2.0393567019349144,1.291224250119007
31.44,4.027011706227405,2.0223468540312175,0.8651513522400736
31.45,4.027011706227405,2.286014528187233,1.2925152149149963
31.46,4.027011706227405,1.7230488040081664,0.9858336213202337
31.470000000000002,4.027011706227405,1.8893082298578552,0.9398544771908268
31.48,4.027011706227405,1.8573795471847205,0.9352205378694265
31.490000000000002,4.027011706227405,2.0662320802097276,0.6366565916885534
31.5,4.027011706227405,2.3254546710697235,1.1354705999680044
31.51,4.027011706227405,1.5441842637065835,1.1277431362517787
31.52,4.027011706227405,1.983709094735942,1.1606531300961345
31.53,4.027011706227405,1.9701917718423925,0.7827833470677135
31.54,4.027011706227405,2.05181712138728,0.8465893973349033
31.55,4.027011706227405,2.1050524074905437,0.9531445589668615
31.560000000000002,4.027011706227405,2.0814806477978167,0.8625332103301274
31.57,4.027011706227405,1.7071315324191703,1.155681189770048
31.580000000000002,4.027011706227405,2.228561819715554,1.0381780475728775
31.59,4.027011706227405,2.0773578707474902,1.0850530814029264
31.6,4.027011706227405,1.8167831361609972,1.1393780029679927
31.61,4.027011706227405,2.498199166453137,0.896122711296556
31.62,4.027011706227405,2.238164276529165,0.8964325497797205
31.63,4.027011706227405,1.9783101164401788,0.6265182074197846
31.64,4.027011706227405,2.350173915865638,0.6310850894961313
31.650000000000002,4.027011706227405,2.258385192483886,1.0060171126181212
31.66,4.027011706227405,2.1741085041993795,1.0691961826784233
31.67,4.027011706227405,2.2629875092107454,0.8820644853108429
31.68,4.027011706227405,2.2581418600054155,0.7273154248824474
31.69,4.027011706227405,2.2678853495052693,1.0264692591206346
31.7,4.027011706227405,2.477763430410878,0.820802487887513
31.71,4.027011706227405,2.1346673695581173,0.6376345124411806
31.720000000000002,4.027011706227405,2.5014225518409012,1.0346977446185772
31.73,4.027011706227405,2.3090767362483167,0.5814906693139766
31.740000000000002,4.027011706227405,2.1856725861264996,0.5845211761377354
31.75,4.027011706227405,2.0195401612285777,0.402155559772524
31.76,4.027011706227405,2.2759023098754287,0.9012192366773946
31.77,4.027011706227405,2.01639263493364,0.9065690421800783
31.78,4.027011706227405,2.079587251450401,0.7340936250754388
31.79,4.027011706227405,2.3956248575424905,0.25915457098127964
31.8,4.027011706227405,2.6013940134498474,0.9953479087799766
31.810000000000002,4.027011706227405,2.388832697148077,0.9641191030596189
31.82,4.027011706227405,2.720246611425073,0.5624808591179647
31.830000000000002,4.027011706227405,2.2625429617434607,0.7273350723204479
31.84,4.027011706227405,2.384389211254318,0.7862480621264576
31.85,4.027011706227405,2.4199761872258385,0.5400665785803794
31.86,4.027011706227405,2.4695211526161422,0.8438264355717386
31.87,4.027011706227405,2.288310728409187,0.5126372013894361
31.88,4.027011706227405,2.439749130788357,0.8863711241448174
31.89,4.027011706227405,2.2612672529523565,0.25892076761304367
31.900000000000002,4.027011706227405,2.0442386422455563,0.17114744962420447
31.91,4.027011706227405,2.246729850256508,0.44355478175923824
31.92,4.027011706227405,2.476917888742512,0.7198191628378809
31.93,4.027011706227405,2.694393472599048,0.21546153323834738
31.94,4.027011706227405,2.6048325779541823,0.8975125125979324
31.95,4.027011706227405,2.3104671496489257,0.3509843286336465
31.96,4.027011706227405,2.457284604670847,0.3829640756835865
31.970000000000002,4.027011706227405,2.130736019369983,0.47557839113115924
31.98,4.027011706227405,1.9627582591243704,0.48030533272878106
31.990000000000002,4.027011706227405,2.666196859295962,0.3428130089527216
32.0,4.027011706227405,2.0964288908003708,0.33354269852814666
32.01,4.027011706227405,2.225357829472972,0.3672821053845871
32.02,4.027011706227405,2.5731263309359713,0.2713008986302004
32.03,4.027011706227405,2.3532825238829544,0.42084818548515335
32.04,4.027011706227405,2.358638853003428,0.4748450556230366
32.05,4.027011706227405,2.2774850128585067,0.70268531023595
32.06,4.027011706227405,2.1744099769450846,0.728270836451619
32.07,4.027011706227405,2.351084817723017,0.09466056250774968
32.08,4.027011706227405,2.515132709889516,0.20187438871059538
32.09,4.027011706227405,2.890149322292791,0.5985413618500828
32.1,4.027011706227405,2.5683523461503412,0.06048243724938129
32.11,4.027011706227405,2.989408391752261,0.30153694429754974
32.12,4.027011706227405,2.730415839430803,0.22115657981497813
32.13,4.027011706227405,2.45469759233461,-0.056222661314435374
32.14,4.027011706227405,2.455058403350351,0.3943016190497586
32.15,4.027011706227405,2.192043950067256,0.15159621855468353
32.160000000000004,4.027011706227405,2.7074985978461226,0.35277227454050786
32.17,4.027011706227405,2.233626212864232,0.19074034486626762
32.18,4.027011706227405,2.601140559881071,-0.009634035303457744
32.19,4.027011706227405,2.45038023518245,0.20919364345143643
32.2,4.027011706227405,2.2342536802707293,-0.13810374046345544
32.21,4.027011706227405,2.39991898325123,0.3825785448545594
32.22,4.027011706227405,2.636327131659442,0.12718324129625974
32.230000000000004,4.027011706227405,2.2221127077842584,0.43786496635528127
32.24,4.027011706227405,2.595996418521771,0.11649545267683163
32.25,4.027011706227405,2.1060559598416266,-0.01040619170120409
32.26,4.027011706227405,2.5244286488240157,0.041117514185066956
32.27,4.027011706227405,2.2566480899725816,0.5900021615756383
32.28,4.027011706227405,2.3612294797565383,0.36890887492067187
32.29,4.027011706227405,2.4495459744973354,-0.04258450278734667
32.3,4.027011706227405,2.397460125437242,0.049274034174078774
32.31,4.027011706227405,2.254920165281276,-0.20020760621647704
32.32,4.027011706227405,1.9736743142521183,-0.03847962830335317
32.33,4.027011706227405,2.3465471687899937,0.021573871130874438
32.34,4.027011706227405,2.8223952672010735,0.30726488483781783
32.35,4.027011706227405,2.637220058984445,0.23948669908071812
32.36,4.027011706227405,2.4317803787277352,0.04151704429325135
32.37,4.027011706227405,2.5840550661903467,-0.18285054816990512
32.38,4.027011706227405,2.532801564038218,0.29236734596913144
32.39,4.027011706227405,2.119161156343381,-0.12046144060138528
32.4,4.027011706227405,2.614207100870466,-0.10224988092041254
32.410000000000004,4.027011706227405,2.7288842845022154,0.1354071322088644
32.42,4.027011706227405,2.4416744090946993,0.19987388701802422
32.43,4.027011706227405,2.470535702993466,-0.36487790925138325
32.44,4.027011706227405,2.7227309530045503,0.13017219825914222
32.45,4.027011706227405,2.6469134968154595,-0.09602769697661678
32.46,4.027011706227405,2.7451582202153033,-0.2667095445552385
32.47,4.027011706227405,2.511517921437947,0.035112812735030294
32.480000000000004,4.027011706227405,2.655880520333936,-0.3296226660405356
32.49,4.027011706227405,2.176692924459417,0.06414748447636422
32.5,4.027011706227405,2.525658217802397,0.017662623343071032
32.51,4.027011706227405,2.5819942488666303,0.31652304308747803
32.52,4.027011706227405,2.9826178253479654,-0.48521131362059244
32.53,4.027011706227405,2.5897854737933534,-0.09087286655627383
32.54,4.027011706227405,2.5865035238624787,-0.2415018221902479
32.55,4.027011706227405,2.4186819899740084,-0.34652587930747625
32.56,4.027011706227405,2.4585678877534365,-0.07258110988191016
32.57,4.027011706227405,2.2566512114683874,-0.4670271747674768
32.58,4.027011706227405,2.335580374267941,-0.2622717478341148
32.59,4.027011706227405,2.1709650837583805,-0.042347633365581755
32.6,4.027011706227405,2.892190463317828,-0.5080547998757443
32.61,4.027011706227405,2.3146647780243903,-0.02931374150201621
32.62,4.027011706227405,2.4599887495941566,-0.39729152833377035
32.63,4.027011706227405,2.3456776607830494,-0.024730982526449424
32.64,4.027011706227405,2.3876489871659037,-0.10600997115799984
32.65,4.027011706227405,2.6050336557178118,-0.2879838905546343
32.660000000000004,4.027011706227405,2.382226730686943,-0.14071788670253355
32.67,4.027011706227405,2.4176537321564253,-0.33518675040104023
32.68,4.027011706227405,2.585306405499796,-0.329796696026524
32.69,4.027011706227405,2.5829214862789853,-0.41595460295657444
32.7,4.027011706227405,2.2339134103157847,-0.5349298646123252
32.71,4.027011706227405,2.0184180910256786,0.017643931823306758
32.72,4.027011706227405,2.496423282579644,-0.3297850484195487
32.730000000000004,4.027011706227405,2.4470328356761,-0.264650406412648
32.74,4.027011706227405,2.209443976881493,-0.20325674309726827
32.75,4.027011706227405,2.182555060963415,-0.35520250064141684
32.76,4.027011706227405,2.6238891203358783,0.02520830240409605
32.77,4.027011706227405,2.3796443721439173,-0.39185340496756776
32.78,4.027011706227405,2.288012068149096,-0.41770766805372544
32.79,4.027011706227405,2.123344919408252,-0.6782550359158872
32.8,4.027011706227405,2.4715675209678025,-0.44772139019470203
32.81,4.027011706227405,2.439073240865074,-0.3468767508778279
32.82,4.027011706227405,2.791687050682167,-0.05771314962374463
32.83,4.027011706227405,2.284675537484591,-0.6629516581213724
32.84,4.027011706227405,2.1312041866728006,-0.3613340679820066
32.85,4.027011706227405,2.5647049520529084,-0.39391626207988445
32.86,4.027011706227405,2.4517359868701947,-0.3564819782544473
32.87,4.027011706227405,2.070678351629481,-0.47359359454715233
32.88,4.027011706227405,2.614574828340894,-0.3090773573768804
32.89,4.027011706227405,2.19854892718385,-0.28186557393935463
32.9,4.027011706227405,2.3644549114951157,-0.5688625305443156
32.910000000000004,4.027011706227405,2.6351312974292584,0.10305276905656041
32.92,4.027011706227405,2.5381432228563314,0.059989601412664184
32.93,4.027011706227405,2.495909681742595,-0.48682490300359693
32.94,4.027011706227405,2.414245995999139,-0.6307922792443932
32.95,4.027011706227405,2.677211739569799,-0.3132120371360613
32.96,4.027011706227405,2.707856631681303,0.09841487842323088
32.97,4.027011706227405,1.9532019064392085,-0.23554318734424262
32.980000000000004,4.027011706227405,2.359086940240149,-0.1685843130615961
32.99,4.027011706227405,2.271264718881404,-0.3857285730809863
33.0,4.027011706227405,2.269327799699464,-0.23770293051313263
33.01,4.027011706227405,2.3227045271890776,-0.441731624606864
33.02,4.027011706227405,2.4781194800743434,-0.7585575619669751
33.03,4.027011706227405,2.4165507249755085,-0.525534671813404
33.04,4.027011706227405,2.378112652272841,-0.23429033563104737
33.05,4.027011706227405,2.1330786217077655,-0.3211366127173318
33.06,4.027011706227405,2.495294530693101,-0.33157430907584795
33.07,4.027011706227405,2.1265034046942346,-0.5129127958439486
33.08,4.027011706227405,2.4285999304788706,-0.17107408442524472
33.09,4.027011706227405,1.9782981035592857,-0.33268092795251886
33.1,4.027011706227405,2.3823678103450616,0.1169625987660799
33.11,4.027011706227405,2.337793484813176,0.04169273154362613
33.12,4.027011706227405,2.3710703724817828,-0.5829589657107879
33.13,4.027011706227405,2.259160478585919,-0.4550644858598077
33.14,4.027011706227405,2.4069561566940267,-0.27104641406830643
33.15,4.027011706227405,2.3511165959182607,-0.8663112931022177
33.160000000000004,4.027011706227405,2.253321787302794,-0.2089481297140101
33.17,4.027011706227405,2.4428071154330873,-0.6153531770898003
33.18,4.027011706227405,2.364452058869837,-0.42651711208636295
33.19,4.027011706227405,2.1413109133295354,-0.5026253431894402
33.2,4.027011706227405,2.4299560267447973,-0.3825461551625051
33.21,4.027011706227405,2.35690842703057,-0.10068187830433017
33.22,4.027011706227405,2.4745003376060035,-0.29627662150102174
33.230000000000004,4.027011706227405,2.4437099884029627,-0.46130639845603344
33.24,4.027011706227405,2.327059684725406,-0.5457619213265349
33.25,4.027011706227405,2.175333055685997,-0.3314755989265515
33.26,4.027011706227405,2.1191265427590196,-0.24918965037210442
33.27,4.027011706227405,2.2006239012510527,-0.2505282803759451
33.28,4.027011706227405,2.250096671422745,-0.4744907830873594
33.29,4.027011706227405,2.1185194615291127,-0.4526156388429084
33.3,4.027011706227405,2.2860352549148524,-0.5724143116399427
33.31,4.027011706227405,2.199881548983278,-0.7877382361467133
33.32,4.027011706227405,2.3833560062299513,-0.5611324644681064
33.33,4.027011706227405,2.2879156444564086,-0.22164371609876732
33.34,4.027011706227405,1.9774762731164026,-0.5805250240230156
33.35,4.027011706227405,2.3072013569535965,-0.34637118632396824
33.36,4.027011706227405,2.481749674153729,-0.499022290722148
33.37,4.027011706227405,2.2222596098439693,-0.49555604099647876
33.38,4.027011706227405,2.22981895390867,-0.21540793352921855
33.39,4.027011706227405,1.8941899319679303,-0.22701449678855207
33.4,4.027011706227405,1.8561202070376446,0.03477194200382738
33.410000000000004,4.027011706227405,2.6608915017353043,-0.7036225175239079
33.42,4.027011706227405,1.9950677098505172,-0.5596099602804292
33.43,4.027011706227405,2.253249050928656,-0.4218559975576527
33.44,4.027011706227405,2.3341711378510843,-0.5794125781944472
33.45,4.027011706227405,1.8445974686246902,-0.6354654945981617
33.46,4.027011706227405,2.2295722462902527,-0.4797675948237595
33.47,4.027011706227405,2.1504029386826313,-0.37854745081785357
33.480000000000004,4.027011706227405,2.141780779472106,-0.25420577336014977
33.49,4.027011706227405,2.3034447309003245,-0.7012006332649473
33.5,4.027011706227405,1.94816587394225,-0.4082081511919113
33.51,4.027011706227405,1.9475473723552352,-0.2515557686465807
33.52,4.027011706227405,1.6765308728102002,-0.3862889349685079
33.53,4.027011706227405,2.195756305034421,-0.5311177488437563
33.54,4.027011706227405,2.032208921013056,-0.1348920204362964
33.55,4.027011706227405,2.2364792724959357,-0.8526382450576093
33.56,4.027011706227405,2.204896295716859,-0.48505802945318377
33.57,4.027011706227405,2.093078955117098,-0.7964992491761916
33.58,4.027011706227405,2.143339048081844,-0.559680325299503
33.59,4.027011706227405,2.1827517615063234,-0.5804638050837069
33.6,4.027011706227405,1.4059182711413776,-0.35224003288671
33.61,4.027011706227405,2.0123463695895585,-0.47289005748552043
33.62,4.027011706227405,2.055914599564548,-0.2694493144152635
33.63,4.027011706227405,1.9878999296082795,-0.26591079402371925
33.64,4.027011706227405,2.2069902327342867,-0.33960861935628545
33.65,4.027011706227405,1.652822733147284,-0.3490295498775549
33.660000000000004,4.027011706227405,1.8700025130799953,-0.6403134434898041
33.67,4.027011706227405,2.094870179139708,-0.057941705289559164
33.68,4.027011706227405,1.892419041284451,-0.4490445101106536
33.69,4.027011706227405,2.1842189309150366,-0.5196520218027999
33.7,4.027011706227405,1.8112974569378202,-0.43744624230601414
33.71,4.027011706227405,2.210491916406337,-0.39361268968850555
33.72,4.027011706227405,1.5506854987982182,-0.4150491842558897
33.730000000000004,4.027011706227405,2.009346626474087,-0.22596450529931264
33.74,4.027011706227405,2.022149052670667,-0.15772032115534687
33.75,4.027011706227405,2.032149973124311,-0.651858821032965
33.76,4.027011706227405,1.9079115956482058,-0.6497716970466265
33.77,4.027011706227405,2.0088073525699652,-0.4663025623950492
33.78,4.027011706227405,2.0510959636182204,-0.5754609967308905
33.79,4.027011706227405,1.7489865055764102,-0.19625511733735818
33.8,4.027011706227405,1.9398820930102778,-0.6716406331697069
33.81,4.027011706227405,1.9515703542030816,-0.40903879477070704
33.82,4.027011706227405,2.0346992348635164,-0.34360698334631856
33.83,4.027011706227405,1.8368195266945881,0.02077880056822412
33.84,4.027011706227405,1.7468235925031297,-0.24067327114952525
33.85,4.027011706227405,1.8397003234755285,-0.28921995014945434
33.86,4.027011706227405,2.0984827779449815,-0.7968311935856003
33.87,4.027011706227405,1.882324813219773,-0.41250136450008484
33.88,4.027011706227405,1.8858432608542104,-0.28311447047921817
33.89,4.027011706227405,1.919298189568389,-0.04203028262188396
33.9,4.027011706227405,1.9662235940203499,-0.5152902414994571
33.910000000000004,4.027011706227405,2.077424657249926,-0.628625757841748
33.92,4.027011706227405,1.7283323103600785,-0.43210073628956325
33.93,4.027011706227405,2.072371254136932,-0.21510602163647513
33.94,4.027011706227405,1.6886035592915092,0.20497467086015891
33.95,4.027011706227405,1.9086668583208197,-0.20477641303204663
33.96,4.027011706227405,1.7523185067923046,-0.6794500117583455
33.97,4.027011706227405,1.7157455146459755,-0.4017247943979297
33.980000000000004,4.027011706227405,1.8729320878085192,-0.2650160539119324
33.99,4.027011706227405,2.0431007306897047,-0.3429254474458674
34.0,4.027011706227405,1.6360136703594312,-0.4251853889536125
34.01,4.027011706227405,1.8229634563246286,-0.4307003555685006
34.02,4.027011706227405,2.2627485006425014,-0.2004538082242786
34.03,4.027011706227405,1.951883792556602,-0.17720231060204858
34.04,4.027011706227405,2.0538441680781183,0.051169206540447654
34.05,4.027011706227405,2.212647228005733,-0.21947046503485565
34.06,4.027011706227405,1.9691625757955147,0.07042923383727615
34.07,4.027011706227405,1.7961626884267587,-0.10711380158018649
34.08,4.027011706227405,2.138607691629491,-0.07441848210354177
34.09,4.027011706227405,1.813137259129305,-0.7326156678362653
34.1,4.027011706227405,1.8202872688136098,-0.23666391849620058
34.11,4.027011706227405,2.022676300498486,-0.20583377893140867
34.12,4.027011706227405,1.8547323193937417,-0.5037859249171767
34.13,4.027011706227405,1.475143990749472,-0.09137982091325711
34.14,4.027011706227405,1.812366982528217,-0.37506082027244914
34.15,4.027011706227405,1.7876258510073784,0.08360619750379858
34.160000000000004,4.027011706227405,1.9348623368257383,-0.5553824780338096
34.17,4.027011706227405,1.8766028991410055,-0.3052945763785459
34.18,4.027011706227405,2.17038343101304,-0.03251784064117838
34.19,4.027011706227405,1.8539843189769478,-0.35303382653004933
34.2,4.027011706227405,1.974573140709972,-0.022635046423666566
34.21,4.027011706227405,2.0502124159295674,-0.28715462285641946
34.22,4.027011706227405,2.0347605120371726,-0.16358618285921836
34.230000000000004,4.027011706227405,1.838740373436458,0.19963243763159905
34.24,4.027011706227405,1.6785728279557917,-0.5103640525704816
34.25,4.027011706227405,1.86335679801872,-0.201538457525334
34.26,4.027011706227405,1.8949061724596912,-0.22674684926714772
34.27,4.027011706227405,1.8893423324500542,-0.4123968988587668
34.28,4.027011706227405,2.073819776248915,-0.19174687161383192
34.29,4.027011706227405,1.7020238130773113,-0.36098839672060246
34.300000000000004,4.027011706227405,1.7949839660744207,-0.17725246052869312
34.31,4.027011706227405,1.6834906378903562,0.14989735802158435
34.32,4.027011706227405,2.1443858009829633,0.19704554247436187
34.33,4.027011706227405,1.4489337384724803,-0.1489546903529241
34.34,4.027011706227405,1.6870456216947733,-0.38597457665638046
34.35,4.027011706227405,2.051197440281336,-0.04718775773346104
34.36,4.027011706227405,2.1847271066265486,-0.5620457329631474
34.37,4.027011706227405,1.7777177329419893,-0.2495665385279583
34.38,4.027011706227405,2.168567032184751,-0.03379691736597713
34.39,4.027011706227405,1.6335418537153437,0.06693978534485724
34.4,4.027011706227405,2.2479207043679597,0.06610808152882425
34.410000000000004,4.027011706227405,1.9084922182347221,-0.11562650977792847
34.42,4.027011706227405,1.9300103217770042,-0.23408586919705054
34.43,4.027011706227405,1.8916052089413582,-0.08348236555090126
34.44,4.027011706227405,1.9829963213573445,-0.4212844560392919
34.45,4.027011706227405,1.8614428961854685,-0.13006958341750394
34.46,4.027011706227405,2.0490756614497947,-0.3400923696632485
34.47,4.027011706227405,1.6436470451212086,0.22373197180749366
34.480000000000004,4.027011706227405,1.9612803405786856,-0.31973946520135516
34.49,4.027011706227405,1.991115010407741,-0.33783486773885396
34.5,4.027011706227405,1.7602033083499262,0.2320465351614866
34.51,4.027011706227405,1.7753392450981411,-0.2880900557633934
34.52,4.027011706227405,1.622367378001145,-0.05098709239827597
34.53,4.027011706227405,1.8310735511145917,-0.2550656779041502
34.54,4.027011706227405,1.9755136188306004,-0.08466476904846726
34.550000000000004,4.027011706227405,2.146985733441846,0.3032952380555308
34.56,4.027011706227405,2.085529883875645,-0.3508132280872047
34.57,4.027011706227405,1.9056585481218034,-0.07685113105889722
34.58,4.027011706227405,2.194695654885396,0.0793550473767402
34.59,4.027011706227405,1.8279682714344807,-0.14074481905684996
34.6,4.027011706227405,1.6740780798779793,-0.12893111795119866
34.61,4.027011706227405,1.976759414203185,-0.05065796543810849
34.62,4.027011706227405,2.116466227421896,-0.16144216950317397
34.63,4.027011706227405,1.9449802920059898,0.124325063076372
34.64,4.027011706227405,1.8115490957899345,0.05616880880145862
34.65,4.027011706227405,1.900456948110647,-0.23211009213485595
34.660000000000004,4.027011706227405,1.9951775293810097,-0.06860773184465971
34.67,4.027011706227405,1.8480616975110036,-0.07099921696289746
34.68,4.027011706227405,2.327107012189656,0.1728339254881827
34.69,4.027011706227405,1.8758997023596404,0.2868545190530513
34.7,4.027011706227405,1.5148336077451048,0.12820013924757312
34.71,4.027011706227405,1.7470629618694116,0.09469797396672479
34.72,4.027011706227405,1.9492686508038823,-0.32603170814497956
34.730000000000004,4.027011706227405,1.7133410875825092,0.09017075810421239
34.74,4.027011706227405,2.0235118248671835,-0.21156565867907795
34.75,4.027011706227405,1.7844835614888162,0.24831852596014511
34.76,4.027011706227405,1.7052116750583568,0.05128766598608794
34.77,4.027011706227405,1.690148860540271,-0.18074363974415802
34.78,4.027011706227405,1.4770404097406806,0.07100124121713403
34.79,4.027011706227405,1.7050949055616367,0.011343340887851808
34.800000000000004,4.027011706227405,1.5422512694635107,-0.22639984063623755
34.81,4.027011706227405,1.8004913098496131,0.1737898827304852
34.82,4.027011706227405,1.7123385523909378,0.13815953379238627
34.83,4.027011706227405,2.003768034529293,-0.15892277839058658
34.84,4.027011706227405,1.9804480805289435,-0.2611739408750152
34.85,4.027011706227405,1.882973985887876,-0.3227149664266241
34.86,4.027011706227405,1.6373571509960083,-0.11477571497643654
34.87,4.027011706227405,1.930453748327026,0.12860299349574705
34.88,4.027011706227405,1.786597996821823,0.13450254130655223
34.89,4.027011706227405,1.721207729197457,0.2816235054308876
34.9,4.027011706227405,1.6690942575042067,0.0881790661529134
34.910000000000004,4.027011706227405,1.7380722893750156,0.22215542847447003
34.92,4.027011706227405,1.8905786466355896,0.09770950508328144
34.93,4.027011706227405,1.8938935955220018,-0.27142482205870605
34.94,4.027011706227405,1.9776297127211544,0.19425314161734672
34.95,4.027011706227405,1.480618592884297,-0.019734295061155427
34.96,4.027011706227405,1.6847575586579542,0.22910885680384194
34.97,4.027011706227405,1.497587711430735,0.2755259273544804
34.980000000000004,4.027011706227405,1.8371438416742567,-0.34158232365595403
34.99,4.027011706227405,1.7369059809625609,0.24786369012493048
35.0,4.027011706227405,1.7829025641924297,-0.12461747521826837
35.01,4.027011706227405,1.8108883200084829,0.2357276988791208
35.02,4.027011706227405,2.0637364961604425,0.1982739887513273
35.03,4.027011706227405,1.6555880721080742,-0.01562451666556168
35.04,4.027011706227405,1.7244273278440194,-0.05531757850986321
35.050000000000004,4.027011706227405,1.8627666462960992,0.09076179766745307
35.06,4.027011706227405,2.093068044561367,0.45507267744778723
35.07,4.027011706227405,1.7220610605835927,-0.2164864004987751
35.08,4.027011706227405,1.9649895870155831,-0.14295726779049994
35.09,4.027011706227405,1.8249736712759046,0.052724493935857646
35.1,4.027011706227405,1.6598871710915506,0.009851803320032895
35.11,4.027011706227405,1.8571417619206778,0.12110675623343051
35.12,4.027011706227405,1.5797126877647605,0.10803355339830778
35.13,4.027011706227405,1.7627080119433103,0.1550576272324548
35.14,4.027011706227405,1.7537759541535345,0.39073398794265174
35.15,4.027011706227405,1.8451391503025305,0.018016674946989344
35.160000000000004,4.027011706227405,1.6205287653544593,0.24751590278694663
35.17,4.027011706227405,1.7977221585843157,0.07816289733894684
35.18,4.027011706227405,2.2758064289487705,0.048241352833300374
35.19,4.027011706227405,2.0888311320787647,0.04372266247571313
35.2,4.027011706227405,1.9294516144088891,0.4969995005208814
35.21,4.027011706227405,2.3407880516299224,0.14438157677539226
35.22,4.027011706227405,1.391741665754489,0.2520422958985883
35.230000000000004,4.027011706227405,1.7558494722874634,-0.01859516452211149
35.24,4.027011706227405,1.7473753597184372,0.10473357412795382
35.25,4.027011706227405,1.5853599639313214,0.019523792841572143
35.26,4.027011706227405,1.9192374702096107,-0.2738560601126105
35.27,4.027011706227405,1.9842011874478858,0.09309626636162831
35.28,4.027011706227405,1.8725511144044789,-0.3108055210710803
35.29,4.027011706227405,1.7993110126324736,0.3093472668528461
35.300000000000004,4.027011706227405,2.0856914939762543,0.1339814333429602
35.31,4.027011706227405,1.9532038949659056,0.4560443969211421
35.32,4.027011706227405,2.2496053030935057,0.21654612555980113
35.33,4.027011706227405,1.4774406592390514,0.24356422912038456
35.34,4.027011706227405,1.9340037456472667,0.013790289437009523
35.35,4.027011706227405,2.008131906924526,0.04717218267045606
35.36,4.027011706227405,1.9243764881675032,0.2766785038212221
35.37,4.027011706227405,1.701879894205514,0.6437642351160039
35.38,4.027011706227405,1.8881040972708405,-0.030927812840328417
35.39,4.027011706227405,1.7466275796068316,0.08181629706547472
35.4,4.027011706227405,2.1183687859280247,0.4466710661753258
35.410000000000004,4.027011706227405,2.0652707508496397,-0.03443834095329146
35.42,4.027011706227405,1.9425749417234743,0.2356339571825949
35.43,4.027011706227405,1.9457110715828474,-0.007408842685660361
35.44,4.027011706227405,1.669490430736987,0.26131945551006597
35.45,4.027011706227405,1.6975184194753932,0.08991549535799279
35.46,4.027011706227405,2.090405949735536,-0.2303556630762272
35.47,4.027011706227405,1.9606451022642155,0.3594382461953714
35.480000000000004,4.027011706227405,1.8286714528068626,0.06947199491654657
35.49,4.027011706227405,2.3795872600366206,0.06955930896582549
35.5,4.027011706227405,1.8528412691335534,0.0895069381232449
35.51,4.027011706227405,1.656773136455036,-0.015217989002981547
35.52,4.027011706227405,1.7671157955634649,0.1596949602528838
35.53,4.027011706227405,1.9889976948817762,0.04314577926278082
35.54,4.027011706227405,2.040865483182436,0.04170986458325038
35.550000000000004,4.027011706227405,1.916357937462118,0.12657934554707334
35.56,4.027011706227405,1.9022554402031087,0.10626058882873099
35.57,4.027011706227405,2.0957569931861473,0.26740067591756145
35.58,4.027011706227405,2.0610130623264276,-0.29806871367032794
35.59,4.027011706227405,1.6034338374769619,0.27528626812802387
35.6,4.027011706227405,2.2208439265856224,0.16073024538606973
35.61,4.027011706227405,1.8782632629190468,-0.14040800533520956
35.62,4.027011706227405,1.842783876804594,0.05766664745832699
35.63,4.027011706227405,1.8779319799536278,-0.05015801527301339
35.64,4.027011706227405,1.8442290821710965,0.1598899712984028
35.65,4.027011706227405,2.082114780592166,-0.1995854390190111
35.660000000000004,4.027011706227405,1.9875199208239902,0.3864199445214216
35.67,4.027011706227405,1.8501994361718226,-0.14302117495153208
35.68,4.027011706227405,1.9031507325826515,0.5599133306629418
35.69,4.027011706227405,2.034423104899786,0.36955837616479204
35.7,4.027011706227405,1.8998351275070102,-0.10830021451651312
35.71,4.027011706227405,2.3151518734524377,0.1805377441134144
35.72,4.027011706227405,2.167090228608281,0.18656557584882533
35.730000000000004,4.027011706227405,1.693272489910731,0.34974673281456126
35.74,4.027011706227405,1.6971552024174834,0.2257959819606756
35.75,4.027011706227405,2.135502305413032,0.44338607472354397
35.76,4.027011706227405,1.9240453354300928,0.34909461545998033
35.77,4.027011706227405,1.978915913482673,0.07211068884475166
35.78,4.027011706227405,2.2160539968772452,-0.13484793603650883
35.79,4.027011706227405,2.176487772235056,-0.03208086352475209
35.800000000000004,4.027011706227405,1.4725903476701871,0.03256525780878178
35.81,4.027011706227405,1.901711220455789,-0.0798047326017382
35.82,4.027011706227405,1.6072748687838476,0.059731280169007764
35.83,4.027011706227405,1.9546804589517985,0.4281780968911001
35.84,4.027011706227405,2.2502390656885685,-0.00022976627317849996
35.85,4.027011706227405,2.2788431023498874,-0.0983426518186663
35.86,4.027011706227405,1.8792475789681093,0.592534236084959
35.87,4.027011706227405,1.8744397235543697,-0.2308803616113634
35.88,4.027011706227405,2.0155434809284403,-0.06756123076247225
35.89,4.027011706227405,1.8865064217372394,0.25750524601822955
35.9,4.027011706227405,1.7677651974927027,0.3917832632030536
35.910000000000004,4.027011706227405,1.9950258219254864,-0.14804693075421482
35.92,4.027011706227405,2.3808591711137557,-0.1261865123399257
35.93,4.027011706227405,2.0960769694075454,0.3046750180910098
35.94,4.027011706227405,1.9327587952697254,0.0417909132714757
35.95,4.027011706227405,2.243763866031446,0.14548883115238914
35.96,4.027011706227405,1.910622285392858,0.2630791811426191
35.97,4.027011706227405,1.8859095647732638,-0.11646200278882521
35.980000000000004,4.027011706227405,2.1588782504131934,0.39177779248994193
35.99,4.027011706227405,1.8457231819219564,0.10823127025177548
36.0,4.027011706227405,1.8815837280630892,0.2081658567671863
36.01,4.027011706227405,1.7419538829095766,0.039326608315239875
36.02,4.027011706227405,1.9051999072281196,0.1481816304227803
36.03,4.027011706227405,2.2921911465315246,0.16386642524105627
36.04,4.027011706227405,2.5746297098901922,0.36041082553895887
36.050000000000004,4.027011706227405,1.9565391923228332,-0.12133060004482304
36.06,4.027011706227405,1.821211618388556,-0.012590849110251781
36.07,4.027011706227405,2.1298281970446684,0.3665323905034713
36.08,4.027011706227405,1.8215397490615364,-0.21826687410201667
36.09,4.027011706227405,1.9226870560618512,-0.014390404184582567
36.1,4.027011706227405,2.1894552785302386,-0.17272890539856428
36.11,4.027011706227405,1.8109808032002113,-0.19430628750478762
36.12,4.027011706227405,2.1810821589358436,-0.11621124846038948
36.13,4.027011706227405,2.074318788070552,0.4453047521109793
36.14,4.027011706227405,2.3351304233247774,-0.21134157828187558
36.15,4.027011706227405,1.9865753393994634,0.3977518593063416
36.160000000000004,4.027011706227405,2.1645745999714197,0.05946501109618023
36.17,4.027011706227405,1.8984862782385192,-0.042568508336560576
36.18,4.027011706227405,1.7913257493863943,-0.1749649254555905
36.19,4.027011706227405,1.771773297767087,0.19038060724878064
36.2,4.027011706227405,2.2542805178328478,-0.01904830301709695
36.21,4.027011706227405,1.9008105338885453,0.10765392300742936
36.22,4.027011706227405,1.883960465322927,-0.13880264826539768
36.230000000000004,4.027011706227405,2.0704516397352184,0.06510546734473216
36.24,4.027011706227405,1.827962436881579,-0.3279527730507385
36.25,4.027011706227405,2.1260686242656286,-0.019074347302729944
36.26,4.027011706227405,2.2816606386063074,0.10654306160735147
36.27,4.027011706227405,1.7671846380157934,0.2549764977431489
36.28,4.027011706227405,2.2413839336855705,0.5262656800934475
36.29,4.027011706227405,1.8755669818696723,-0.18535760746575589
36.300000000000004,4.027011706227405,1.9125573456565574,0.28681669520006875
36.31,4.027011706227405,1.860861504145268,0.054633488027932685
36.32,4.027011706227405,2.1984602568657103,-0.03479414298487625
36.33,4.027011706227405,1.741940686646001,0.1349412885447718
36.34,4.027011706227405,1.9792177536041442,0.08112968015840549
36.35,4.027011706227405,2.064887320159447,0.17603009412936904
36.36,4.027011706227405,1.9799660359426632,0.1584696376420496
36.37,4.027011706227405,2.2533761657156495,-0.19217405679371297
36.38,4.027011706227405,2.0995417869452995,0.20597442268477129
36.39,4.027011706227405,1.9455249284396614,0.15976255634844502
36.4,4.027011706227405,2.328803692993592,-0.21786467767354317
36.410000000000004,4.027011706227405,1.9944407482453819,-0.0021509674677447632
36.42,4.027011706227405,2.5243952936733343,-0.13837468592898838
36.43,4.027011706227405,1.8488708095694952,-0.11177619609262829
36.44,4.027011706227405,2.3647037580308505,-0.2738918947684841
36.45,4.027011706227405,2.0988024054366203,0.05591007969467398
36.46,4.027011706227405,2.347321265628897,0.10263676909592835
36.47,4.027011706227405,2.0835587510906093,-0.27068057550258934
36.480000000000004,4.027011706227405,1.9982418605806862,0.2648997117323673
36.49,4.027011706227405,1.7584231922698979,0.31053547634647394
36.5,4.027011706227405,2.121221887873246,0.2749865823705771
36.51,4.027011706227405,1.832985873090266,0.18721658068064534
36.52,4.027011706227405,1.6807482734664752,0.22864021060566664
36.53,4.027011706227405,2.130107306767512,0.10952764270250284
36.54,4.027011706227405,2.1774718590200464,0.16840743983254958
36.550000000000004,4.027011706227405,1.8443301085649064,0.2846847437068704
36.56,4.027011706227405,2.1159173297997644,-0.25762386743996696
36.57,4.027011706227405,1.923114669663953,0.3222074340266001
36.58,4.027011706227405,2.113314066913478,-0.25303062890056516
36.59,4.027011706227405,2.1122490004346464,-0.5170959674628741
36.6,4.027011706227405,1.8450337658204365,0.18274086684012236
36.61,4.027011706227405,2.1692869457491066,0.10282396043311687
36.62,4.027011706227405,2.0661582888743975,-0.04997889949872211
36.63,4.027011706227405,1.9479115853112274,-0.2866725660860887
36.64,4.027011706227405,1.8135520475379485,0.2450252687831824
36.65,4.027011706227405,1.983964395604601,0.11846684273606102
36.660000000000004,4.027011706227405,1.9406538480361903,0.3355587560947636
36.67,4.027011706227405,1.9137318817205469,0.06265241750076449
36.68,4.027011706227405,2.2880638008150265,0.15725814553213274
36.69,4.027011706227405,1.8655314724065262,0.23536513492506053
36.7,4.027011706227405,2.1438542998855414,-0.19314976426179672
36.71,4.027011706227405,2.0505651029630383,-0.16568739307494412
36.72,4.027011706227405,2.172668217408115,0.28008469674534897
36.730000000000004,4.027011706227405,2.002755844629418,0.08599205122038095
36.74,4.027011706227405,2.2172480719321226,-0.275175322966452
36.75,4.027011706227405,1.8030180602843744,0.19769980981215565
36.76,4.027011706227405,2.196195922180274,0.326459381353447
36.77,4.027011706227405,1.9484363272742842,0.3080413805803933
36.78,4.027011706227405,2.188089668066707,-0.3205830074263367
36.79,4.027011706227405,1.898553170956664,0.29505293961306456
36.800000000000004,4.027011706227405,2.3403377386579844,-0.016448448914159287
36.81,4.027011706227405,2.2535654693083558,-0.04821520902425651
36.82,4.027011706227405,2.2203029970788704,0.03776213174411851
36.83,4.027011706227405,2.0918068178705287,0.48578415831996963
36.84,4.027011706227405,1.9162053220781237,0.06106397426032616
36.85,4.027011706227405,1.8976842018774367,-0.13913885308442794
36.86,4.027011706227405,2.072419134112739,0.20714416770197372
36.87,4.027011706227405,2.2286250028289496,0.2985525675998474
36.88,4.027011706227405,1.6272388465341008,-0.13403004276035596
36.89,4.027011706227405,2.1405900458523375,-0.13637391297635287
36.9,4.027011706227405,2.0457507652535933,0.2277763931710481
36.910000000000004,4.027011706227405,1.7767816817196225,-0.10112701861388612
36.92,4.027011706227405,1.626496558660041,0.42486569458569035
36.93,4.027011706227405,2.2479386026871215,-0.03963962694414322
36.94,4.027011706227405,1.9743590921565626,-0.2328443912050585
36.95,4.027011706227405,2.2929121790674856,0.0877956617169647
36.96,4.027011706227405,2.035463177642029,-0.33790114104913516
36.97,4.027011706227405,2.2206836641345844,-0.2089382964867763
36.980000000000004,4.027011706227405,2.133966264775024,-0.16748452933746938
36.99,4.027011706227405,2.0979919656143626,-0.03357340777824401
37.0,4.027011706227405,1.8099502778714451,0.23844415754574633
37.01,4.027011706227405,1.8265923373490462,0.20961762059214978
37.02,4.027011706227405,2.525258727478556,-0.2871759853044688
37.03,4.027011706227405,1.8765102839633383,0.03926909234430498
37.04,4.027011706227405,2.308680326005068,0.3558945551084593
37.050000000000004,4.027011706227405,2.225541393528341,-0.07185028763015759
37.06,4.027011706227405,2.218286668667034,-0.009920713022814921
37.07,4.027011706227405,1.787323374476601,0.3821766016910856
37.08,4.027011706227405,2.0736167455099315,0.2640182196897493
37.09,4.027011706227405,2.2057247297691385,0.31224573128442423
37.1,4.027011706227405,2.1915980992680235,0.11365538807397556
37.11,4.027011706227405,1.8939772476785919,-0.12155335427562393
37.12,4.027011706227405,1.907774646785468,-0.21763376918867325
37.13,4.027011706227405,1.779495199594648,-0.03318388908090457
37.14,4.027011706227405,2.112722164248218,0.03179484123613597
37.15,4.027011706227405,2.091021129788192,0.27220769985293386
37.160000000000004,4.027011706227405,1.9674217092009296,-0.006577856020614956
37.17,4.027011706227405,1.951093426891914,-0.20836546837988407
37.18,4.027011706227405,2.0160470894277447,-0.056962275634107475
37.19,4.027011706227405,2.171148373261408,-0.03647789333538021
37.2,4.027011706227405,1.62000399830637,-0.16883650074565743
37.21,4.027011706227405,1.8101289059414207,-0.17121592664113996
37.22,4.027011706227405,1.9104202729094368,-0.036745629371937545
37.230000000000004,4.027011706227405,2.085767637028016,-0.09048795654041372
37.24,4.027011706227405,2.3359562869564714,0.17569208564782576
37.25,4.027011706227405,2.0072755434056493,-0.12849523012919328
37.26,4.027011706227405,2.3774792355256342,0.24057082324966936
37.27,4.027011706227405,1.9328186092776298,0.08037026438789424
37.28,4.027011706227405,2.052654123104076,0.1076801035398796
37.29,4.027011706227405,1.8100726108997631,-0.09267466245577499
37.300000000000004,4.027011706227405,2.039385523313191,0.44536808879615913
37.31,4.027011706227405,2.250339148236291,-0.21661446412645757
37.32,4.027011706227405,2.232702274563293,0.019788206114557134
37.33,4.027011706227405,2.1897110172578227,0.32769576639005926
37.34,4.027011706227405,2.246626904846568,0.01913167576233201
37.35,4.027011706227405,2.1359416682951977,-0.4126084594287916
37.36,4.027011706227405,1.8123783473454687,-0.09719229693927298
37.37,4.027011706227405,2.1427397685643963,0.1188103281521551
37.38,4.027011706227405,2.0341260120216376,0.2462307275440034
37.39,4.027011706227405,2.158390410375663,-0.065725262586195
37.4,4.027011706227405,2.042817541911447,0.18762121360779935
37.410000000000004,4.027011706227405,2.1555636348933094,0.2063867536695955
37.42,4.027011706227405,2.1230042510432527,0.023377367509166636
37.43,4.027011706227405,1.889858189211419,0.3641794468951532
37.44,4.027011706227405,2.2885249289926195,0.238328182229654
37.45,4.027011706227405,1.7902251636988524,-0.22053243882291274
37.46,4.027011706227405,2.069124381963663,-0.3669757347035538
37.47,4.027011706227405,2.122817733227284,0.17488490505314855
37.480000000000004,4.027011706227405,2.3870175452612656,-0.29893569524255287
37.49,4.027011706227405,2.022067330380832,0.3193332565472116
37.5,4.027011706227405,1.9565763038067692,-0.2026141889235246
37.51,4.027011706227405,2.2264382808158087,-0.1618563725148609
37.52,4.027011706227405,2.260957746409548,-0.18758252926711633
37.53,4.027011706227405,2.201684289313101,-0.4044921447678799
37.54,4.027011706227405,2.2647862160252887,-0.057210900568106765
37.550000000000004,4.027011706227405,2.083745255063091,-0.022323286262636237
37.56,4.027011706227405,2.1497756696216976,0.1932340186813146
37.57,4.027011706227405,1.9803003852638288,0.19828105590069142
37.58,4.027011706227405,2.195692953926889,-0.2311166545623582
37.59,4.027011706227405,2.2717184829454777,0.0007526036014468135
37.6,4.027011706227405,2.0035858255816144,0.41954568436647294
37.61,4.027011706227405,1.988094213276119,-0.32078698468388056
37.62,4.027011706227405,2.020643800860895,0.11743228110850237
37.63,4.027011706227405,1.8978868601405667,-0.17025058575445232
37.64,4.027011706227405,1.8569563652630097,0.12864084262118755
37.65,4.027011706227405,1.623994658260786,-0.3525380746536287
37.660000000000004,4.027011706227405,1.9936146738111094,0.09283880773436234
37.67,4.027011706227405,1.8578098938281409,-0.0609127344738105
37.68,4.027011706227405,1.9471996981189994,-0.1576201537802072
37.69,4.027011706227405,2.0292963714825016,-0.12446031088425968
37.7,4.027011706227405,2.051807241778645,0.3191743555178239
37.71,4.027011706227405,2.2036566401970816,-0.22007971879649119
37.72,4.027011706227405,2.26213604091298,-0.07897615410078065
37.730000000000004,4.027011706227405,1.9598743754947372,0.18225284653756424
37.74,4.027011706227405,2.1918304821578074,-0.015588449386910275
37.75,4.027011706227405,1.9654851648984755,0.10617080174199535
37.76,4.027011706227405,2.045406909358807,0.09573555651631252
37.77,4.027011706227405,2.115949523099396,0.20302250225531152
37.78,4.027011706227405,2.26426725370138,-0.09003104099304785
37.79,4.027011706227405,1.9012866234576538,-0.14688951886724486
37.800000000000004,4.027011706227405,1.900113475193013,0.1800580129855363
37.81,4.027011706227405,2.12622262698815,0.15407863995668566
37.82,4.027011706227405,2.0763281217894582,-0.29723476041946534
37.83,4.027011706227405,1.6820140551282323,0.008559112889846163
37.84,4.027011706227405,1.8634195386530175,-0.08823437734478219
37.85,4.027011706227405,2.0551951090739657,-0.05583974827809712
37.86,4.027011706227405,1.7159489795091216,-0.04676314344739605
37.87,4.027011706227405,2.2244863054798314,-0.2555516007965367
37.88,4.027011706227405,2.112880031933186,-0.0601261138531431
37.89,4.027011706227405,2.0177061242087904,-0.07447123774571862
37.9,4.027011706227405,1.9185473287118737,-0.12137810301431023
37.910000000000004,4.027011706227405,2.0554489677122714,-0.3414157854201002
37.92,4.027011706227405,2.2753085274875775,-0.146707574670133
37.93,4.027011706227405,2.194940316654116,0.05064611819662787
37.94,4.027011706227405,1.9250373329803718,0.27020794383588137
37.95,4.027011706227405,2.0592780517019067,0.07444941639802051
37.96,4.027011706227405,1.9606235946220645,0.04712236558831539
37.97,4.027011706227405,2.0945202510054917,-0.13533352994295558
37.980000000000004,4.027011706227405,1.7814707354125061,-0.019724739557216105
37.99,4.027011706227405,2.258880713715184,0.011461276881862048
38.0,4.027011706227405,1.9404230342545317,-0.071008728517919
38.01,4.027011706227405,1.7790458105730083,-0.14067839348662006
38.02,4.027011706227405,2.0996318335788837,-0.05763987559476845
38.03,4.027011706227405,1.9761627381012894,-0.6077516295803742
38.04,4.027011706227405,2.172902601003726,-0.12671076133053163
38.050000000000004,4.027011706227405,2.04901643463422,0.24900780853298826
38.06,4.027011706227405,1.8655751899129367,-0.03271663203569081
38.07,4.027011706227405,2.0473401510283513,-0.009697147995083567
38.08,4.027011706227405,2.376544469705662,0.19293382748390997
38.09,4.027011706227405,1.921114973855596,0.005098977726595275
38.1,4.027011706227405,1.9755613917710235,0.22195873385480658
38.11,4.027011706227405,1.9661477733592752,0.08031561229979714
38.12,4.027011706227405,2.085614106619605,-0.028804213402805076
38.13,4.027011706227405,2.2015152943713305,-0.21238916875367547
38.14,4.027011706227405,1.8445352219633104,-0.0764398367877998
38.15,4.027011706227405,2.2513269642239533,0.4143255113838192
38.160000000000004,4.027011706227405,1.9273670296257033,-0.22079930609311102
38.17,4.027011706227405,2.022405286362395,0.01696487342608128
38.18,4.027011706227405,1.9668606725736535,0.36355881439871274
38.19,4.027011706227405,2.2568089454200195,-0.18124105654491995
38.2,4.027011706227405,1.877008582944883,0.07816197885562204
38.21,4.027011706227405,2.126061471653395,0.026834313223504214
38.22,4.027011706227405,2.331431435935607,-0.010694363629086968
38.230000000000004,4.027011706227405,2.2527218011079797,0.20811248130041737
38.24,4.027011706227405,1.628025467532838,0.0044844872384709675
38.25,4.027011706227405,1.9938313691074618,0.0005160425220600909
38.26,4.027011706227405,2.128970819026279,0.05337012183043878
38.27,4.027011706227405,2.120504192699297,0.24326308803282282
38.28,4.027011706227405,1.9001120445407969,-0.18032930936130284
38.29,4.027011706227405,1.9383616043226608,0.3258019411607096
38.300000000000004,4.027011706227405,2.1701392041676253,-0.4717584702047569
38.31,4.027011706227405,2.154540791389216,-0.12831932695275983
38.32,4.027011706227405,1.9528957055663931,0.2133642355854674
38.33,4.027011706227405,2.0313325513912495,-0.2170901702300821
38.34,4.027011706227405,2.0728954584717814,0.00693672058090674
38.35,4.027011706227405,1.780052277747301,-0.12221763064687381
38.36,4.027011706227405,1.9995528570618488,-0.2372432992777079
38.37,4.027011706227405,1.803503004265167,-0.22426373246494366
38.38,4.027011706227405,2.1862965963602075,-0.08922094305948816
38.39,4.027011706227405,2.071862128222197,-0.23399064868620456
38.4,4.027011706227405,2.112878402753742,0.16890774018427518
38.410000000000004,4.027011706227405,2.1504086116687193,-0.3457080039896325
38.42,4.027011706227405,2.35912024357118,-0.14354772877898908
38.43,4.027011706227405,2.054016307286382,0.16548130552729856
38.44,4.027011706227405,1.7373224567413759,0.07893853559910316
38.45,4.027011706227405,1.8595031631546,-0.10868696567542023
38.46,4.027011706227405,1.89193569487065,-0.5543879342263947
38.47,4.027011706227405,1.954856105471676,0.39648414575685226
38.480000000000004,4.027011706227405,1.7223125202540461,-0.011311685257533195
38.49,4.027011706227405,2.2147545657127776,0.11379053285882682
38.5,4.027011706227405,2.13739747796092,-0.23562284214500462
38.51,4.027011706227405,2.1954715799147135,-0.06801942754717258
38.52,4.027011706227405,2.0331001426157562,0.412735429004393
38.53,4.027011706227405,2.067715261193921,0.21320645729150864
38.54,4.027011706227405,1.589665135015357,0.04588768878054645
38.550000000000004,4.027011706227405,1.7666740130282,0.1511035987286609
38.56,4.027011706227405,2.3625824953597028,0.11134150634417025
38.57,4.027011706227405,1.6873316221181902,-0.21326402684051327
38.58,4.027011706227405,2.1847073307941915,0.029739028282706054
38.59,4.027011706227405,1.9549053462416113,0.18794673433001974
38.6,4.027011706227405,2.0586505006727656,-0.36314042715772693
38.61,4.027011706227405,1.649590036236003,0.19344542689292576
38.62,4.027011706227405,2.068614323113285,-0.13062613598989872
38.63,4.027011706227405,2.1803036096541706,0.08561673913972712
38.64,4.027011706227405,1.534494214326321,-0.18634974796775935
38.65,4.027011706227405,1.9395640564412133,-0.3021173913358489
38.660000000000004,4.027011706227405,1.8506511862897561,0.2709081166487595
38.67,4.027011706227405,1.8477534671284745,0.27226736829901016
38.68,4.027011706227405,2.253770674966493,0.12266265497687365
38.69,4.027011706227405,2.3854242274419555,-0.03457002655695375
38.7,4.027011706227405,2.426727307758225,-0.008141106688219175
38.71,4.027011706227405,2.211150225733464,-0.14463503433981365
38.72,4.027011706227405,2.2399285149033994,0.4589264627027352
38.730000000000004,4.027011706227405,2.128668274814614,-0.13270737735333604
38.74,4.027011706227405,2.0172777445823993,0.0637554429984746
38.75,4.027011706227405,1.8529017897405404,0.1202494194599173
38.76,4.027011706227405,2.2813344557494917,0.05647007367622606
38.77,4.027011706227405,2.1414511205207374,-0.047254823556212605
38.78,4.027011706227405,1.7312411208490224,-0.07068218822241562
38.79,4.027011706227405,2.0150645765810933,-0.06499281786287549
38.800000000000004,4.027011706227405,2.0429027224870633,-0.31723625344829853
38.81,4.027011706227405,2.018497952398461,0.2427436228630591
38.82,4.027011706227405,2.3172648588175453,-0.2317940599309956
38.83,4.027011706227405,2.24641008493705,-0.0033351759511025605
38.84,4.027011706227405,1.7284149263253958,0.1542649048940833
38.85,4.027011706227405,1.6116862903801499,0.11962976692925177
38.86,4.027011706227405,2.1283678494484253,-0.03184015897239355
38.87,4.027011706227405,1.709146855766734,0.2659860327540882
38.88,4.027011706227405,2.256788061604902,0.037665922397883356
38.89,4.027011706227405,1.9709566537464551,0.08631291275662258
38.9,4.027011706227405,1.9063998501596555,-0.19768993670903715
38.910000000000004,4.027011706227405,1.8940596410030999,-0.14625737142914852
38.92,4.027011706227405,2.4106168121237506,-0.16631642604370864
38.93,4.027011706227405,1.7610410083186305,-0.07458754407966102
38.94,4.027011706227405,1.8467194347439104,-0.11527989777709559
38.95,4.027011706227405,2.2975298113996114,-0.028598122882768157
38.96,4.027011706227405,2.118865985307201,-0.05569101644965407
38.97,4.027011706227405,1.8188716666738012,0.04173067925015283
38.980000000000004,4.027011706227405,1.8047102407241746,-0.087706359234951
38.99,4.027011706227405,1.9779044360626497,0.23723103307784393
39.0,4.027011706227405,2.160615520230121,-0.4713158469784266
39.01,4.027011706227405,1.772554914664709,-0.10063514124874354
39.02,4.027011706227405,2.113166125615613,0.35627795799584727
39.03,4.027011706227405,1.8665859043720605,0.04102636352146964
39.04,4.027011706227405,1.8418757385439881,-0.1446130454545435
39.050000000000004,4.027011706227405,1.8989673569605645,-0.3676144960984279
39.06,4.027011706227405,1.9234683580163903,-0.16435593873122206
39.07,4.027011706227405,1.7126036326180296,0.25238442686164875
39.08,4.027011706227405,1.9821383012852158,-0.04186853323546266
39.09,4.027011706227405,1.8819515530358615,0.027554636001729214
39.1,4.027011706227405,1.8606201124796566,0.35323704113506427
39.11,4.027011706227405,1.9757813544723952,0.14432564106535575
39.12,4.027011706227405,1.864204126654667,0.10099614268371382
39.13,4.027011706227405,1.7242183329533027,0.27849724671549253
39.14,4.027011706227405,2.2586361620684006,-0.07220183888656644
39.15,4.027011706227405,1.9006637338921268,-0.07212662225556513
39.160000000000004,4.027011706227405,1.941777364780119,-0.22608912523241131
39.17,4.027011706227405,1.795917917662865,-0.20265374814464499
39.18,4.027011706227405,2.080180607388836,0.12736933962445887
39.19,4.027011706227405,2.1070004003226113,-0.045326069075069114
39.2,4.027011706227405,1.9585801984879228,0.09281482228323104
39.21,4.027011706227405,2.0704891883943346,-0.16480762951669922
39.22,4.027011706227405,1.9906350640087591,0.2949127783251067
39.230000000000004,4.027011706227405,2.01519559363564,0.003004544817292269
39.24,4.027011706227405,2.2087693423243415,-0.2942067998453489
39.25,4.027011706227405,1.976711175143911,-0.10418677653616969
39.26,4.027011706227405,1.8187677361969643,-0.43725270568867564
39.27,4.027011706227405,2.1648448569609626,0.276036278839222
39.28,4.027011706227405,1.8981931367265885,0.0912261495678897
39.29,4.027011706227405,2.2333224197149764,-0.0453816571801158
39.300000000000004,4.027011706227405,1.9647040799115205,0.17227103449352077
39.31,4.027011706227405,2.027026094531203,-0.05242511310355578
39.32,4.027011706227405,2.0078876290732333,0.34939320324496953
39.33,4.027011706227405,1.9145046123907743,0.28439158496475037
39.34,4.027011706227405,1.950055615941359,-0.13009506024791392
39.35,4.027011706227405,1.5518390803711368,0.13276361274968335
39.36,4.027011706227405,2.091678619495052,0.05555255192363603
39.37,4.027011706227405,2.207273279101965,0.061594767616522536
39.38,4.027011706227405,2.1329006033951936,0.07537259908050575
39.39,4.027011706227405,1.8644022763206185,-0.08303527936203398
39.4,4.027011706227405,1.8577719187340107,0.003410647241757397
39.410000000000004,4.027011706227405,2.0665050199642243,0.11081413026919466
39.42,4.027011706227405,1.9389526128716754,-0.059512775390962
39.43,4.027011706227405,1.954663906834463,-0.23758185787634048
39.44,4.027011706227405,1.81523979349259,-0.5711245843838816
39.45,4.027011706227405,2.2640538671256336,0.17391558161906584
39.46,4.027011706227405,2.008543570900571,-0.06964964907252284
39.47,4.027011706227405,1.9389942223697654,0.03180261286256661
39.480000000000004,4.027011706227405,1.9914989033157529,-0.1373897912133996
39.49,4.027011706227405,2.020473280333191,-0.017824408539861534
39.5,4.027011706227405,2.2139392063823413,0.04805889149530965
39.51,4.027011706227405,1.89836340148856,-0.16971861187390794
39.52,4.027011706227405,1.8563748902394879,-0.003567036916980187
39.53,4.027011706227405,2.1446245381280375,0.03834257615494907
39.54,4.027011706227405,1.8752559163908729,-0.04293938608292874
39.550000000000004,4.027011706227405,2.1154777092850083,0.2530673940139433
39.56,4.027011706227405,1.8908982403335157,0.13823030497603908
39.57,4.027011706227405,1.8645701356090911,-0.02265276532273225
39.58,4.027011706227405,1.996955188387916,-0.0965648017149947
39.59,4.027011706227405,2.2138446884893948,-0.2136416710001504
39.6,4.027011706227405,2.0264891737185065,0.09845276838072498
39.61,4.027011706227405,1.817214358301449,0.01644153013983053
39.62,4.027011706227405,2.0771979284689426,-0.13284830259602085
39.63,4.027011706227405,1.785237703567863,0.21704512908937862
39.64,4.027011706227405,1.8108184433505539,0.26514715262276145
39.65,4.027011706227405,1.6519591074580924,-0.17413691600769013
39.660000000000004,4.027011706227405,2.1440982393995887,-0.04267126288873716
39.67,4.027011706227405,2.0949956855547645,0.1802495202468878
39.68,4.027011706227405,1.9696365713884425,-0.05611864260547354
39.69,4.027011706227405,1.8919208722285938,0.16386269902385212
39.7,4.027011706227405,1.8893449653095045,0.17827714670933
39.71,4.027011706227405,1.5981531052553195,0.1290791595583843
39.72,4.027011706227405,1.8223679688382175,-0.23015410407278838
39.730000000000004,4.027011706227405,1.6759649472391094,-0.18765257720255601
39.74,4.027011706227405,2.324539763536775,0.26731189722823784
39.75,4.027011706227405,1.8479247194705766,0.21904791223569192
39.76,4.027011706227405,1.9474927656560679,-0.0967180531621742
39.77,4.027011706227405,2.312812205203726,0.10460790875531902
39.78,4.027011706227405,2.245776456117051,-0.2217974355993751
39.79,4.027011706227405,2.247055416495958,-0.19477315220559457
39.800000000000004,4.027011706227405,1.7873114374347419,-0.012226693977058499
39.81,4.027011706227405,2.114230246419496,0.01989671240494147
39.82,4.027011706227405,1.8882682064279324,-0.15704082603983335
39.83,4.027011706227405,1.9342615060436652,0.09399203236706369
39.84,4.027011706227405,2.3380973490328376,0.15068846785047404
39.85,4.027011706227405,2.117488703118973,-0.03441636089004016
39.86,4.027011706227405,1.998741094904016,-0.03549697495026519
39.87,4.027011706227405,1.806102792904956,0.19435867885768338
39.88,4.027011706227405,1.9247062225539129,0.0046551198741818355
39.89,4.027011706227405,2.087710836144151,-0.12838310763800026
39.9,4.027011706227405,1.9590019195994104,-0.3655960125497835
39.910000000000004,4.027011706227405,1.9675363618563404,-0.18767513340002512
39.92,4.027011706227405,1.799460766184221,-0.01829356015054784
39.93,4.027011706227405,1.9038987041617668,0.3144218303986596
39.94,4.027011706227405,2.1348152313035667,-0.16979300533040778
39.95,4.027011706227405,2.0672865333103636,-0.001586865342221114
39.96,4.027011706227405,2.0216112150178716,-0.0060112746789955495
39.97,4.027011706227405,1.634329882367324,0.22818695658109833
39.980000000000004,4.027011706227405,2.275615512898261,0.172752802373218
39.99,4.027011706227405,2.069104860448975,0.05821121367860701
40.0,0.589678442066436,1.6235593705770694,-0.056737547193213875
40.01,0.589678442066436,2.182381808371119,-0.051532138385557605
40.02,0.589678442066436,1.8184869119046494,-0.037171382769763506
40.03,0.589678442066436,2.073671080635033,-0.07672946189398142
40.04,0.589678442066436,2.1156647646886344,-0.36004689566718046
40.050000000000004,0.589678442066436,2.5305284875675516,-0.18949468771974307
40.06,0.589678442066436,2.1546234444902406,2.6022035567757618e-05
40.07,0.589678442066436,2.0727736589793526,-0.0468104252065866
40.08,0.589678442066436,2.299530327833142,-0.7176520094437235
40.09,0.589678442066436,2.039679224362304,-0.24328416448286214
40.1,0.589678442066436,1.9866243414660483,-0.20284590794899554
40.11,0.589678442066436,2.26694198306838,-0.31961159973327313
40.12,0.589678442066436,1.810638873289598,-0.5886185904672014
40.13,0.589678442066436,2.108089065569131,-0.3003120984605594
40.14,0.589678442066436,2.126531572298538,-0.4737783796635457
40.15,0.589678442066436,2.303381018330199,-0.5957120361394985
40.160000000000004,0.589678442066436,2.022505545422592,-0.7129949304820624
40.17,0.589678442066436,1.8283822313495053,-0.4414528662145399
40.18,0.589678442066436,1.6638294596810508,-0.5307042869138264
40.19,0.589678442066436,1.780049389758585,-0.921716530113105
40.2,0.589678442066436,2.155372380118237,-0.8363917914046266
40.21,0.589678442066436,2.1159429018884155,-0.3177012538503676
40.22,0.589678442066436,1.9720777110746766,-0.5270402366329766
40.230000000000004,0.589678442066436,1.743780905265348,-0.4038808002775698
40.24,0.589678442066436,2.120882498549583,-1.0910769103720017
40.25,0.589678442066436,1.686110940514335,-0.7638850076190756
40.26,0.589678442066436,1.5174958824676947,-1.0039595034668793
40.27,0.589678442066436,1.9371233121907978,-0.8823490796919752
40.28,0.589678442066436,2.006564068750092,-0.8365398563154696
40.29,0.589678442066436,2.078077923205166,-0.6032564910290057
40.300000000000004,0.589678442066436,1.8513822248558545,-0.8194757303860134
40.31,0.589678442066436,1.7322350220968394,-0.9821467987185233
40.32,0.589678442066436,2.0537188298673907,-0.8232353484647839
40.33,0.589678442066436,1.5454277653211084,-1.0068677014773815
40.34,0.589678442066436,1.6231730311479968,-1.193100183864049
40.35,0.589678442066436,1.9784657157863288,-0.997237669030247
40.36,0.589678442066436,2.2326607414801636,-0.8996352612364912
40.37,0.589678442066436,2.077942046994897,-1.1233828208634447
40.38,0.589678442066436,1.6363610605481254,-1.2088805959826425
40.39,0.589678442066436,1.4063732476526032,-1.0428577517555784
40.4,0.589678442066436,1.803707426437185,-1.128362885383995
40.410000000000004,0.589678442066436,1.497138748405443,-0.8208996417270622
40.42,0.589678442066436,1.6007135649372068,-0.9898088806196367
40.43,0.589678442066436,1.6472005947993982,-1.4539767782657296
40.44,0.589678442066436,1.395378099270326,-1.0296701042512082
40.45,0.589678442066436,1.7264226295513965,-1.2878394015194325
40.46,0.589678442066436,1.7576275876171537,-1.5540490454019296
40.47,0.589678442066436,1.8444026989377287,-1.3707142179425584
40.480000000000004,0.589678442066436,2.070040003381893,-1.3727023438620172
40.49,0.589678442066436,1.394029930486244,-1.1124674459001171
40.5,0.589678442066436,1.7251900452444315,-1.4329328546969549
40.51,0.589678442066436,1.436689112159782,-1.183130234195885
40.52,0.589678442066436,1.5222490759106602,-1.2973220201746212
40.53,0.589678442066436,1.974595586834663,-1.2152704709030329
40.54,0.589678442066436,1.3679944697538162,-1.3099262470974706
40.550000000000004,0.589678442066436,1.4466978942848525,-1.7453396825723488
40.56,0.589678442066436,1.636109837423183,-0.7020708106769804
40.57,0.589678442066436,1.3914801014868843,-1.1656169801893341
40.58,0.589678442066436,2.1009865582889358,-1.6177748002417303
40.59,0.589678442066436,1.1146109832104214,-1.122035595988528
40.6,0.589678442066436,1.3008819136338072,-1.3994860516161245
40.61,0.589678442066436,1.5800863158862641,-1.2982078120520513
40.62,0.589678442066436,1.894898581323281,-1.4728902100532277
40.63,0.589678442066436,1.7635552926082656,-1.352193785681945
40.64,0.589678442066436,1.415097355458071,-1.160989762080162
40.65,0.589678442066436,1.4961795469782244,-1.414766697227663
40.660000000000004,0.589678442066436,1.4073889162057145,-1.637135085266174
40.67,0.589678442066436,1.5781305121345968,-1.1549894700066359
40.68,0.589678442066436,1.2794435749121265,-1.482511889407911
40.69,0.589678442066436,1.4176753098873736,-1.4204852018397003
40.7,0.589678442066436,1.5575332828958044,-1.384478374005686
40.71,0.589678442066436,1.5913380733459621,-1.527556979804809
40.72,0.589678442066436,1.6011232320956361,-1.7972332003192777
40.730000000000004,0.589678442066436,1.2319530183348282,-1.6380194785568876
40.74,0.589678442066436,1.0421956147177927,-1.2908732667486593
40.75,0.589678442066436,1.3264015068574264,-1.6649244073036729
40.76,0.589678442066436,1.448835470601634,-1.5201086565125437
40.77,0.589678442066436,1.289076638763035,-1.475404674588385
40.78,0.589678442066436,1.1582987758454044,-1.4995059185103803
40.79,0.589678442066436,1.3411389662542008,-1.095535975706064
40.800000000000004,0.589678442066436,1.3950494134488918,-1.3117640280688163
40.81,0.589678442066436,1.5125854880434901,-1.5791155173224642
40.82,0.589678442066436,0.8625567438793024,-1.4545720615838493
40.83,0.589678442066436,1.3628310344261991,-1.4414628331056427
40.84,0.589678442066436,1.495819700092051,-1.675995051454969
40.85,0.589678442066436,1.3522998573543472,-1.5181638497007053
40.86,0.589678442066436,1.1495308062579919,-1.9375983505619359
40.87,0.589678442066436,1.0982088801603214,-1.723336564922282
40.88,0.589678442066436,0.6945818908617962,-1.6651263133306349
40.89,0.589678442066436,1.0740544399275511,-1.382100547805647
40.9,0.589678442066436,1.1593811639212384,-1.4336074583164582
40.910000000000004,0.589678442066436,1.18686674853817,-1.5916101495329347
40.92,0.589678442066436,1.4244246163385983,-1.7048461967291362
40.93,0.589678442066436,0.821317388588224,-1.3682879968274646
40.94,0.589678442066436,1.1040712769547676,-1.5732706381480757
40.95,0.589678442066436,0.9061860949035054,-1.288460126810532
40.96,0.589678442066436,0.8028717884656745,-1.910380887529208
40.97,0.589678442066436,0.8094255425541595,-1.5149349045706664
40.980000000000004,0.589678442066436,1.02830744976719,-1.489268104754828
40.99,0.589678442066436,1.0339845906805005,-1.2774019774378869
41.0,0.589678442066436,0.9088853667569549,-1.331947706452272
41.01,0.589678442066436,0.8130598348327049,-1.7340537428474843
41.02,0.589678442066436,1.1778827770934468,-1.408672992421923
41.03,0.589678442066436,0.7278971726690382,-1.492823465799444
41.04,0.589678442066436,0.683098464982251,-1.5081866678965
41.050000000000004,0.589678442066436,1.1366707866815648,-1.361109927311807
41.06,0.589678442066436,0.801430025415046,-1.263614847798164
41.07,0.589678442066436,0.6447098240771724,-1.744993201599005
41.08,0.589678442066436,0.8942181777056822,-1.2244549827143327
41.09,0.589678442066436,0.7978785088461925,-1.3216524661022386
41.1,0.589678442066436,0.4791698175182021,-1.1681814204194885
41.11,0.589678442066436,0.8111166857176263,-1.2206402511432193
41.12,0.589678442066436,0.747321310510715,-1.7597668383855143
41.13,0.589678442066436,0.5852639901715428,-1.343207786571227
41.14,0.589678442066436,0.6119657411677208,-1.4543716368198998
41.15,0.589678442066436,0.7188254716160704,-1.764007269564418
41.160000000000004,0.589678442066436,1.2092183127788139,-1.5746779554970356
41.17,0.589678442066436,0.41396422747166256,-1.2993514335175103
41.18,0.589678442066436,0.6532842982560095,-1.3785314145581937
41.19,0.589678442066436,0.6804208084793244,-1.647878282009835
41.2,0.589678442066436,0.26452961965408295,-1.3209076438734626
41.21,0.589678442066436,0.34854079314829844,-1.4111500957196694
41.22,0.589678442066436,0.39865618759581345,-1.5460883589516046
41.230000000000004,0.589678442066436,0.49325746354932243,-1.3983325359844474
41.24,0.589678442066436,0.7175854563318934,-1.2633727033145865
41.25,0.589678442066436,0.4797899326674749,-1.5532570654289304
41.26,0.589678442066436,0.36101266743489246,-1.2365414204546412
41.27,0.589678442066436,0.5689967551283611,-1.4986564517959593
41.28,0.589678442066436,0.4003854872644226,-1.2035544818955108
41.29,0.589678442066436,0.5176644692189981,-1.2746874449373289
41.300000000000004,0.589678442066436,0.6182807588748924,-1.3778757798313108
41.31,0.589678442066436,0.3949147629464841,-1.3145429171774583
41.32,0.589678442066436,0.6056614527258692,-1.140876239255165
41.33,0.589678442066436,0.3783147381826215,-1.2832097500473294
41.34,0.589678442066436,0.31999149217591694,-1.1597844247894304
41.35,0.589678442066436,0.8585596447637351,-1.1111016118507857
41.36,0.589678442066436,0.5871461740882202,-0.8733233016665215
41.37,0.589678442066436,0.2989472939806941,-1.1535531820469203
41.38,0.589678442066436,0.48442467952840623,-1.1674773364515314
41.39,0.589678442066436,0.3563087080726935,-1.0862906480932715
41.4,0.589678442066436,0.5674110265437929,-1.2197228218843488
41.410000000000004,0.589678442066436,0.3398134058401505,-1.2586971425742997
41.42,0.589678442066436,0.3024116970650779,-0.9798808932060297
41.43,0.589678442066436,0.5173390272286076,-1.483415139217464
41.44,0.589678442066436,0.18534901361439965,-0.9000700205415393
41.45,0.589678442066436,0.07707141783167176,-1.2375630301180922
41.46,0.589678442066436,0.31662935489379895,-1.1950830634522247
41.47,0.589678442066436,0.2231043302150688,-1.2280780400620757
41.480000000000004,0.589678442066436,0.39823158003092607,-0.9237761845078192
41.49,0.589678442066436,0.5133967803432935,-0.7941943819066544
41.5,0.589678442066436,0.19828376361647482,-0.8349485481864277
41.51,0.589678442066436,0.1638653097570491,-0.8453193511461837
41.52,0.589678442066436,-0.006367463912222676,-1.2173096157994672
41.53,0.589678442066436,0.34557635423370087,-1.166843478301902
41.54,0.589678442066436,0.26188349147156553,-0.8852337753067896
41.550000000000004,0.589678442066436,0.43340815049643827,-0.9573481714890132
41.56,0.589678442066436,0.35103664278655966,-0.3758163097849403
41.57,0.589678442066436,0.30139682464102974,-1.496798462567095
41.58,0.589678442066436,0.3109935358056872,-0.5851341451088181
41.59,0.589678442066436,0.26421012342682143,-1.0152115450788017
41.6,0.589678442066436,0.3331133622100406,-0.989173028860573
41.61,0.589678442066436,-0.13270819224252312,-0.6985398444133948
41.62,0.589678442066436,-0.10706829775363516,-0.8245163919170146
41.63,0.589678442066436,0.20130670127232764,-0.8850029273510438
41.64,0.589678442066436,0.06771114518470664,-0.8401542674609244
41.65,0.589678442066436,-0.10283419120605566,-0.6859861977789413
41.660000000000004,0.589678442066436,0.10016931314785901,-0.8212488844756307
41.67,0.589678442066436,-0.008133209184540219,-0.9356514865242073
41.68,0.589678442066436,-0.1827875065875271,-0.9890015822695487
41.69,0.589678442066436,0.014516583164705457,-1.098847001581409
41.7,0.589678442066436,-0.3633513932053752,-0.5762040329770444
41.71,0.589678442066436,0.16932554136137407,-0.7815827925359444
41.72,0.589678442066436,-0.06532769355911933,-1.1027916462389105
41.730000000000004,0.589678442066436,0.020903408133817258,-0.5533711845154704
41.74,0.589678442066436,-0.34001640246249126,-0.9776803376420486
41.75,0.589678442066436,0.21404371803836772,-0.49372571834152446
41.76,0.589678442066436,0.09773148870399076,-0.6293649580216322
41.77,0.589678442066436,-0.05951344476178475,-0.8799889212137109
41.78,0.589678442066436,0.231307546034229,-0.9536678826579106
41.79,0.589678442066436,-0.2084318744482237,-0.808519514347778
41.800000000000004,0.589678442066436,-0.42958619723500163,-0.4903742592376573
41.81,0.589678442066436,0.09779580527045482,-0.8157816113653624
41.82,0.589678442066436,-0.06293851638235,-0.6044733955630754
41.83,0.589678442066436,0.18466644925948966,-0.8143950819113368
41.84,0.589678442066436,0.008647858998304489,-0.5705080136207029
41.85,0.589678442066436,0.18836950699740035,-0.5820452740671936
41.86,0.589678442066436,-0.25616336983784405,-0.3429984027409361
41.87,0.589678442066436,-0.25215204975361255,-0.5253933122719865
41.88,0.589678442066436,-0.11853946833255821,-0.3624401378574227
41.89,0.589678442066436,0.13626841582073773,-0.49103662472791854
41.9,0.589678442066436,-0.17585839505480244,-0.47867529132997316
41.910000000000004,0.589678442066436,-0.3485643149732944,-0.2556983685772999
41.92,0.589678442066436,0.07064423648507322,-0.54600283241174
41.93,0.589678442066436,-0.3960122481683604,-0.6816871286437937
41.94,0.589678442066436,-0.13160656520036035,-0.4872617082210777
41.95,0.589678442066436,0.019181994722337253,-0.4839013327269505
41.96,0.589678442066436,-0.12894468044706905,-0.426752015967705
41.97,0.589678442066436,0.10194251503420451,-0.5519354762554384
41.980000000000004,0.589678442066436,0.10707126487915081,-0.49147382709231
41.99,0.589678442066436,0.1596812674665016,-0.5227760362252402
42.0,0.589678442066436,-0.15854050807384387,-0.7283810263096004
42.01,0.589678442066436,0.07455523833512884,-0.4825622608821686
42.02,0.589678442066436,-0.3352992497923867,-0.38470867396826347
42.03,0.589678442066436,-0.10691461209825676,-0.4147708730850426
42.04,0.589678442066436,-0.056295561415802664,-0.25049803478736365
42.050000000000004,0.589678442066436,-0.02689123690655601,-0.48668410653720406
42.06,0.589678442066436,0.20898536293228726,-0.5142403900311714
42.07,0.589678442066436,-0.18511736263143344,-0.6266370373662715
42.08,0.589678442066436,-0.11746059945791817,0.1159553213148855
42.09,0.589678442066436,-0.3524089734507736,-0.20228327152112713
42.1,0.589678442066436,-0.22347298876359137,-0.31156738170077763
42.11,0.589678442066436,-0.2607405234783677,-0.11312146185116792
42.12,0.589678442066436,0.039017823529173074,0.010994363566751708
42.13,0.589678442066436,-0.0747360921239839,-0.298217435406471
42.14,0.589678442066436,-0.2692244636092064,-0.45901237902485603
42.15,0.589678442066436,-0.21710818995286382,-0.34476086565002145
42.160000000000004,0.589678442066436,-0.18292039435950108,-0.2329815987347867
42.17,0.589678442066436,-0.10246389431624563,-0.5122219497554668
42.18,0.589678442066436,0.056766053913737374,-0.3853485819194693
42.19,0.589678442066436,-0.16006957491196727,-0.36507428687882426
42.2,0.589678442066436,-0.6017703090289042,-0.09662105478337588
42.21,0.589678442066436,-0.0998797338658505,-0.08083208700121493
42.22,0.589678442066436,-0.2709936905159141,-0.5576385549593649
42.230000000000004,0.589678442066436,0.2769140560341421,-0.15809511963408657
42.24,0.589678442066436,-0.2914253972755813,-0.12230302270611965
42.25,0.589678442066436,0.14373187007509258,-0.23200389084041925
42.26,0.589678442066436,0.4883875750056935,0.5015342985111431
42.27,0.589678442066436,-0.19707680204694977,-0.13620545142189788
42.28,0.589678442066436,-0.06266877129454271,0.44209006853453053
42.29,0.589678442066436,-0.526872962012487,-0.04134263624816331
42.300000000000004,0.589678442066436,-0.1887716761485288,-0.1997602129043262
42.31,0.589678442066436,-0.09031982080798107,-0.17409806135740605
42.32,0.589678442066436,-0.42067249549229163,0.09419020950966257
42.33,0.589678442066436,-0.18924382060388917,-0.0829104977945747
42.34,0.589678442066436,-0.09294829630938747,0.33783960654222145
42.35,0.589678442066436,-0.4747773473937921,-0.28503787006417425
42.36,0.589678442066436,-0.4487536326231163,-0.2592036243908088
42.37,0.589678442066436,-0.12383348630351877,-0.19193049265175688
42.38,0.589678442066436,-0.02594701277417652,-0.08330147078212011
42.39,0.589678442066436,-0.0652210045688092,-0.1894507382137478
42.4,0.589678442066436,-0.30050355710616394,-0.1866988214244639
42.410000000000004,0.589678442066436,-0.3102473898109753,0.1775963052288212
42.42,0.589678442066436,-0.3993129420735735,0.2586720313964323
42.43,0.589678442066436,-0.3463725154050893,0.04161294881242876
42.44,0.589678442066436,-0.3874641459741114,-0.059698857172294326
42.45,0.589678442066436,-0.13992226184412673,-0.08801637232182741
42.46,0.589678442066436,-0.36485831272309543,0.23892010241811432
42.47,0.589678442066436,-0.1591755426445815,-0.0033338897369830645
42.480000000000004,0.589678442066436,-0.28460182426856706,0.03628373894849932
42.49,0.589678442066436,-0.29901406784231677,0.1902510426467814
42.5,0.589678442066436,-0.7149595712575492,0.18061607206024344
42.51,0.589678442066436,-0.4268516408863429,0.15004264408916104
42.52,0.589678442066436,0.046649811160710375,0.3281368713539474
42.53,0.589678442066436,-0.27471178288996034,0.1870590896811354
42.54,0.589678442066436,-0.30122717120419773,-0.1522194730925865
42.550000000000004,0.589678442066436,0.04383650208939022,-0.1342171766952911
42.56,0.589678442066436,-0.06569003211740518,0.25222648257159114
42.57,0.589678442066436,-0.4458434378797814,0.23549595312365673
42.58,0.589678442066436,0.28347102568761995,0.3377235506463818
42.59,0.589678442066436,-0.03828214812503919,0.0637462131560958
42.6,0.589678442066436,-0.27029677393637536,0.11379558568995257
42.61,0.589678442066436,-0.14942955107267494,0.07682503310132793
42.62,0.589678442066436,-0.34341469454560963,0.16123444308979584
42.63,0.589678442066436,-0.3882132406508999,0.043114766675355104
42.64,0.589678442066436,-0.3358209328763434,0.3387614865878269
42.65,0.589678442066436,-0.13502426925859515,0.2976472864580432
42.660000000000004,0.589678442066436,0.05257475516338317,0.13062119246395296
42.67,0.589678442066436,-0.3344690871687902,0.5049831721546472
42.68,0.589678442066436,-0.136003608818393,0.0446807396361493
42.69,0.589678442066436,-0.2155607045366971,0.47223137325982195
42.7,0.589678442066436,0.04332000349454271,0.4121346104168072
42.71,0.589678442066436,-0.24845216355229607,0.4623977194884104
42.72,0.589678442066436,-0.40225939918008213,0.33753777977062177
42.730000000000004,0.589678442066436,0.24499254919701813,0.21787402194298316
42.74,0.589678442066436,-0.10169867573518747,0.5740655884809959
42.75,0.589678442066436,-0.3305210512143159,0.4378318879119454
42.76,0.589678442066436,-0.051357122027651,0.3521837921399118
42.77,0.589678442066436,-0.0005626286962480131,0.25105804802206017
42.78,0.589678442066436,-0.3554413230975557,0.44281066409062386
42.79,0.589678442066436,-0.10527324925575655,0.2653319472151901
42.800000000000004,0.589678442066436,-0.30366762434456007,0.5224483077229644
42.81,0.589678442066436,0.057158150674494035,0.3118087286757949
42.82,0.589678442066436,0.14436880798155802,0.28758162458010533
42.83,0.589678442066436,-0.44287827851633044,0.27028515146159243
42.84,0.589678442066436,-0.19818361241222698,0.5075087843830064
42.85,0.589678442066436,-0.012510753179238887,0.5388144402912736
42.86,0.589678442066436,-0.19014387497290347,0.4798115894653228
42.87,0.589678442066436,-0.22820662539935407,0.3211636416279222
42.88,0.589678442066436,-0.4252687162179301,0.2451726081967249
42.89,0.589678442066436,0.22846896568387975,0.3460681086672913
42.9,0.589678442066436,-0.4587115972526559,0.507568761345274
42.910000000000004,0.589678442066436,0.31028688936132753,0.5524354593388539
42.92,0.589678442066436,-0.22367806384267375,0.3449436310780876
42.93,0.589678442066436,-0.0769688893178486,0.19515317549969025
42.94,0.589678442066436,0.1162095364632805,0.4970241490853721
42.95,0.589678442066436,-0.28326493668587305,0.3866808079879407
42.96,0.589678442066436,-0.05276512803210298,0.2773339503844744
42.97,0.589678442066436,-0.12041408309465859,0.5874075029512134
42.980000000000004,0.589678442066436,0.2604514643747997,0.4079491805828712
42.99,0.589678442066436,-0.1342149797075512,0.45860494019976267
43.0,0.589678442066436,-0.2535953596791184,0.9154731765184837
43.01,0.589678442066436,-0.08907250126879815,0.9154419857137905
43.02,0.589678442066436,0.13402011309500944,0.692846740973646
43.03,0.589678442066436,0.09670465087449603,0.9193626433986285
43.04,0.589678442066436,-0.037764637234807635,0.6007684982111372
43.050000000000004,0.589678442066436,0.23837909916688055,0.6330358663207886
43.06,0.589678442066436,-0.2693951649245223,0.5187316503418773
43.07,0.589678442066436,0.010005972619933235,-0.015801896857244924
43.08,0.589678442066436,-0.14746757422350867,0.4264052735209146
43.09,0.589678442066436,-0.18554130416666673,0.36646398686644216
43.1,0.589678442066436,-0.30707769787686634,0.7842970270043643
43.11,0.589678442066436,-0.0945837526815966,0.4992851376370423
43.12,0.589678442066436,-0.05012219010004639,0.4783946525745611
43.13,0.589678442066436,0.16355920201702132,0.5158370456187715
43.14,0.589678442066436,-0.10836033118300503,0.6537502810830047
43.15,0.589678442066436,-0.051888635167094535,0.42566841482106266
43.160000000000004,0.589678442066436,0.24285744832233755,0.5274477396813515
43.17,0.589678442066436,0.16810927517070615,0.5119288752292661
43.18,0.589678442066436,0.22594248852567086,0.4815298934879312
43.19,0.589678442066436,0.392050058472906,0.5510275923638719
43.2,0.589678442066436,0.21324521211215441,0.6035800015838656
43.21,0.589678442066436,0.35440349191675413,0.27305873451443124
43.22,0.589678442066436,-0.07997182187427951,0.8061009429613744
43.230000000000004,0.589678442066436,-0.1430982762956243,0.2822664700495603
43.24,0.589678442066436,0.4105909676843077,0.3827007271024046
43.25,0.589678442066436,-0.18050861103187435,0.5933727877363275
43.26,0.589678442066436,-0.038387665828992605,0.6044360841746257
43.27,0.589678442066436,0.3438941749704526,0.5809384840349621
43.28,0.589678442066436,-0.2057735174419117,0.14568326436716333
43.29,0.589678442066436,0.06149387431564968,0.32007950631930904
43.300000000000004,0.589678442066436,-0.24831626543578744,0.4454430915019234
43.31,0.589678442066436,0.3190999951774963,0.6000331211922925
43.32,0.589678442066436,0.36527364843568244,0.36588512229028636
43.33,0.589678442066436,0.0027391782957321142,0.3040359154829575
43.34,0.589678442066436,-0.233863811624821,0.1939073774273079
43.35,0.589678442066436,0.2699437418683135,0.6722175790505602
43.36,0.589678442066436,-0.02549347078275102,0.31518176311251855
43.37,0.589678442066436,0.23441345891393756,0.711801878548299
43.38,0.589678442066436,-0.012086610829024347,0.4444864880539744
43.39,0.589678442066436,0.1297160180223934,0.5068273151650947
43.4,0.589678442066436,0.020188435368223345,0.5058128481856352
43.410000000000004,0.589678442066436,0.21331875775364806,0.4261556534056969
43.42,0.589678442066436,-0.10675657529937238,0.0659760629089719
43.43,0.589678442066436,0.03324236672188419,0.8569308834613869
43.44,0.589678442066436,-0.03871809845777707,0.25606776946209664
43.45,0.589678442066436,0.12581419847243655,0.6980910020883204
43.46,0.589678442066436,0.347948337998927,0.6657354670141371
43.47,0.589678442066436,-0.06732674995082336,0.16207516148823603
43.480000000000004,0.589678442066436,-0.18881252279435343,0.24146128609309914
43.49,0.589678442066436,0.37011809075938684,0.6229771960242999
43.5,0.589678442066436,0.12525887276986214,0.16240085383278663
43.51,0.589678442066436,0.12629266150862456,0.4854575108308521
43.52,0.589678442066436,0.029467897075422522,0.5466344981739437
43.53,0.589678442066436,0.13220594485180975,0.4071353943641896
43.54,0.589678442066436,0.1674970568976505,0.3267916278102245
43.550000000000004,0.589678442066436,0.03206303898895527,0.675555066829976
43.56,0.589678442066436,0.24147194971491504,0.31287411833978374
43.57,0.589678442066436,0.5394439857834185,0.2117121010549037
43.58,0.589678442066436,-0.2141003531505063,0.3738249989213808
43.59,0.589678442066436,-0.060115358372535316,0.2993111302828468
43.6,0.589678442066436,0.10196079344301652,0.07155255882768424
43.61,0.589678442066436,-0.01870548927431162,0.48263184608646964
43.62,0.589678442066436,0.3796066242171441,0.16199590053667967
43.63,0.589678442066436,0.0938400835700006,0.5495993600920854
43.64,0.589678442066436,0.16962761055168168,0.610238971335409
43.65,0.589678442066436,0.17032975995636188,0.4153428729445612
43.660000000000004,0.589678442066436,-0.04222626562648596,0.6023360533534415
43.67,0.589678442066436,0.2567197046870116,0.608325549297633
43.68,0.589678442066436,0.26875093579148446,0.6859186449749144
43.69,0.589678442066436,0.0009331526281538272,0.30622142469367936
43.7,0.589678442066436,0.15938539482479339,0.38215852487209323
43.71,0.589678442066436,0.4822363756994893,0.22947396210911655
43.72,0.589678442066436,0.3145455267448862,0.6748718077486401
43.730000000000004,0.589678442066436,0.516894952623182,0.36150728132213306
43.74,0.589678442066436,0.38593827217752974,0.24007204624735923
43.75,0.589678442066436,0.4237389596384153,0.20676897912168982
43.76,0.589678442066436,0.5842801576367406,0.026139492212915616
43.77,0.589678442066436,0.3342274670839083,0.3925373994471672
43.78,0.589678442066436,0.5049417842980832,0.2108009301204206
43.79,0.589678442066436,0.09590934729989992,0.5054740509577962
43.800000000000004,0.589678442066436,0.29963801908472093,0.5445105580362215
43.81,0.589678442066436,0.5090074096982019,0.40706713454086907
43.82,0.589678442066436,0.30252340826812485,0.4452121813518471
43.83,0.589678442066436,0.25264585377700677,0.37508459326395943
43.84,0.589678442066436,0.19151173955145795,0.3846419673477581
43.85,0.589678442066436,0.19434808156322275,0.37354793293113037
43.86,0.589678442066436,0.3869582394958033,0.3249098313418804
43.87,0.589678442066436,0.2776677811872118,0.152818114152383
43.88,0.589678442066436,0.18846667130547484,0.361234263068992
43.89,0.589678442066436,0.4634541083982958,0.7005547537709892
43.9,0.589678442066436,0.08238386720541482,0.5982540391254741
43.910000000000004,0.589678442066436,0.8227756572897263,0.9458581492196214
43.92,0.589678442066436,0.21593763887902373,0.14382599556961645
43.93,0.589678442066436,0.5931501573963494,0.04683979477134792
43.94,0.589678442066436,0.22016279203629108,-0.2408058104769037
43.95,0.589678442066436,0.32613451954742606,0.3612520603605933
43.96,0.589678442066436,0.33913051139054784,0.2893146426533688
43.97,0.589678442066436,0.41250775853205557,0.2927685308077816
43.980000000000004,0.589678442066436,0.20893307915509676,-0.006814613421542326
43.99,0.589678442066436,0.4269093115676421,0.4046631042279546
44.0,0.589678442066436,0.2216368943967941,0.1070612053002839
44.01,0.589678442066436,0.3966440120521737,0.4054324596346857
44.02,0.589678442066436,0.42232976022792057,-0.04400407612919782
44.03,0.589678442066436,0.4865171912442583,0.15064217621886777
44.04,0.589678442066436,0.39425949002980926,0.03130748204144429
44.050000000000004,0.589678442066436,0.902906815900052,0.1654942225916486
44.06,0.589678442066436,0.4922472221026814,0.27877454649115135
44.07,0.589678442066436,0.22535886696360738,0.2798629281161474
44.08,0.589678442066436,0.6996555786076634,0.343412572994423
44.09,0.589678442066436,0.1489354874382418,0.323081229614367
44.1,0.589678442066436,0.3271182618195186,0.08183874503198954
44.11,0.589678442066436,0.3874647135772265,0.10925820811866122
44.12,0.589678442066436,0.20487805689747327,-0.18251638334433334
44.13,0.589678442066436,0.4318397707427778,0.22642593673395445
44.14,0.589678442066436,0.4135185703830236,0.13473198559095706
44.15,0.589678442066436,0.6542102135321279,0.14060180446428472
44.160000000000004,0.589678442066436,0.4513057216468236,0.2567322807841163
44.17,0.589678442066436,0.2857039621275147,0.3746812243622516
44.18,0.589678442066436,0.24631813366252722,0.3204625703906931
44.19,0.589678442066436,0.5143580308952728,0.17330521694917567
44.2,0.589678442066436,0.40637094964883297,0.1658054273506676
44.21,0.589678442066436,0.26258689330929874,0.26865600013579005
44.22,0.589678442066436,0.4463939307085365,0.3619648868582147
44.230000000000004,0.589678442066436,0.047354534734357856,0.5053258183644078
44.24,0.589678442066436,0.4401730301350943,0.04184387277852278
44.25,0.589678442066436,0.5135436140091596,0.286795237203341
44.26,0.589678442066436,0.18402801257939547,0.1320472897345487
44.27,0.589678442066436,0.38814237393872697,0.06502030070106338
44.28,0.589678442066436,0.4151377753706229,-0.0016825457327559745
44.29,0.589678442066436,0.41542403902179137,0.5105466859078355
44.300000000000004,0.589678442066436,0.7049607709373288,0.3369635663721026
44.31,0.589678442066436,0.585676475535261,0.03481549304533854
44.32,0.589678442066436,0.5519708198849677,0.269672913974414
44.33,0.589678442066436,0.3827384956430072,0.19295017688162347
44.34,0.589678442066436,0.42249027210884643,0.7056836202447669
44.35,0.589678442066436,0.7547010162225694,0.08286288395466766
44.36,0.589678442066436,0.5875902424187287,-0.04971478914961841
44.37,0.589678442066436,0.5078209399441609,-0.007450056518762266
44.38,0.589678442066436,0.34449077818923746,0.07243543296130198
44.39,0.589678442066436,0.38056069452870356,0.2677480512168227
44.4,0.589678442066436,0.49056825293335293,0.14872194861063984
44.410000000000004,0.589678442066436,0.5748794378113347,0.2045040238269118
44.42,0.589678442066436,0.4760444559783974,-0.07362438685503675
44.43,0.589678442066436,0.5185935383408424,0.3551459116878125
44.44,0.589678442066436,0.16371729967526544,-0.08432484919180613
44.45,0.589678442066436,0.3363540535838333,0.37727251023397124
44.46,0.589678442066436,0.6705613478482821,0.3308635055266152
44.47,0.589678442066436,0.585090926743887,0.14357455792439786
44.480000000000004,0.589678442066436,0.48071975881413,0.030375809150160596
44.49,0.589678442066436,0.2763658779326782,-0.25745416083524875
44.5,0.589678442066436,0.346845665270826,0.39124183054713146
44.51,0.589678442066436,0.04202167122778999,-0.27897303743912205
44.52,0.589678442066436,0.7258414042654304,0.22164419118141476
44.53,0.589678442066436,0.487362381760836,0.12347496671603117
44.54,0.589678442066436,0.44342298085097726,0.31377539873980514
44.550000000000004,0.589678442066436,0.41717382489279975,0.021854620207679837
44.56,0.589678442066436,0.1909677868239696,0.27804073082100206
44.57,0.589678442066436,0.6832313686803856,0.6652815818364637
44.58,0.589678442066436,0.4922437812346516,0.21921734924935585
44.59,0.589678442066436,-0.040984305841768987,-0.0058087638470363245
44.6,0.589678442066436,0.31073469694138783,0.08961670893446409
44.61,0.589678442066436,0.6949698693878708,-0.21781794089843665
44.62,0.589678442066436,0.7520531004177702,0.1929551588285618
44.63,0.589678442066436,0.7701155284704899,-0.056897164173231866
44.64,0.589678442066436,0.402297342114683,0.2571374263214506
44.65,0.589678442066436,0.4881422473756594,-0.054382997261464776
44.660000000000004,0.589678442066436,0.6001821591155367,-0.1997506493988517
44.67,0.589678442066436,0.24039947926351019,0.1519000908518077
44.68,0.589678442066436,0.3256846326677256,0.00896544296232246
44.69,0.589678442066436,0.3802433107951598,-0.17167480029791699
44.7,0.589678442066436,0.5657320865411338,-0.2200744956408764
44.71,0.589678442066436,0.623510232862063,-0.1301470817783334
44.72,0.589678442066436,0.6357336433126617,-0.006860740582453942
44.730000000000004,0.589678442066436,0.4197070226378822,0.04218808317151513
44.74,0.589678442066436,0.5668858706725712,0.09257563279002536
44.75,0.589678442066436,0.47979719077066413,0.3691545354698034
44.76,0.589678442066436,0.59995411542491,-0.14332374698672215
44.77,0.589678442066436,0.22030593593505768,-0.20665897496967453
44.78,0.589678442066436,0.5887728293055111,0.25778979476185254
44.79,0.589678442066436,0.13150106220636404,-0.01571514359235572
44.800000000000004,0.589678442066436,0.23154390991985094,0.2576921146392924
44.81,0.589678442066436,0.2195994880770188,-0.34433967274004584
44.82,0.589678442066436,0.3307257039117699,-0.3456778802056122
44.83,0.589678442066436,0.5892263861203011,0.1675035587515694
44.84,0.589678442066436,0.6996559717394911,0.1602926033984819
44.85,0.589678442066436,0.6776934307558884,-0.3861391699033327
44.86,0.589678442066436,0.3162003586545402,0.1615420806978079
44.87,0.589678442066436,0.25325592742642156,0.020595223539257516
44.88,0.589678442066436,0.44565308527109865,-0.5242001323933996
44.89,0.589678442066436,0.29381958261344615,-0.3070167993831721
44.9,0.589678442066436,0.3377688237047808,0.007027405324141013
44.910000000000004,0.589678442066436,0.7026534425391768,0.24255155773754192
44.92,0.589678442066436,0.2561852206994378,-0.11177429152129778
44.93,0.589678442066436,-0.019822538408793777,-0.10827325765647122
44.94,0.589678442066436,0.6601174389744906,-0.6189234228944702
44.95,0.589678442066436,0.4919664866106786,-0.1415863635956287
44.96,0.589678442066436,0.4644418932091166,0.11210060689069153
44.97,0.589678442066436,0.5596357475842313,-0.07746940025876375
44.980000000000004,0.589678442066436,0.6280682414987531,0.11800588561570347
44.99,0.589678442066436,0.8447448441694274,-0.15868397215821564
45.0,0.589678442066436,0.39100568719835277,0.21973400694431527
45.01,0.589678442066436,0.5427740955721131,-0.04724980215511422
45.02,0.589678442066436,0.10388348771135886,-0.011380219487540366
45.03,0.589678442066436,0.5366790832047608,0.21031649060963595
45.04,0.589678442066436,0.13753639833006448,-0.3517506073035044
45.050000000000004,0.589678442066436,0.32005708534860533,0.13473789134680353
45.06,0.589678442066436,0.617627210895623,-0.315310847987849
45.07,0.589678442066436,0.5796506460339174,0.12687793238639714
45.08,0.589678442066436,0.4005379018099324,0.10992837787681924
45.09,0.589678442066436,0.3651971936478154,0.24803441070006055
45.1,0.589678442066436,0.36056520736896713,-0.44174515670645825
45.11,0.589678442066436,0.7312714502352784,-0.306879767493086
45.12,0.589678442066436,0.09542413619909296,0.091310375767765
45.13,0.589678442066436,0.2071953720964775,0.18284279658073088
45.14,0.589678442066436,0.04455436711650529,-0.21579713843723444
45.15,0.589678442066436,0.5187404569458324,0.055800141394907174
45.160000000000004,0.589678442066436,0.205243142220026,0.1690172283147851
45.17,0.589678442066436,0.22828747087169954,-0.16919379217845834
45.18,0.589678442066436,0.5022476145652246,-0.0034770432492646913
45.19,0.589678442066436,0.6170181818728293,-0.4050117445415796
45.2,0.589678442066436,0.2829535848670745,0.24829191189709174
45.21,0.589678442066436,0.4233715836543735,-0.035086494729729495
45.22,0.589678442066436,0.4303850762277361,-0.2890462376053808
45.230000000000004,0.589678442066436,0.44926398397863826,-0.16542831566038013
45.24,0.589678442066436,0.03199053055227791,-0.21483521749550621
45.25,0.589678442066436,0.038999358448997545,-0.37998585013142594
45.26,0.589678442066436,0.42705544963552194,0.0036691316539940594
45.27,0.589678442066436,0.4158278042764017,-0.14752985278994876
45.28,0.589678442066436,0.41020141444816094,-0.4325358747546676
45.29,0.589678442066436,0.10238915935672355,-0.2509401405262043
45.300000000000004,0.589678442066436,0.19808114421381398,-0.04359577261042526
45.31,0.589678442066436,0.6968941183380544,0.14796059793459493
45.32,0.589678442066436,0.5238457619465635,-0.15586149140641758
45.33,0.589678442066436,0.39441821287613366,0.1744863873820115
45.34,0.589678442066436,0.12180139702359699,-0.13912842788434904
45.35,0.589678442066436,0.3125084815791094,-0.5062000455307176
45.36,0.589678442066436,0.4095975551119817,0.006595672986279527
45.37,0.589678442066436,0.41648210105652805,-0.08239965591047017
45.38,0.589678442066436,0.1754715795437359,-0.3445186732131458
45.39,0.589678442066436,0.5360931824966552,-0.251352331961827
45.4,0.589678442066436,0.4017949961968336,-0.19655944539145298
45.410000000000004,0.589678442066436,0.33717142780061693,-0.11958397930638634
45.42,0.589678442066436,0.18467353236984965,0.06855495811426254
45.43,0.589678442066436,0.07142117692362482,-0.036078180585028416
45.44,0.589678442066436,0.6320218293108311,0.17235140995699236
45.45,0.589678442066436,0.41404085758854614,0.1100676523352681
45.46,0.589678442066436,0.3522456823200055,0.0835221906636433
45.47,0.589678442066436,0.40114150810111643,-0.1264416412194845
45.480000000000004,0.589678442066436,0.12860068606175412,-0.08366002599322814
45.49,0.589678442066436,0.18828219133720936,-0.18315082999959562
45.5,0.589678442066436,0.4476130017254761,-0.3151707181410417
45.51,0.589678442066436,0.30232083159127704,-0.17587424912025568
45.52,0.589678442066436,0.5004487324706046,-0.04183538072807358
45.53,0.589678442066436,0.5350022480635346,-0.13873859124529342
45.54,0.589678442066436,-0.003940552907814643,-0.18880941976483256
45.550000000000004,0.589678442066436,0.4697734440807186,0.0017584459558418197
45.56,0.589678442066436,0.5114774887129405,-0.18195537662187614
45.57,0.589678442066436,0.3275915898920915,-0.22136467475073007
45.58,0.589678442066436,0.23921570766152625,-0.4165431810061544
45.59,0.589678442066436,0.4561245262423397,-0.40091234995562564
45.6,0.589678442066436,0.30534013504568386,-0.22284670941154253
45.61,0.589678442066436,0.6453976109711568,0.09736751705376726
45.62,0.589678442066436,0.09064854476003142,-0.06749056018411158
45.63,0.589678442066436,0.510512594196923,-0.22153243286980037
45.64,0.589678442066436,0.2357633232755291,-0.17503327280785264
45.65,0.589678442066436,0.5904652323767638,-0.17318994934482057
45.660000000000004,0.589678442066436,0.7194488826234863,-0.5311595171520562
45.67,0.589678442066436,0.3292782209463621,-0.029774187653860917
45.68,0.589678442066436,0.3024720065554763,0.30914648923283594
45.69,0.589678442066436,0.4853125358396638,-0.18901902631072326
45.7,0.589678442066436,0.660571843270592,0.25133133559281506
45.71,0.589678442066436,0.5863127026107287,-0.3076093824222806
45.72,0.589678442066436,0.5018075523141052,-0.4042015698642929
45.730000000000004,0.589678442066436,0.3900209854074229,-0.01212664610434147
45.74,0.589678442066436,0.28851341824134763,-0.04277758245856428
45.75,0.589678442066436,0.14571558725500713,-0.17637010792653263
45.76,0.589678442066436,0.12857419094820033,0.0393386885082688
45.77,0.589678442066436,0.522559207251983,-0.26147120560746706
45.78,0.589678442066436,0.6794691863856277,0.1058837137347334
45.79,0.589678442066436,0.34598743765560347,-0.10249191436113503
45.800000000000004,0.589678442066436,0.3213385596605479,-0.0934081520185835
45.81,0.589678442066436,0.6798723985913688,0.1559108581091935
45.82,0.589678442066436,0.12891331645797582,-0.21977215948845838
45.83,0.589678442066436,0.45439685842009414,0.2032625536103125
45.84,0.589678442066436,-0.19606415051936493,-0.11396648287877076
45.85,0.589678442066436,-0.0827994957347481,0.21836478899576714
45.86,0.589678442066436,0.23810273113645786,-0.14573071504047935
45.87,0.589678442066436,0.22622865542786832,0.21989655178177503
45.88,0.589678442066436,0.3851884401528637,-0.2697842758019579
45.89,0.589678442066436,0.3300493496326948,-0.2547013518719268
45.9,0.589678442066436,0.3174900697591491,-0.18502743329916388
45.910000000000004,0.589678442066436,-0.13353071766848779,-0.004051925769979897
45.92,0.589678442066436,0.4849925557096182,-0.5838296088470173
45.93,0.589678442066436,0.18633331904498512,-0.25363930434153664
45.94,0.589678442066436,0.07641254685100532,-0.20014499499737595
45.95,0.589678442066436,-0.17893843350461147,-0.2594500702034574
45.96,0.589678442066436,0.4904230945587458,-0.18092802816380055
45.97,0.589678442066436,0.10871182173167623,-0.26901896203593534
45.980000000000004,0.589678442066436,0.21333612122706885,0.07086399609846114
45.99,0.589678442066436,0.2368519238378642,0.12834905795463306
46.0,0.589678442066436,0.5864979244230545,0.015617133674849876
46.01,0.589678442066436,0.1999841312322653,-0.15839442561268954
46.02,0.589678442066436,0.417345867571685,0.04004820680023509
46.03,0.589678442066436,0.41596000149572343,0.023142939536031124
46.04,0.589678442066436,0.20724556539154376,-0.07113369115506704
46.050000000000004,0.589678442066436,0.28287735853449564,-0.21368976305555581
46.06,0.589678442066436,0.7445739477597504,0.12887975276744185
46.07,0.589678442066436,0.5402352232353996,0.05158568843615362
46.08,0.589678442066436,0.13089473260476298,-0.34194890727085636
46.09,0.589678442066436,0.0005287464889873195,0.0958059334292802
46.1,0.589678442066436,0.27655618559205203,-0.060835058837923416
46.11,0.589678442066436,0.4034900572487412,-0.019074857597735542
46.12,0.589678442066436,0.08480528983554153,-0.2993806839791865
46.13,0.589678442066436,0.4103108812808853,0.0771756586472832
46.14,0.589678442066436,0.07974817966064299,-0.2798222700460166
46.15,0.589678442066436,0.5756598232462375,-0.14980146348858553
46.160000000000004,0.589678442066436,0.4356624310997151,0.02946843169326134
46.17,0.589678442066436,0.5550416243651644,-0.44482354920059175
46.18,0.589678442066436,0.21818738781435826,-0.3196675817900481
46.19,0.589678442066436,0.394279918379767,-0.050630926514736004
46.2,0.589678442066436,0.45411561846247117,-0.15281124857869977
46.21,0.589678442066436,0.3036348788368426,0.11648032129281004
46.22,0.589678442066436,0.7131443083150097,0.05962523426314262
46.230000000000004,0.589678442066436,0.3077758118101478,-0.39038693593858387
46.24,0.589678442066436,0.34451676307023227,-0.3686759381678227
46.25,0.589678442066436,0.27146327397731956,-0.21066495222150694
46.26,0.589678442066436,0.3025322657026723,-0.1153002979707134
46.27,0.589678442066436,0.537150964659685,0.24286690233200126
46.28,0.589678442066436,0.3200635707052839,-0.28311918181984314
46.29,0.589678442066436,0.20930464364287052,-0.12718855965772188
46.300000000000004,0.589678442066436,0.28856803976178336,0.12976421939019
46.31,0.589678442066436,0.5321100692658827,-0.23391569181756602
46.32,0.589678442066436,0.22956600723355436,-0.2971289753053381
46.33,0.589678442066436,0.2476416378245798,0.5074507727966442
46.34,0.589678442066436,-0.03677661311594577,-0.002860030280023032
46.35,0.589678442066436,0.21673495181269403,0.15986718331069272
46.36,0.589678442066436,0.33735370744552434,-0.21073845230363453
46.37,0.589678442066436,0.06046510377465125,0.19408201503691452
46.38,0.589678442066436,0.5408431211446243,0.04222786554256254
46.39,0.589678442066436,0.14664813017954134,-0.16206280510988813
46.4,0.589678442066436,0.6258904715228206,-0.13464531557823395
46.410000000000004,0.589678442066436,0.6049667838660412,0.13423059246790492
46.42,0.589678442066436,0.26606722118597825,0.06334038616049918
46.43,0.589678442066436,0.5243269251542881,0.40022933628996454
46.44,0.589678442066436,0.3776881996676195,-0.5252465167965389
46.45,0.589678442066436,0.07645368205198139,0.22003479441540105
46.46,0.589678442066436,0.187527468102352,0.05312894589531497
46.47,0.589678442066436,0.208819576535815,0.008284212169565777
46.480000000000004,0.589678442066436,0.43771698687138444,-0.16154581227967285
46.49,0.589678442066436,0.14829183031422666,-0.02499650488630443
46.5,0.589678442066436,0.29408739849847176,0.16703858991516346
46.51,0.589678442066436,0.02321103738397154,-0.5054076283165444
46.52,0.589678442066436,0.4331120202256741,0.13121666388686237
46.53,0.589678442066436,0.39989183067550327,0.03184402675758807
46.54,0.589678442066436,0.48078021176995056,0.01242500675079318
46.550000000000004,0.589678442066436,0.39763927629900964,-0.027373507717820773
46.56,0.589678442066436,-0.22717391878836957,-0.09164016330864683
46.57,0.589678442066436,0.3544642899574413,-0.025463327524102256
46.58,0.589678442066436,0.23780318718278265,-0.2483026479976483
46.59,0.589678442066436,0.29985157778698485,-0.2446833603796501
46.6,0.589678442066436,0.1795307688080101,-0.17872539714915806
46.61,0.589678442066436,0.3623910552356777,0.33230913858545397
46.62,0.589678442066436,0.6215812253086243,-0.08006095377686301
46.63,0.589678442066436,0.295714836918256,-0.2253583417496016
46.64,0.589678442066436,0.17190843659946606,-0.11243403880695396
46.65,0.589678442066436,0.5829318230430569,-0.4595915889578223
46.660000000000004,0.589678442066436,0.417311967633327,0.015790740446527632
46.67,0.589678442066436,-0.06744390306702824,0.07086889002735565
46.68,0.589678442066436,0.38344969339248625,-0.1009040397675163
46.69,0.589678442066436,0.3511812986125123,-0.08108055816374982
46.7,0.589678442066436,0.0986710417178922,0.2262698086524528
46.71,0.589678442066436,0.38346100206703904,0.01603816557063891
46.72,0.589678442066436,0.2341559402656627,0.3775793793891539
46.730000000000004,0.589678442066436,0.23395211354276405,0.04524842216792332
46.74,0.589678442066436,0.18354828459163275,0.06752658878141021
46.75,0.589678442066436,0.2477760152291882,0.09433552865726894
46.76,0.589678442066436,-0.006625013529370727,-0.09743397791035366
46.77,0.589678442066436,0.2567099842288883,-0.004756850807133679
46.78,0.589678442066436,0.285356048905198,-0.018420961407085816
46.79,0.589678442066436,0.286478665187093,-0.22599446456946476
46.800000000000004,0.589678442066436,0.15319095887175466,-0.06099966301969323
46.81,0.589678442066436,0.45753259255881096,-0.11329401430733187
46.82,0.589678442066436,0.5764149673061134,-0.36193115152833794
46.83,0.589678442066436,0.15072538237539265,0.05759597530328465
46.84,0.589678442066436,0.4335839896384421,0.23755561957409296
46.85,0.589678442066436,0.0820416326421517,0.21084267647334323
46.86,0.589678442066436,0.8187107883707206,-0.25791608231294966
46.87,0.589678442066436,0.5286394212732441,0.24274697118069
46.88,0.589678442066436,-0.025577948017736135,-0.20665143915160356
46.89,0.589678442066436,0.19966091898941996,-0.37679753379043085
46.9,0.589678442066436,0.1679976087658766,-0.009834117009000453
46.910000000000004,0.589678442066436,0.5722582088554513,-0.04728847878848424
46.92,0.589678442066436,0.1751863873679445,0.09015996262442895
46.93,0.589678442066436,0.07986146621206183,0.17453967477405544
46.94,0.589678442066436,0.5764611710655477,-0.07108674765686582
46.95,0.589678442066436,0.06663352954409926,0.14164384751870207
46.96,0.589678442066436,0.21046280544668128,-0.09432527371008179
46.97,0.589678442066436,0.30654650594431443,0.16630494468177923
46.980000000000004,0.589678442066436,-0.025865025158702593,-0.18575782623815454
46.99,0.589678442066436,0.17670036542384487,-0.3697134174816188
47.0,0.589678442066436,0.5511357756741638,0.0531235833380855
47.01,0.589678442066436,0.1045648447616547,-0.4454170220379724
47.02,0.589678442066436,0.09158168226679261,-0.12652204898380479
47.03,0.589678442066436,0.571506649536627,-0.06840700952973398
47.04,0.589678442066436,0.31998912038546296,-0.21454523307721687
47.050000000000004,0.589678442066436,0.04198845564386264,0.206500775563855
47.06,0.589678442066436,0.1592099645527353,-0.32671175669411767
47.07,0.589678442066436,0.34862323361227543,0.031802038728520554
47.08,0.589678442066436,0.1337205432796476,0.039572422427413996
47.09,0.589678442066436,0.1157834966296458,0.1691263244276814
47.1,0.589678442066436,-0.03841975534199729,0.3025103097057698
47.11,0.589678442066436,-0.15255533320395812,0.02804444230606122
47.12,0.589678442066436,0.1898160096185531,0.5092142043209836
47.13,0.589678442066436,0.3699305765798807,-0.10878885283030709
47.14,0.589678442066436,0.03504827722352366,0.14448767397330026
47.15,0.589678442066436,0.7534062556926171,-0.06060236509198907
47.160000000000004,0.589678442066436,0.4356668454784709,0.15173561973299668
47.17,0.589678442066436,0.37786703098357294,0.18831206838651268
47.18,0.589678442066436,0.3019372890715919,-0.11664442669641958
47.19,0.589678442066436,0.07081670406773369,0.22351755726254108
47.2,0.589678442066436,-0.03542226699573642,-0.262167509816392
47.21,0.589678442066436,0.5372892867124343,0.10962782741913787
47.22,0.589678442066436,0.06203357223397951,-0.13187652944443334
47.230000000000004,0.589678442066436,0.3631771133460752,-0.0005152874242783691
47.24,0.589678442066436,0.25779800421132937,0.2051774840259346
47.25,0.589678442066436,0.15569725757932895,0.05356096361130895
47.26,0.589678442066436,0.423369731953143,0.031175755182138817
47.27,0.589678442066436,0.41188447512438475,0.0888771872079177
47.28,0.589678442066436,-0.11602460936578457,-0.15814559286503788
47.29,0.589678442066436,0.5641995352930632,0.31881718408327947
47.300000000000004,0.589678442066436,0.26464412666463755,-0.01946892156793854
47.31,0.589678442066436,0.39821892996986236,-0.26225349424662825
47.32,0.589678442066436,0.298760452113884,0.3179788935194177
47.33,0.589678442066436,0.5866424124787688,-0.28534813554635036
47.34,0.589678442066436,0.500402764069279,0.1067594626040084
47.35,0.589678442066436,0.27838310403929956,-0.3137363705579198
47.36,0.589678442066436,0.05012770311197787,-0.13114103770017943
47.37,0.589678442066436,0.2422726465956551,0.22052796304639205
47.38,0.589678442066436,0.17929850127061175,-0.1261518661991547
47.39,0.589678442066436,0.2709702578875665,0.01579517562487359
47.4,0.589678442066436,-0.04491710282495037,0.4048558074337175
47.410000000000004,0.589678442066436,-0.08615802141862838,0.16483200541254822
47.42,0.589678442066436,0.5556187234845245,-0.1308009535673859
47.43,0.589678442066436,0.3130298488717423,-0.20442247727486793
47.44,0.589678442066436,0.35498085631603743,0.005871570048588723
47.45,0.589678442066436,0.25784116187025397,-0.3810486356158895
47.46,0.589678442066436,0.8437479396795584,-0.12044560284721709
47.47,0.589678442066436,0.2552432814713723,0.09894163706979815
47.480000000000004,0.589678442066436,0.45067986491537143,-0.20976864995153496
47.49,0.589678442066436,0.38733517172935505,0.10171680556985517
47.5,0.589678442066436,0.09611049151045875,-0.0033263253419818922
47.51,0.589678442066436,0.24871849230467144,-0.021864234344761306
47.52,0.589678442066436,0.4534182842178841,-0.21385454279245267
47.53,0.589678442066436,0.20629250823840992,0.03495687645105451
47.54,0.589678442066436,0.11617875361485275,-0.1348027941340944
47.550000000000004,0.589678442066436,-0.22795150572183176,-0.11999737431856003
47.56,0.589678442066436,-0.10130866025359897,-0.2153046219956547
47.57,0.589678442066436,0.19310169865456278,-0.26645400600648983
47.58,0.589678442066436,0.4017353293499685,0.07713888971688984
47.59,0.589678442066436,0.18482043359096223,0.0358632026108812
47.6,0.589678442066436,0.27357772276386333,0.045059529142856866
47.61,0.589678442066436,0.2819604119156472,-0.5094191798690852
47.62,0.589678442066436,0.019084072393654505,-7.702373302730797e-05
47.63,0.589678442066436,0.3554196195915895,0.06941234794357021
47.64,0.589678442066436,0.4563825815482657,-0.10861948063379681
47.65,0.589678442066436,0.0057548723959074954,0.11758800497857066
47.660000000000004,0.589678442066436,0.368125631393676,0.028583419578921923
47.67,0.589678442066436,0.12072785785547224,0.27185476042107476
47.68,0.589678442066436,0.36553129411819024,-0.31110812933199194
47.69,0.589678442066436,-0.02296733101278642,-0.07647274647793881
47.7,0.589678442066436,0.0688721471220215,-0.22866315016965216
47.71,0.589678442066436,0.01921326648757926,-0.001596832009607231
47.72,0.589678442066436,-0.03189641023426931,0.5284114601202968
47.730000000000004,0.589678442066436,0.31571046225314625,0.1560615451010141
47.74,0.589678442066436,0.26932401653916604,0.3458456685552899
47.75,0.589678442066436,-0.21016043340527102,0.27341503094164304
47.76,0.589678442066436,0.34487586113047336,0.19708866225747634
47.77,0.589678442066436,0.19309008783325082,0.4154371697807796
47.78,0.589678442066436,0.16244865125006164,0.059545291604647665
47.79,0.589678442066436,0.30015396397351424,-0.2608832117226586
47.800000000000004,0.589678442066436,0.5025709988365791,-0.06844648733648481
47.81,0.589678442066436,0.5265103145551114,0.252368727844666
47.82,0.589678442066436,0.3428855620042659,0.2645476147610484
47.83,0.589678442066436,0.37885892805716687,-0.07617105978216591
47.84,0.589678442066436,0.2492446228327794,0.22535508334097812
47.85,0.589678442066436,0.15689928097653827,-0.041741617841543406
47.86,0.589678442066436,0.6066716748454624,0.31927905743879686
47.870000000000005,0.589678442066436,0.6966000501899038,-0.07234933625215015
47.88,0.589678442066436,-0.0017620601139219372,-0.16428530281854956
47.89,0.589678442066436,0.30536112677257476,-0.07314418186123475
47.9,0.589678442066436,-0.013454068518933049,-0.08161433102069092
47.910000000000004,0.589678442066436,0.3734465381993012,-0.16008977703794872
47.92,0.589678442066436,0.566093960520073,-0.06848126498412388
47.93,0.589678442066436,0.3051645710367522,0.3359314199385653
47.94,0.589678442066436,0.006460574750589421,-0.18888788485399052
47.95,0.589678442066436,0.5004653368265891,0.05216733925911195
47.96,0.589678442066436,0.04236349817571938,0.04745852042494478
47.97,0.589678442066436,0.16623557807296802,-0.01318439631738838
47.980000000000004,0.589678442066436,0.08221484096104031,0.009945979350671534
47.99,0.589678442066436,0.2708799945420359,-0.06561183282965626
48.0,0.589678442066436,0.33458527921718334,0.13792552214643042
48.01,0.589678442066436,0.36835812732071377,0.26503547272296957
48.02,0.589678442066436,0.13346756232362358,0.3434462815437378
48.03,0.589678442066436,0.4069346650929338,0.17531307497618204
48.04,0.589678442066436,0.3007267759481139,0.28283498687588216
48.050000000000004,0.589678442066436,0.46418844979250407,0.14265302800879404
48.06,0.589678442066436,0.060063558535311284,0.15521950354299202
48.07,0.589678442066436,0.0970106399902721,0.1083330265790825
48.08,0.589678442066436,0.27870475510419657,-0.023776327980281606
48.09,0.589678442066436,0.11708279973724206,0.3123554970061594
48.1,0.589678442066436,0.4261172380321124,0.10356671633776132
48.11,0.589678442066436,0.13023487228227018,0.32469408599252697
48.120000000000005,0.589678442066436,0.3125836546894759,0.27681985849041524
48.13,0.589678442066436,0.2587982033670578,0.052466315291578525
48.14,0.589678442066436,0.029278227521836286,0.5147263505100312
48.15,0.589678442066436,0.015663498702415235,-0.17359062462272468
48.160000000000004,0.589678442066436,0.10183619377749037,0.24057075483741047
48.17,0.589678442066436,0.23560659787681915,0.3664334844313029
48.18,0.589678442066436,0.0008097035946167397,-0.058458072259148196
48.19,0.589678442066436,0.12373307178029078,-0.12524572753624186
48.2,0.589678442066436,0.41060784651434995,-0.014154084335631374
48.21,0.589678442066436,0.13414423682867083,0.06295384648159497
48.22,0.589678442066436,0.4104132022076419,-0.057339547110341345
48.230000000000004,0.589678442066436,0.2967536255454349,-0.02031370548502632
48.24,0.589678442066436,0.16744295549290603,0.3150895175242656
48.25,0.589678442066436,0.24806070955641762,0.02536792336256547
48.26,0.589678442066436,0.07539457288671342,0.2687403997919604
48.27,0.589678442066436,0.42901524899020876,0.08795917905719873
48.28,0.589678442066436,0.0302630639849909,0.04903844636420285
48.29,0.589678442066436,0.2171990971263471,-0.2210248782358993
48.300000000000004,0.589678442066436,0.41287708267964696,0.07308266249396389
48.31,0.589678442066436,0.5042840767499492,-0.3483410588326667
48.32,0.589678442066436,0.4333558653122769,0.12873849684352873
48.33,0.589678442066436,0.4091479650216797,-0.0320216231230369
48.34,0.589678442066436,0.48991825280249945,0.01761529588239216
48.35,0.589678442066436,0.046847491402403324,0.30417616625916544
48.36,0.589678442066436,0.1619786543280961,0.1682916779583215
48.370000000000005,0.589678442066436,0.13680456097249244,-0.16611636235959454
48.38,0.589678442066436,0.4038706758152556,0.18786297611991065
48.39,0.589678442066436,0.40808133932026347,-0.2166913013987688
48.4,0.589678442066436,0.19103364268535916,-0.046586414932902526
48.410000000000004,0.589678442066436,0.12449479979299832,-0.0675139342996317
48.42,0.589678442066436,0.1433382954860286,-0.25778572024391105
48.43,0.589678442066436,0.4178963655215868,-0.17218462310846164
48.44,0.589678442066436,-0.07232572574698065,0.22476302141995128
48.45,0.589678442066436,0.4854027462071752,0.3253554339113199
48.46,0.589678442066436,0.12103128203280478,0.07337871825725653
48.47,0.589678442066436,0.03701941338383036,-0.11228732423428368
48.480000000000004,0.589678442066436,0.12253397316467918,-0.04948287627507508
48.49,0.589678442066436,0.3422052334086555,0.10033894167924809
48.5,0.589678442066436,0.5429415303079105,0.28255597054075726
48.51,0.589678442066436,0.12289872850303507,-0.1731008264913496
48.52,0.589678442066436,0.2306992977925298,-0.06586553174010445
48.53,0.589678442066436,0.2874688218990327,-0.17016500856670275
48.54,0.589678442066436,0.3245983009392394,0.24684889488409312
48.550000000000004,0.589678442066436,0.06303954554711153,0.18752658692484264
48.56,0.589678442066436,0.15262406965549732,0.2715042044356502
48.57,0.589678442066436,0.2670855664381008,0.14199118843115915
48.58,0.589678442066436,0.35984235119557817,0.20596422965350106
48.59,0.589678442066436,0.37295428796126456,0.044271776022481536
48.6,0.589678442066436,0.32600031536422874,-0.5444857083419267
48.61,0.589678442066436,0.5750502810648868,-0.1985112064071241
48.620000000000005,0.589678442066436,0.18907226127261084,-0.31385917343625275
48.63,0.589678442066436,0.6783601708449236,-0.1035232063458149
48.64,0.589678442066436,0.2514552917883496,0.15695166643076033
48.65,0.589678442066436,0.38830239923215915,0.04390078990679212
48.660000000000004,0.589678442066436,0.08736970098683317,0.09588289509165257
48.67,0.589678442066436,0.4238303209839097,-0.1884955759575865
48.68,0.589678442066436,0.2603653713217028,-0.39775906140480827
48.69,0.589678442066436,0.1958605577434028,-0.016242520283567614
48.7,0.589678442066436,0.6029531463384974,-0.6857467404202147
48.71,0.589678442066436,0.26724516358246186,-0.05639019303683536
48.72,0.589678442066436,0.39780535904462655,-0.011268814210176115
48.730000000000004,0.589678442066436,0.2058446975410657,0.2736597021066867
48.74,0.589678442066436,0.29472390460986686,-0.04494675761313047
48.75,0.589678442066436,0.4469389719779908,0.42937550569391386
48.76,0.589678442066436,0.27357012031555905,0.3217499111082952
48.77,0.589678442066436,0.08713176614611745,0.18579080013229285
48.78,0.589678442066436,0.11263192860630811,-0.0321779585017163
48.79,0.589678442066436,0.40377619487227295,-0.2308707581194969
48.800000000000004,0.589678442066436,0.5529552042783199,-0.10713073936158753
48.81,0.589678442066436,0.34236660769876753,-0.08174185147377071
48.82,0.589678442066436,0.19297371439634514,0.056398928466823955
48.83,0.589678442066436,0.5465524516942947,-0.21158342410729836
48.84,0.589678442066436,-0.10942341161430047,0.10399025733476738
48.85,0.589678442066436,0.2840185901907457,0.030334276034230955
48.86,0.589678442066436,-0.07134351837394881,0.06050603192366878
48.870000000000005,0.589678442066436,-0.0268239951524602,-0.26447473610260175
48.88,0.589678442066436,0.22350961081989654,-0.3820923304967305
48.89,0.589678442066436,-0.2576669416528806,0.3487375056040712
48.9,0.589678442066436,0.2087677954164191,0.005478523136058004
48.910000000000004,0.589678442066436,0.6862752980962988,0.2977393316139453
48.92,0.589678442066436,0.21431517492294583,0.10084368195367353
48.93,0.589678442066436,0.19937069309618868,0.006168588908420059
48.94,0.589678442066436,0.30553245535204193,0.14857940029368769
48.95,0.589678442066436,0.10131752091326199,-0.12205649842932477
48.96,0.589678442066436,0.09463021595402221,-0.24354884685600675
48.97,0.589678442066436,0.3659695979879895,0.11392628539702078
48.980000000000004,0.589678442066436,0.3340189707071075,0.019255983222356693
48.99,0.589678442066436,0.22508932463639136,0.10486535428087707
49.0,0.589678442066436,0.544498832956826,0.049102855035255535
49.01,0.589678442066436,0.3293184009274622,-0.4469078847525333
49.02,0.589678442066436,0.1664039117901969,0.10454355424898223
49.03,0.589678442066436,0.08822213656386227,-0.08696733886677149
49.04,0.589678442066436,0.3839614289355068,0.09282909992737068
49.050000000000004,0.589678442066436,0.027947941395258913,0.20287195270491667
49.06,0.589678442066436,0.4014740789114732,-0.0018272633221883931
49.07,0.589678442066436,0.2875049498675546,5.711040956688125e-05
49.08,0.589678442066436,0.3508232421941721,-0.2726743559879975
49.09,0.589678442066436,0.23044788138946487,-0.10313088578580826
49.1,0.589678442066436,0.2340149513536025,0.2026591920443996
49.11,0.589678442066436,0.10042368218757342,0.039116595412732505
49.120000000000005,0.589678442066436,0.07989093023790311,-0.0029935511672967464
49.13,0.589678442066436,0.3361367466575476,-0.09823667083104617
49.14,0.589678442066436,0.5801508214454623,-0.008426946722878964
49.15,0.589678442066436,0.0319383408151373,0.19439211621034655
49.160000000000004,0.589678442066436,0.24064975099880076,-0.02193738220967013
49.17,0.589678442066436,-0.21401494939482363,-0.2104863895725536
49.18,0.589678442066436,0.5865290934058431,0.17256678276769788
49.19,0.589678442066436,0.4746413729887638,0.36558296807820695
49.2,0.589678442066436,0.5690871173371941,0.1595065213310425
49.21,0.589678442066436,0.41098956431293826,-0.07882950623603224
49.22,0.589678442066436,0.22145694738231436,0.47162138528671393
49.230000000000004,0.589678442066436,-0.019163688137342982,0.015549450156912626
49.24,0.589678442066436,0.332450909448354,-0.014792170031226265
49.25,0.589678442066436,-0.24995069148375731,0.029674165195263735
49.26,0.589678442066436,0.30320988710716856,0.05186424479791121
49.27,0.589678442066436,0.45428534801025955,-0.12839152649668267
49.28,0.589678442066436,0.034198124866801016,0.06266464640192526
49.29,0.589678442066436,0.4275212983397537,-0.028446168048454845
49.300000000000004,0.589678442066436,0.2332993399410334,-0.019430339503115797
49.31,0.589678442066436,0.3479060762488224,-0.2769828551065964
49.32,0.589678442066436,0.4847426737237388,-0.207708547458755
49.33,0.589678442066436,0.4804579921870488,-0.3543164879964844
49.34,0.589678442066436,0.2905762414984946,0.40601767820398754
49.35,0.589678442066436,0.1860455924077863,0.31325514389870623
49.36,0.589678442066436,0.35745983180078983,0.18497870706873837
49.370000000000005,0.589678442066436,0.028624053012722916,0.05383699108846668
49.38,0.589678442066436,0.10796627899812117,-0.34810927975463934
49.39,0.589678442066436,0.45473646642743504,0.3683506852053581
49.4,0.589678442066436,0.6391800072826774,-0.23400845084082667
49.410000000000004,0.589678442066436,0.435338459526566,0.11606210184800626
49.42,0.589678442066436,0.4314211633654864,0.03687464677100079
49.43,0.589678442066436,0.4246841135668897,-0.11443241552391946
49.44,0.589678442066436,0.39188907008082413,0.1843242801647566
49.45,0.589678442066436,0.4185102321462348,0.03212282851631788
49.46,0.589678442066436,0.6122459223686707,0.07893479195553507
49.47,0.589678442066436,0.33305311439196456,0.21344499338985803
49.480000000000004,0.589678442066436,0.08958706121804833,-0.15611582393329623
49.49,0.589678442066436,0.1630254767089546,-0.12687604147148568
49.5,0.589678442066436,0.2579412919580863,0.013573100348909716
49.51,0.589678442066436,0.3441043422291101,-0.21087065201098837
49.52,0.589678442066436,0.3113535081185243,-0.17832740092051133
49.53,0.589678442066436,0.1737444675503089,-0.5135141455135186
49.54,0.589678442066436,0.39143257703242185,0.0013393058674789498
49.550000000000004,0.589678442066436,0.2792862903678612,-0.08729410852973138
49.56,0.589678442066436,0.5367610488734361,-0.2155807667037009
49.57,0.589678442066436,0.323390247793273,0.0758155764441806
49.58,0.589678442066436,0.38572015641540486,0.28297111362351735
49.59,0.589678442066436,0.0511605076597893,-0.15587813406908255
49.6,0.589678442066436,0.3365147769367396,0.08701573062589264
49.61,0.589678442066436,0.4982645932704314,0.22524979714035784
49.620000000000005,0.589678442066436,0.33369798138440937,0.05238100625302794
49.63,0.589678442066436,0.5399900532703075,0.09766685187691597
49.64,0.589678442066436,0.17976269844358864,-0.09584286232974075
49.65,0.589678442066436,0.03491363533091796,-0.32471073066091466
49.660000000000004,0.589678442066436,0.3036578782147661,-0.10973183557414562
49.67,0.589678442066436,0.6237269078647398,-0.05885925168518818
49.68,0.589678442066436,0.36635368542685454,-0.25735758108329654
49.69,0.589678442066436,0.2488400719840386,0.06812447644772748
49.7,0.589678442066436,-0.027005850928007558,-0.06474893392744652
49.71,0.589678442066436,0.33331906013011203,-0.11561030228124776
49.72,0.589678442066436,0.21879679968068483,-0.04507950355184454
49.730000000000004,0.589678442066436,0.22025094257799804,0.03837456681336163
49.74,0.589678442066436,0.11607861797910857,-0.18130579397155255
49.75,0.589678442066436,0.5018004920355393,0.13601060603665147
49.76,0.589678442066436,0.12475688116916583,0.170859465851871
49.77,0.589678442066436,0.21387142867530431,-0.3689631723368893
49.78,0.589678442066436,0.621389178819179,-0.3320322966407982
49.79,0.589678442066436,0.3397906269176226,0.28990450545886787
49.800000000000004,0.589678442066436,0.7694981014321931,0.16837884608499173
49.81,0.589678442066436,0.1266487341837287,-0.057793775048454274
49.82,0.589678442066436,0.0858878154471873,-0.31216399142412404
49.83,0.589678442066436,0.31186491547618794,0.380450342207097
49.84,0.589678442066436,0.07475847866707175,0.007893240103001234
49.85,0.589678442066436,0.09061589280648905,0.004857551094037146
49.86,0.589678442066436,0.06281824880212256,-0.31548057054165735
49.870000000000005,0.589678442066436,0.48409430769857204,-0.01519580403812801
49.88,0.589678442066436,0.33946000484484834,-0.04036854217511925
49.89,0.589678442066436,0.3123400859617899,0.2892090181658227
49.9,0.589678442066436,0.2867060164241543,0.23230867061415916
49.910000000000004,0.589678442066436,0.36766611458133164,-0.3208990782360522
49.92,0.589678442066436,0.0965520607221399,0.3191020553527407
49.93,0.589678442066436,0.14559747735312012,-0.16434470963616712
49.94,0.589678442066436,0.5402781340146099,-0.12167745260352318
49.95,0.589678442066436,0.49441383835845354,-0.07590839899638424
49.96,0.589678442066436,0.029711013519341023,-0.10363942086998901
49.97,0.589678442066436,0.250495806304463,0.07505986128959047
49.980000000000004,0.589678442066436,0.6267898996609556,0.10477558465591125
49.99,0.589678442066436,-0.0062811610519779015,0.36531166476262145
