time,force,position,velocity
0.0,4.202604289002858,-0.2248567259464088,0.24359369854919868
0.01,4.202604289002858,-0.02335868470161418,0.07169128194276164
0.02,4.202604289002858,0.2654548132365828,0.054889153558660794
0.03,4.202604289002858,-0.1618568417193627,0.07581374811727365
0.04,4.202604289002858,0.23083009389261955,0.2565154749160819
0.05,4.202604289002858,-0.41149039275011284,0.5683432664004985
0.06,4.202604289002858,-0.22389106406436127,0.31309671041935305
0.07,4.202604289002858,-0.052023002619807926,0.2140302755580899
0.08,4.202604289002858,0.35072515968622103,0.2851299589282792
0.09,4.202604289002858,0.1986099537764816,0.39928906333534664
0.1,4.202604289002858,-0.35108684469694224,0.40681283071395535
0.11,4.202604289002858,0.019846828407164223,0.3691889992017335
0.12,4.202604289002858,-0.4252760498532975,0.727816459634738
0.13,4.202604289002858,-0.03840849220164248,0.9297416788624597
0.14,4.202604289002858,-0.16399304374976884,0.8152308105691457
0.15,4.202604289002858,-0.2590735331699835,0.7736776429965326
0.16,4.202604289002858,-0.3082833952215771,0.6895222227457487
0.17,4.202604289002858,0.39266252269612945,0.6531976606176174
0.18,4.202604289002858,0.1132946673970143,0.9072317950023429
0.19,4.202604289002858,0.3514287877991847,0.7219903454788661
0.2,4.202604289002858,0.155726991228488,0.6442068530595266
0.21,4.202604289002858,0.22047401893491975,0.955539971763529
0.22,4.202604289002858,-0.019810142138885795,1.164415352777407
0.23,4.202604289002858,0.15938663804627612,0.9370242613995006
0.24,4.202604289002858,0.0033525590078186396,1.0678352785820937
0.25,4.202604289002858,0.39099567450700734,1.17916676186718
0.26,4.202604289002858,0.13750576073169768,1.1024520023505044
0.27,4.202604289002858,0.2816955569062356,1.2195897607321844
0.28,4.202604289002858,0.2099915791753441,0.8167554120184254
0.29,4.202604289002858,-0.27774377578353904,1.0688382266621177
0.3,4.202604289002858,0.24103046453608426,1.2213422140132961
0.31,4.202604289002858,0.2219529746947405,1.259554520038312
0.32,4.202604289002858,-0.06694486507081221,1.2164047345347437
0.33,4.202604289002858,-0.05586993890465006,1.4285048752580407
0.34,4.202604289002858,0.24610566031115585,1.6166097302403588
0.35000000000000003,4.202604289002858,0.42830079354164524,1.4647978660755139
0.36,4.202604289002858,0.28875886409187995,1.3916077287963184
0.37,4.202604289002858,0.3153505077573177,1.2513104132043273
0.38,4.202604289002858,0.31945157566893007,1.6229322995559892
0.39,4.202604289002858,0.31829316705000604,1.1311237303413941
0.4,4.202604289002858,0.2375384743364189,1.445130306867765
0.41000000000000003,4.202604289002858,0.41159356369677047,1.6986085680450227
0.42,4.202604289002858,0.39853279999103525,1.629849946727504
0.43,4.202604289002858,0.3898230512109977,1.402038745360411
0.44,4.202604289002858,0.14369187698812985,1.5541295009848222
0.45,4.202604289002858,0.5551166003271211,1.5048567004461515
0.46,4.202604289002858,0.519149124465169,1.705076691757155
0.47000000000000003,4.202604289002858,0.3169419869160991,1.867048156470908
0.48,4.202604289002858,0.8611860083546377,1.6196397135096008
0.49,4.202604289002858,0.31357243290065834,1.888769774847384
0.5,4.202604289002858,0.022546995464403086,1.7122748512708983
0.51,4.202604289002858,0.6453468351730294,1.7341546962723662
0.52,4.202604289002858,0.026818657210381125,1.9737220177548893
0.53,4.202604289002858,0.5372365828393393,1.867547497022067
0.54,4.202604289002858,0.5559711682793245,1.9537646795032437
0.55,4.202604289002858,0.6993106599521959,1.589929305515117
0.56,4.202604289002858,0.6132124556058328,1.9939532985496136
0.5700000000000001,4.202604289002858,0.42554508065835367,2.250718551633381
0.58,4.202604289002858,0.5886531391555148,1.4555179819827648
0.59,4.202604289002858,0.6752962304233521,1.8832732261866332
0.6,4.202604289002858,0.7966923791125002,2.2963895424274767
0.61,4.202604289002858,0.6667013062302949,1.9366154181238315
0.62,4.202604289002858,0.6937128086896146,2.0640377915534267
0.63,4.202604289002858,0.36176854687336,2.4988718757181276
0.64,4.202604289002858,0.6700114846276509,2.1785585383758583
0.65,4.202604289002858,0.8192959981538648,2.0192151908039473
0.66,4.202604289002858,0.7324852929026395,2.520893000811324
0.67,4.202604289002858,1.1697976322350914,2.318354700622289
0.68,4.202604289002858,0.6257679360208039,2.120151516644736
0.6900000000000001,4.202604289002858,0.8511626579808834,2.437894554507063
0.7000000000000001,4.202604289002858,1.1582079907580414,2.054901856170696
0.71,4.202604289002858,0.9697023850034093,2.1520717726099257
0.72,4.202604289002858,1.0038433780751355,2.024242036782524
0.73,4.202604289002858,0.9864269307438113,2.348785344977972
0.74,4.202604289002858,1.2392287726772337,2.083153332608201
0.75,4.202604289002858,1.2058149721413334,2.600105352357832
0.76,4.202604289002858,1.205427464233423,2.2169193836266285
0.77,4.202604289002858,0.7915071880737665,2.3961720609342767
0.78,4.202604289002858,1.0173126084923998,2.4176848899453662
0.79,4.202604289002858,0.8770152213526041,2.2848748332720525
0.8,4.202604289002858,1.4653647083523924,2.5237235968838823
0.81,4.202604289002858,1.4053653785049145,2.9458794849490193
0.8200000000000001,4.202604289002858,1.4423528696813699,2.709214268069628
0.8300000000000001,4.202604289002858,1.4056983150016795,2.5332625282420866
0.84,4.202604289002858,1.3661416998541542,2.8366481113218476
0.85,4.202604289002858,1.2772003143026711,2.308871069028275
0.86,4.202604289002858,1.1491298014309612,2.639518289651474
0.87,4.202604289002858,1.1191437307420906,2.5149647683042367
0.88,4.202604289002858,1.5389198172281056,2.756862620501332
0.89,4.202604289002858,1.2160240122351187,2.4761359396325577
0.9,4.202604289002858,1.0967939239436784,2.824947858947673
0.91,4.202604289002858,1.6746699440335737,2.844065590951093
0.92,4.202604289002858,1.27269810771136,2.396942952588665
0.93,4.202604289002858,1.2558174300566898,2.5859766650036864
0.9400000000000001,4.202604289002858,1.9179062433334149,2.9335116589871557
0.9500000000000001,4.202604289002858,1.4301981544247269,3.373012760683014
0.96,4.202604289002858,1.888704950144621,2.4414425871802865
0.97,4.202604289002858,1.2293403196516934,2.8689864666993223
0.98,4.202604289002858,1.1570425762466967,3.0719058036582085
0.99,4.202604289002858,1.8624404315330758,2.7493262657776754
1.0,4.202604289002858,1.5215689770796934,2.797580411609887
1.01,4.202604289002858,1.6026294449508107,2.7525917037064693
1.02,4.202604289002858,1.5783615565631124,2.8587778276979203
1.03,4.202604289002858,1.6839310414331952,2.9121873644462517
1.04,4.202604289002858,1.984080349169597,2.7052744966423425
1.05,4.202604289002858,1.633715849648151,2.841084964515973
1.06,4.202604289002858,1.9202151251199242,3.2804757788046124
1.07,4.202604289002858,1.6377924883419188,3.2958849472570977
1.08,4.202604289002858,1.7046785592963878,2.627574058386505
1.09,4.202604289002858,2.252035160067125,2.618150466722703
1.1,4.202604289002858,2.0428805366296543,2.864953245542489
1.11,4.202604289002858,1.7096413501413938,2.673794336754666
1.12,4.202604289002858,2.136229762923586,2.8927260051362613
1.1300000000000001,4.202604289002858,1.9477140162441726,3.011858934687843
1.1400000000000001,4.202604289002858,2.125027513308006,3.0606990635747113
1.1500000000000001,4.202604289002858,2.0062940111278116,3.016799315023559
1.16,4.202604289002858,1.9645698545522583,2.9839767367174606
1.17,4.202604289002858,2.588259881623793,3.016024993722766
1.18,4.202604289002858,2.0979883842224547,2.970452544622427
1.19,4.202604289002858,2.064565468237173,3.3736828722536227
1.2,4.202604289002858,2.3522072446137545,2.8459915875484993
1.21,4.202604289002858,2.244553154210817,3.1288913148834756
1.22,4.202604289002858,2.380502105114913,2.8956919857131074
1.23,4.202604289002858,2.463110476137172,2.7722121633041805
1.24,4.202604289002858,2.206962559914018,2.691461320461006
1.25,4.202604289002858,2.8103435181385032,3.002655845306849
1.26,4.202604289002858,2.4968836074901226,3.501820518464709
1.27,4.202604289002858,2.2697475566960703,3.182592161637851
1.28,4.202604289002858,2.7787034301454847,2.995567428820625
1.29,4.202604289002858,2.5252749378197907,3.3412722382319284
1.3,4.202604289002858,2.4231367222231315,3.1521540552023017
1.31,4.202604289002858,2.562078540275181,2.8656895744434445
1.32,4.202604289002858,2.552242409270587,2.8957612430672017
1.33,4.202604289002858,3.0641530900792846,2.9818150054065775
1.34,4.202604289002858,2.7316399598119534,3.2847359276424086
1.35,4.202604289002858,2.646985719072661,2.8014580075330393
1.36,4.202604289002858,3.097368844232496,3.055342251897051
1.37,4.202604289002858,3.0697788072127694,3.0008729546964585
1.3800000000000001,4.202604289002858,2.6621014217190053,2.928344405564874
1.3900000000000001,4.202604289002858,2.462481478558739,2.7396855700103164
1.4000000000000001,4.202604289002858,3.1422496091197902,3.2976811130833967
1.41,4.202604289002858,3.1508232656528357,2.9028523169852836
1.42,4.202604289002858,3.0173860096666703,2.9267260346243926
1.43,4.202604289002858,2.804934617165724,2.8023963670266876
1.44,4.202604289002858,3.2003072753348496,2.7038223056110935
1.45,4.202604289002858,2.836775632778384,2.9231823897648743
1.46,4.202604289002858,3.1709156749094745,3.302421957028447
1.47,4.202604289002858,2.9978143644721817,2.8815641682882145
1.48,4.202604289002858,2.814803750491688,3.132485571351397
1.49,4.202604289002858,2.6322355912891857,3.1966177630172914
1.5,4.202604289002858,2.9190626758264324,2.940858016798228
1.51,4.202604289002858,3.4400568041551502,3.259277213042056
1.52,4.202604289002858,3.419585671540279,2.815619066412834
1.53,4.202604289002858,3.257118395790347,3.1809480379685318
1.54,4.202604289002858,2.9993160708804734,2.865668246887322
1.55,4.202604289002858,2.9885057777554858,2.8222422913438057
1.56,4.202604289002858,3.302898103865944,3.0531197910070205
1.57,4.202604289002858,3.7231306507717497,3.1022950752219485
1.58,4.202604289002858,3.1001453525496094,3.067569719690514
1.59,4.202604289002858,3.4796249179072007,2.8670095357842387
1.6,4.202604289002858,3.4054550431225845,2.71796491234996
1.61,4.202604289002858,3.729203287773936,3.1714662377805616
1.62,4.202604289002858,3.370501279933947,3.438566669148906
1.6300000000000001,4.202604289002858,3.713845549365096,2.743173976843331
1.6400000000000001,4.202604289002858,3.6007898820873234,2.6150030136475357
1.6500000000000001,4.202604289002858,3.8365169912286037,2.8106493232511265
1.6600000000000001,4.202604289002858,3.5246276091524567,3.0658037163294427
1.67,4.202604289002858,3.5147702474026175,2.6799431248272687
1.68,4.202604289002858,3.6966649295684775,2.9315895236355782
1.69,4.202604289002858,3.8038829908746536,2.8775260932739744
1.7,4.202604289002858,3.4514397310594305,3.0805798472400703
1.71,4.202604289002858,4.179335217231004,3.1082621666713055
1.72,4.202604289002858,3.448412161562936,2.8849432632697765
1.73,4.202604289002858,4.04874395493041,2.9771143579470283
1.74,4.202604289002858,3.8304753711855946,2.5073148203836526
1.75,4.202604289002858,4.034962766303089,2.918831444547203
1.76,4.202604289002858,4.208548613866946,2.7974711268533454
1.77,4.202604289002858,3.996869939284181,2.4900724177747136
1.78,4.202604289002858,3.9110476986604,2.2948890896199536
1.79,4.202604289002858,3.657008669819815,2.6267565003446376
1.8,4.202604289002858,4.2004588543048555,2.5961183490361073
1.81,4.202604289002858,4.151228777141086,2.3866730706243127
1.82,4.202604289002858,4.192013914582861,2.245518410688369
1.83,4.202604289002858,4.153749927013752,2.803197209560974
1.84,4.202604289002858,4.083282826851578,2.7651581632007733
1.85,4.202604289002858,4.345456356297822,2.5188297691347303
1.86,4.202604289002858,3.8820817579518896,2.8750748465275184
1.87,4.202604289002858,4.191844790892694,2.762211306469114
1.8800000000000001,4.202604289002858,3.985581753944972,3.038431920998672
1.8900000000000001,4.202604289002858,4.448599424975234,2.811312568194825
1.9000000000000001,4.202604289002858,4.155575509625564,2.2397750431513606
1.9100000000000001,4.202604289002858,4.3879953103327916,2.8826356048457393
1.92,4.202604289002858,4.759186488004531,2.68544744806348
1.93,4.202604289002858,4.329338119199805,2.918612935737475
1.94,4.202604289002858,4.289054360971409,2.9130489069395873
1.95,4.202604289002858,4.339853828507032,2.578600590322162
1.96,4.202604289002858,4.644117001321973,2.519977168758751
1.97,4.202604289002858,4.705742758114768,1.9645193472061662
1.98,4.202604289002858,4.218214140523157,2.2420218083238153
1.99,4.202604289002858,4.48950623093279,2.2389378944485703
2.0,4.202604289002858,4.516956628197773,2.3222876475537317
2.0100000000000002,4.202604289002858,4.560065236899059,2.5898958742035765
2.02,4.202604289002858,4.758954801352937,2.496217902495482
2.0300000000000002,4.202604289002858,4.3917818345795,2.37068283925105
2.04,4.202604289002858,4.4865239820404215,2.5401005612757364
2.05,4.202604289002858,4.868650982264067,2.4060471023839796
2.06,4.202604289002858,4.708377855311485,2.5175551223716846
2.07,4.202604289002858,4.703480424975835,2.7588085808914724
2.08,4.202604289002858,4.9154351675222765,2.267958481282786
2.09,4.202604289002858,4.972814262087499,2.293095431133327
2.1,4.202604289002858,4.674291226859401,2.4052359720010017
2.11,4.202604289002858,4.542697757494736,1.9377528815228013
2.12,4.202604289002858,4.893405401496309,2.1780303622222164
2.13,4.202604289002858,5.08478661724415,2.2010863903102242
2.14,4.202604289002858,5.053971717707484,2.1570557969262234
2.15,4.202604289002858,5.123765336281034,2.183681770306049
2.16,4.202604289002858,5.130969796948354,2.205359689762587
2.17,4.202604289002858,5.136817298188379,1.8773707617410524
2.18,4.202604289002858,4.627958197337979,2.222396354664071
2.19,4.202604289002858,4.972083948991408,2.2536404035035784
2.2,4.202604289002858,5.3882609425295565,1.9765168565186069
2.21,4.202604289002858,5.291734642618652,2.2948968728391024
2.22,4.202604289002858,5.022473124647159,2.1082601076642815
2.23,4.202604289002858,5.335408385693405,1.8743249894496274
2.24,4.202604289002858,5.115312143412326,2.2481729713061247
2.25,4.202604289002858,5.449499578068495,1.9174106550495693
2.2600000000000002,4.202604289002858,5.320903620261102,1.9311704576891737
2.27,4.202604289002858,5.486857648696909,1.7603018205442913
2.2800000000000002,4.202604289002858,5.078207055420278,2.191058058426854
2.29,4.202604289002858,5.010103704439575,2.2691450552640773
2.3000000000000003,4.202604289002858,5.432376032835868,2.0494296448540967
2.31,4.202604289002858,4.946221494264969,2.227297595538658
2.32,4.202604289002858,5.102675332846484,1.9673313385103526
2.33,4.202604289002858,5.379308584896847,1.5664860712999609
2.34,4.202604289002858,4.9170518954242155,2.214469127511102
2.35,4.202604289002858,5.128773259299087,2.0463925126093216
2.36,4.202604289002858,5.359648203708632,1.9185572777345123
2.37,4.202604289002858,5.351613743936754,1.3760053986228096
2.38,4.202604289002858,5.344242427913329,2.0434519236513586
2.39,4.202604289002858,5.184505121952988,1.9819612315049238
2.4,4.202604289002858,5.494480489089808,1.2607314670917256
2.41,4.202604289002858,5.415755735754841,1.823078226567138
2.42,4.202604289002858,5.389860145850066,2.039586949869189
2.43,4.202604289002858,5.371448839134053,1.4530227665507989
2.44,4.202604289002858,5.674219126376345,1.3216040767096984
2.45,4.202604289002858,5.182310428879799,1.6603898962308956
2.46,4.202604289002858,5.848385717840008,1.4388538448593786
2.47,4.202604289002858,5.743165219893626,1.5004704831798545
2.48,4.202604289002858,5.446230267904998,1.7338613479773657
2.49,4.202604289002858,5.665525678046585,1.2817351979823162
2.5,4.202604289002858,5.591600138717675,1.536647877381637
2.5100000000000002,4.202604289002858,5.80623585734785,1.4242152385876956
2.52,4.202604289002858,5.43050168126127,1.3135909412703484
2.5300000000000002,4.202604289002858,5.634118874523143,1.581036083916855
2.54,4.202604289002858,5.513138731867827,1.3530510584347248
2.5500000000000003,4.202604289002858,5.370410843998084,1.9115504802754062
2.56,4.202604289002858,5.739942161362459,1.6817452559586474
2.57,4.202604289002858,5.542270202957052,1.3407689660319109
2.58,4.202604289002858,4.942179095028906,1.104860047282756
2.59,4.202604289002858,5.325239382731071,1.2983423588364522
2.6,4.202604289002858,5.756547723957938,1.0671676544382538
2.61,4.202604289002858,5.335528761414544,1.3092265011968316
2.62,4.202604289002858,5.685792996915499,1.084458203457645
2.63,4.202604289002858,5.686326660175259,1.163733191663818
2.64,4.202604289002858,5.754133984441967,1.283081369915731
2.65,4.202604289002858,5.588290378983357,1.0447634579033396
2.66,4.202604289002858,5.858266878923597,1.3183403278456765
2.67,4.202604289002858,5.726958869983422,1.4022882046257992
2.68,4.202604289002858,5.670734760085153,1.3708045992436886
2.69,4.202604289002858,5.820150229717357,1.0171994447239374
2.7,4.202604289002858,5.7987885814629365,1.0864131972379145
2.71,4.202604289002858,5.630262960543763,0.9542304618344899
2.72,4.202604289002858,5.721150594697404,1.0192874458600845
2.73,4.202604289002858,6.053978824196443,1.0214129366341862
2.74,4.202604289002858,5.607260190172481,0.9165595130689387
2.75,4.202604289002858,6.01028345872741,0.9950190619697102
2.7600000000000002,4.202604289002858,5.6779820988566545,0.9264220156823185
2.77,4.202604289002858,5.965940549750046,0.839984547171566
2.7800000000000002,4.202604289002858,6.1093094668670425,0.8060251758476025
2.79,4.202604289002858,5.587299996856826,0.9317470593873945
2.8000000000000003,4.202604289002858,6.288653200319743,1.2000485123552722
2.81,4.202604289002858,5.629099965163032,0.9366393911055413
2.82,4.202604289002858,6.146826484806245,0.9432961530020164
2.83,4.202604289002858,6.095992821537774,1.0881520367755015
2.84,4.202604289002858,5.762380665830802,0.9367187666734393
2.85,4.202604289002858,5.87994842819241,0.6766773672903283
2.86,4.202604289002858,6.16092301625765,0.4518939208157077
2.87,4.202604289002858,6.2482771896310485,0.5988997083715653
2.88,4.202604289002858,5.596751888549803,0.7354816380740676
2.89,4.202604289002858,6.221633867065571,1.0197509754253156
2.9,4.202604289002858,6.211617406940697,0.680365134340897
2.91,4.202604289002858,6.180694182194267,0.21757756645518755
2.92,4.202604289002858,6.123558154815334,0.557677943219084
2.93,4.202604289002858,6.069905179773157,0.5304078833784049
2.94,4.202604289002858,6.008874032548185,0.7175524511858076
2.95,4.202604289002858,6.116513138178814,0.9584092522749761
2.96,4.202604289002858,5.7010707428702485,0.7560852307234633
2.97,4.202604289002858,6.5557360723791644,0.6223348532012768
2.98,4.202604289002858,6.050266918196539,0.4179875476673131
2.99,4.202604289002858,5.7254146752361095,0.8986935107883474
3.0,4.202604289002858,6.001032660292759,0.4049146655174634
3.0100000000000002,4.202604289002858,5.840176370855887,0.49271328698716765
3.02,4.202604289002858,6.291138891970262,0.6139374891500378
3.0300000000000002,4.202604289002858,6.350397745147938,0.7191850857742739
3.04,4.202604289002858,6.066970465086875,0.6624125400934264
3.0500000000000003,4.202604289002858,5.806078790663026,0.5389969936402418
3.06,4.202604289002858,6.103939053360152,0.3615477728886855
3.0700000000000003,4.202604289002858,6.101777640479655,0.4267004242876822
3.08,4.202604289002858,5.7600572499691145,0.12434465524365917
3.09,4.202604289002858,5.774755169379833,0.4100812548948844
3.1,4.202604289002858,5.645043954049719,0.2914217782990108
3.11,4.202604289002858,6.075604592207502,0.4797780093664029
3.12,4.202604289002858,6.068699716349952,0.23093901695251423
3.13,4.202604289002858,5.84629098692515,0.4942954550710871
3.14,4.202604289002858,6.025662205006176,-0.35964608423692135
3.15,4.202604289002858,5.786097720763162,-0.1297148841496474
3.16,4.202604289002858,5.89082910680617,0.1551031619166094
3.17,4.202604289002858,5.932107936264021,-0.08429257510951042
3.18,4.202604289002858,5.84583051786597,0.010327277427064921
3.19,4.202604289002858,5.661038554565814,0.2230942900110525
3.2,4.202604289002858,5.822919137130754,0.5079934060912861
3.21,4.202604289002858,6.074221352032816,0.33845280696888025
3.22,4.202604289002858,6.299382277673165,-0.1158993306774777
3.23,4.202604289002858,6.049387343003541,-0.20676545266007323
3.24,4.202604289002858,5.894334161552719,0.30050841426928965
3.25,4.202604289002858,6.189081043898802,0.1440419328887772
3.2600000000000002,4.202604289002858,5.897193972748728,0.16954328006915903
3.27,4.202604289002858,6.113785016330521,0.16449079279181372
3.2800000000000002,4.202604289002858,6.190197168266114,-0.456615247286409
3.29,4.202604289002858,6.036087570321931,-0.12858335315921265
3.3000000000000003,4.202604289002858,5.848977263294374,-0.06508793968794976
3.31,4.202604289002858,6.001217331073176,-0.07105655382972666
3.3200000000000003,4.202604289002858,5.640293494349482,-0.2235083573037545
3.33,4.202604289002858,6.362533602730975,-0.10556618852158954
3.34,4.202604289002858,5.839354363364726,-0.41429906681654105
3.35,4.202604289002858,6.0128446472717,-0.21930072794103467
3.36,4.202604289002858,6.146450045654236,-0.4800389743566848
3.37,4.202604289002858,5.97376029092005,-0.25261279241077617
3.38,4.202604289002858,6.2057182638433845,0.16633447531535844
3.39,4.202604289002858,5.8446369365081345,-0.3158296725499534
3.4,4.202604289002858,5.9187136109621985,-0.18125305988836998
3.41,4.202604289002858,6.16514502101323,0.0203952823950046
3.42,4.202604289002858,6.065096182018661,-0.2726909560472233
3.43,4.202604289002858,5.540101910277554,-0.1961125661019911
3.44,4.202604289002858,5.647730797831402,-0.7681144116580136
3.45,4.202604289002858,5.861450795245301,-0.5341626004355388
3.46,4.202604289002858,6.145261276609197,-0.49693144545662904
3.47,4.202604289002858,6.082301012001438,-0.5858179881672545
3.48,4.202604289002858,6.078922880115291,-0.4779637811379634
3.49,4.202604289002858,6.153103260853525,-0.5653407725212998
3.5,4.202604289002858,6.054659163943481,-0.20967611487919963
3.5100000000000002,4.202604289002858,5.796481230199495,-0.5582721725711133
3.52,4.202604289002858,6.119556820483919,-0.4606426879295518
3.5300000000000002,4.202604289002858,5.719086778905893,-0.6258081012795665
3.54,4.202604289002858,5.9521038862645765,-0.7944342528691508
3.5500000000000003,4.202604289002858,6.063496132124936,-0.6191248922277873
3.56,4.202604289002858,5.933232162185257,-0.9405015292707508
3.5700000000000003,4.202604289002858,6.1669047519710025,-0.16711833952575872
3.58,4.202604289002858,6.2693146398757245,-0.4318263941356798
3.59,4.202604289002858,5.9010135104791095,-0.6071517685418243
3.6,4.202604289002858,6.200669839712549,-0.6278562210913989
3.61,4.202604289002858,6.21742138982629,-0.5502309191176596
3.62,4.202604289002858,6.047321236593966,-0.5895498369270161
3.63,4.202604289002858,6.095804250615478,-0.8297003962058778
3.64,4.202604289002858,5.773496506047098,-0.43415843539613763
3.65,4.202604289002858,6.296822842907345,-0.8007245437484155
3.66,4.202604289002858,5.9724285953652245,-0.43304226683254265
3.67,4.202604289002858,6.319886223884594,-0.7133009621339289
3.68,4.202604289002858,5.576158648211538,-0.9139771345070106
3.69,4.202604289002858,5.729802307105062,-1.0832520878637522
3.7,4.202604289002858,5.54605465408293,-0.7555273529342438
3.71,4.202604289002858,5.697604897377034,-0.9569665204167627
3.72,4.202604289002858,5.498359751074364,-0.8202036697035265
3.73,4.202604289002858,5.802702769520332,-0.6290801446480021
3.74,4.202604289002858,5.658383472652569,-0.7228533755825195
3.75,4.202604289002858,5.68752114350316,-0.7631575776416649
3.7600000000000002,4.202604289002858,6.07389884825133,-0.7767824715405682
3.77,4.202604289002858,5.653185363219367,-0.8232342505385407
3.7800000000000002,4.202604289002858,5.8115090314919255,-0.9748470774434079
3.79,4.202604289002858,6.006025529533606,-0.9042836643492331
3.8000000000000003,4.202604289002858,5.862004346892353,-0.9663076499297865
3.81,4.202604289002858,5.882741047779385,-1.009088471489277
3.8200000000000003,4.202604289002858,5.673613962568864,-1.0652666012115126
3.83,4.202604289002858,5.840569978618023,-0.9587958161590954
3.84,4.202604289002858,6.033234560367664,-0.9448985673658794
3.85,4.202604289002858,5.849263854985052,-0.8631728539491521
3.86,4.202604289002858,5.7536429126699655,-0.84623141505429
3.87,4.202604289002858,6.150099929357762,-1.054834504411345
3.88,4.202604289002858,5.456841987468955,-0.8513847252711192
3.89,4.202604289002858,5.691757399088828,-1.1419714594620327
3.9,4.202604289002858,5.911303595665282,-1.0353723021935977
3.91,4.202604289002858,5.755626829216962,-1.0567282610486386
3.92,4.202604289002858,5.648059864435927,-1.1078453630328964
3.93,4.202604289002858,5.71447708062643,-0.8856612862373612
3.94,4.202604289002858,5.522455747987477,-0.8027260412896752
3.95,4.202604289002858,5.605167666136826,-1.2998294114445081
3.96,4.202604289002858,5.680448218969108,-0.7902962909825122
3.97,4.202604289002858,5.758362729381646,-1.0483610432135113
3.98,4.202604289002858,5.355879305382498,-1.0469958282469534
3.99,4.202604289002858,5.879936874052678,-1.0567689506180358
4.0,4.202604289002858,5.655121712087263,-0.9413595372804583
4.01,4.202604289002858,5.463101730880892,-1.3794807886710425
4.0200000000000005,4.202604289002858,5.764741077123732,-0.9440280958369246
4.03,4.202604289002858,5.596153953852214,-1.0624787844295702
4.04,4.202604289002858,5.650635329626993,-0.9041750739769379
4.05,4.202604289002858,5.917651460557778,-1.369931976830082
4.0600000000000005,4.202604289002858,5.75373596029053,-1.0201006549959584
4.07,4.202604289002858,5.395935208960269,-1.2664083468850358
4.08,4.202604289002858,5.131206090936166,-1.1390301013672808
4.09,4.202604289002858,5.581072910179314,-1.2689506004738833
4.1,4.202604289002858,5.642619002740068,-1.3275876139566452
4.11,4.202604289002858,4.994542857005953,-0.9561707281701181
4.12,4.202604289002858,5.669415113264877,-1.684632227627595
4.13,4.202604289002858,5.499131190665407,-1.19273662758723
4.14,4.202604289002858,5.573681005109774,-1.0347500831217986
4.15,4.202604289002858,5.210283482803867,-1.6450294086186956
4.16,4.202604289002858,5.469956701396248,-1.2764838858887297
4.17,4.202604289002858,5.42535025761157,-0.9774743671255925
4.18,4.202604289002858,5.36278312462353,-1.2813019106974601
4.19,4.202604289002858,5.572019063023629,-1.1880879975729433
4.2,4.202604289002858,5.2677457202064755,-1.1152856481552202
4.21,4.202604289002858,5.419530132504225,-1.0445864865935925
4.22,4.202604289002858,5.271178356418991,-1.4813231373149451
4.23,4.202604289002858,5.4354073751052185,-1.2925774511333743
4.24,4.202604289002858,5.348622853048472,-1.5318219403387459
4.25,4.202604289002858,5.409519291300178,-1.0915998611533235
4.26,4.202604289002858,5.401103582987627,-1.3482960537739055
4.2700000000000005,4.202604289002858,5.09716745177218,-1.479499953939993
4.28,4.202604289002858,5.556633547393707,-1.288385500039897
4.29,4.202604289002858,5.323639312713451,-1.0886606702930308
4.3,4.202604289002858,4.950919185892496,-1.1070507055667007
4.3100000000000005,4.202604289002858,5.297987338584418,-0.820115427877016
4.32,4.202604289002858,5.289490438751514,-1.1705577916195749
4.33,4.202604289002858,5.393789362280672,-1.1031614509981487
4.34,4.202604289002858,5.318054431154838,-1.5472837597565343
4.3500000000000005,4.202604289002858,5.428953431657762,-1.4148221627382498
4.36,4.202604289002858,5.104182045557759,-1.1432739628439321
4.37,4.202604289002858,5.126450517748251,-1.2388135301026588
4.38,4.202604289002858,5.051116936998047,-1.3328662985458894
4.39,4.202604289002858,5.498410478273392,-1.1805741858865388
4.4,4.202604289002858,5.211571401513303,-1.2165812197838226
4.41,4.202604289002858,5.378469058578275,-1.527329613507502
4.42,4.202604289002858,4.899940688720332,-1.1554866112276554
4.43,4.202604289002858,4.976003625369652,-1.5896079480919787
4.44,4.202604289002858,5.239216736867927,-1.2613866017455606
4.45,4.202604289002858,5.329633292460188,-1.3454178814489972
4.46,4.202604289002858,4.553932405385206,-1.191891223309268
4.47,4.202604289002858,5.055655335339623,-1.1451205612158069
4.48,4.202604289002858,5.300116447518948,-1.2854001659135494
4.49,4.202604289002858,5.132594748438241,-1.046292700852725
4.5,4.202604289002858,5.19589834778922,-1.1340942728133518
4.51,4.202604289002858,4.810987067771475,-1.1940967593816847
4.5200000000000005,4.202604289002858,4.880610661838402,-1.4787453480282453
4.53,4.202604289002858,5.220506505406396,-1.295590249632199
4.54,4.202604289002858,4.865770857430551,-1.4482159530000493
4.55,4.202604289002858,4.942694905865431,-1.4990888938799047
4.5600000000000005,4.202604289002858,4.7715638904094515,-1.2284851814004139
4.57,4.202604289002858,4.65943921437181,-1.5645201644930196
4.58,4.202604289002858,4.980139338961729,-1.0714300934713945
4.59,4.202604289002858,4.5068558184263585,-1.1745062726184625
4.6000000000000005,4.202604289002858,4.748342237471521,-0.9311227684029749
4.61,4.202604289002858,4.722650510184562,-1.690434435265581
4.62,4.202604289002858,4.721796849960343,-1.5504226929248395
4.63,4.202604289002858,5.067227924264818,-1.4239216446473972
4.64,4.202604289002858,4.800573489028861,-1.2858101787954876
4.65,4.202604289002858,5.2831739369901465,-1.1942612460279434
4.66,4.202604289002858,4.848339751615457,-1.4077277091022766
4.67,4.202604289002858,4.399814826313199,-1.422225912560552
4.68,4.202604289002858,4.877690725431964,-1.3904965499469646
4.69,4.202604289002858,4.754468421998849,-1.438120840613093
4.7,4.202604289002858,4.757789461121763,-0.9985282886909023
4.71,4.202604289002858,4.7326218778249824,-1.4553637864669973
4.72,4.202604289002858,4.543846578307189,-1.7975636807369204
4.73,4.202604289002858,4.5625166008608735,-1.5888814417240065
4.74,4.202604289002858,4.863425111553665,-1.2428330563681076
4.75,4.202604289002858,5.004125379158813,-1.4818343014784214
4.76,4.202604289002858,4.429863051390099,-1.1263804073658834
4.7700000000000005,4.202604289002858,4.612965116317457,-1.3196847098315
4.78,4.202604289002858,4.797841293247065,-1.1018335001353543
4.79,4.202604289002858,4.605690924535909,-0.99992095074999
4.8,4.202604289002858,4.761096867844708,-1.6109186642347453
4.8100000000000005,4.202604289002858,4.459706233123733,-0.7632867169463902
4.82,4.202604289002858,4.357724881730622,-1.5434471071644562
4.83,4.202604289002858,4.265355974759439,-1.2820251102210818
4.84,4.202604289002858,4.622257793362561,-1.2810942892103432
4.8500000000000005,4.202604289002858,4.5220729576615195,-1.3494512071660485
4.86,4.202604289002858,4.358753205903087,-1.4400500559711302
4.87,4.202604289002858,4.539596564756295,-1.4736704966360878
4.88,4.202604289002858,4.286768856983937,-1.3788292282069778
4.89,4.202604289002858,4.405230645524618,-0.9962764372984759
4.9,4.202604289002858,4.311624146616822,-1.18425099875431
4.91,4.202604289002858,4.266919336043427,-1.1884483107561807
4.92,4.202604289002858,4.059050524174126,-1.2127175020521135
4.93,4.202604289002858,4.612979870593881,-1.1584881788230434
4.94,4.202604289002858,4.394391991145546,-1.46980287556548
4.95,4.202604289002858,4.082205177891226,-1.3479769998901656
4.96,4.202604289002858,4.259118213145081,-1.6109011880238495
4.97,4.202604289002858,4.422057259216719,-1.2397207752775579
4.98,4.202604289002858,4.042153752648568,-1.3332718898551594
4.99,4.202604289002858,4.223584160089133,-1.2807357180878112
5.0,4.202604289002858,4.667550766354056,-1.1938788766109278
5.01,4.202604289002858,4.5103113847402305,-1.1864016332805654
5.0200000000000005,4.202604289002858,4.530089059056336,-1.3996846724309928
5.03,4.202604289002858,4.373248489963534,-1.0990431944959704
5.04,4.202604289002858,4.566731170561429,-0.8412521029373929
5.05,4.202604289002858,4.445955856620092,-1.3584320231846487
5.0600000000000005,4.202604289002858,4.383717991780637,-1.2072816181200297
5.07,4.202604289002858,4.248362618047749,-1.6471122274743424
5.08,4.202604289002858,4.172433339361121,-1.3233625296325204
5.09,4.202604289002858,4.312863562388827,-1.0462057271091676
5.1000000000000005,4.202604289002858,4.072859898657356,-0.7658407968136631
5.11,4.202604289002858,4.263918179161782,-1.0843141469055542
5.12,4.202604289002858,4.22481921837686,-1.2072292607554687
5.13,4.202604289002858,4.104823061501765,-0.9200669167134427
5.14,4.202604289002858,4.246822792781485,-1.4146215020571944
5.15,4.202604289002858,4.064789443532352,-1.2306306762013042
5.16,4.202604289002858,4.0627751448992795,-1.4557712790664707
5.17,4.202604289002858,4.322424260932577,-1.3373120331394457
5.18,4.202604289002858,4.033801791935628,-1.1079197897339483
5.19,4.202604289002858,4.182951029674258,-1.1180378129760657
5.2,4.202604289002858,4.022101865966444,-0.9399628456204423
5.21,4.202604289002858,3.7429758065729226,-0.9450131777702382
5.22,4.202604289002858,4.139155337269648,-0.7997782064322786
5.23,4.202604289002858,3.9014104336473534,-1.1527531564881934
5.24,4.202604289002858,3.6481892234073485,-1.276152446829864
5.25,4.202604289002858,3.8159061031597385,-1.4407164755145092
5.26,4.202604289002858,3.6747572256038263,-0.951714296280302
5.2700000000000005,4.202604289002858,3.972281402945264,-0.6240943296377239
5.28,4.202604289002858,4.03915574020462,-0.8544089213054739
5.29,4.202604289002858,4.15824602580567,-0.9878035283990247
5.3,4.202604289002858,3.824843452122632,-1.2897125093502186
5.3100000000000005,4.202604289002858,4.1233124979244336,-0.9230611542086257
5.32,4.202604289002858,3.894587479790449,-1.027660572820102
5.33,4.202604289002858,4.063181126561486,-1.0141407014651966
5.34,4.202604289002858,3.659168799703042,-1.3441656604326877
5.3500000000000005,4.202604289002858,4.083287682559011,-1.4077936024127549
5.36,4.202604289002858,3.6305289768121503,-1.003895790286998
5.37,4.202604289002858,4.0142793457964565,-0.9371306409485589
5.38,4.202604289002858,4.083971122105798,-0.9104215266918658
5.39,4.202604289002858,4.0266234458214925,-0.9488462887257697
5.4,4.202604289002858,4.226807339450257,-1.4615647423709357
5.41,4.202604289002858,3.3194899925760226,-0.6345016855740455
5.42,4.202604289002858,3.8979375182811644,-1.0190031500861503
5.43,4.202604289002858,3.7602126378858234,-1.4219241843444062
5.44,4.202604289002858,3.714253729681699,-0.8376973058591671
5.45,4.202604289002858,4.044753800630315,-0.6848737652400692
5.46,4.202604289002858,4.202101796009076,-0.9014940049054015
5.47,4.202604289002858,3.642007992875636,-0.6490116216238535
5.48,4.202604289002858,3.738490392709445,-0.8045516808359022
5.49,4.202604289002858,3.7762983335957734,-0.6839136791469355
5.5,4.202604289002858,3.777532175749094,-1.1455928964064814
5.51,4.202604289002858,4.309809695399836,-0.9687024870491024
5.5200000000000005,4.202604289002858,3.6207171033105365,-1.1406410415471768
5.53,4.202604289002858,3.8439925973925715,-0.6271582929803732
5.54,4.202604289002858,3.707055680990209,-0.4428437158445511
5.55,4.202604289002858,3.7527805958730354,-0.8852391314847128
5.5600000000000005,4.202604289002858,4.100670763483816,-0.8354478956437037
5.57,4.202604289002858,3.592187545155545,-0.7472903866262135
5.58,4.202604289002858,3.6457518966463,-0.9621107609715056
5.59,4.202604289002858,4.188622950577955,-0.6121808279087549
5.6000000000000005,4.202604289002858,3.603695318159383,-0.5240610207197969
5.61,4.202604289002858,3.6591233458155026,-0.6850064959949043
5.62,4.202604289002858,3.592652204002918,-0.9538706579449809
5.63,4.202604289002858,3.5843768520383055,-0.5796949582249368
5.64,4.202604289002858,3.822172672235804,-0.3493762036884629
5.65,4.202604289002858,3.900259310530339,-0.8189450060017293
5.66,4.202604289002858,3.6640594648772775,-0.9258735329746902
5.67,4.202604289002858,3.4129389761475055,-0.573304866053751
5.68,4.202604289002858,3.5831667890658516,-0.828206247807099
5.69,4.202604289002858,3.7390089596174354,-0.6381452205669531
5.7,4.202604289002858,3.173308784830502,-0.39643323468168223
5.71,4.202604289002858,3.7599750637939384,-0.35144175972509945
5.72,4.202604289002858,3.6074988430961343,-0.7738532888050477
5.73,4.202604289002858,3.6262885109804253,-0.972803125129071
5.74,4.202604289002858,3.8254060497305082,-0.6617828030264051
5.75,4.202604289002858,3.755141249148353,-0.6354351375601952
5.76,4.202604289002858,3.575352014568398,-0.732429216038324
5.7700000000000005,4.202604289002858,4.208847270280353,-0.864629047840674
5.78,4.202604289002858,3.4689110733803443,-0.5967135014663777
5.79,4.202604289002858,3.6790845429057497,-0.38511020696042053
5.8,4.202604289002858,3.4200910035639764,-0.5556465431341397
5.8100000000000005,4.202604289002858,3.5612085439580645,-0.1490158983629069
5.82,4.202604289002858,3.592898743720242,-0.36548281407775673
5.83,4.202604289002858,3.613072773639189,-0.4976452322411608
5.84,4.202604289002858,3.5675489351567835,-0.7374318181262154
5.8500000000000005,4.202604289002858,3.6455135694760084,-0.32144486274250383
5.86,4.202604289002858,3.733478418478342,-0.5186111403369863
5.87,4.202604289002858,3.8583210209360943,-0.8333320924318334
5.88,4.202604289002858,3.4722658696561384,-0.5753690129803465
5.89,4.202604289002858,3.6241968086623793,-0.7229693012652291
5.9,4.202604289002858,3.746981349029412,-0.7151248601622041
5.91,4.202604289002858,3.613172419743286,-0.5802671102962426
5.92,4.202604289002858,3.3823266705203925,-0.6661689496898434
5.93,4.202604289002858,3.3242676054819493,-0.4082574805239651
5.94,4.202604289002858,3.3981728999426366,-0.4251088940385843
5.95,4.202604289002858,3.7279742942019594,-0.5991752195011533
5.96,4.202604289002858,3.542154576546445,-0.43805725715818783
5.97,4.202604289002858,3.6966431922761327,-0.44036195673474887
5.98,4.202604289002858,3.154190410289854,-0.23326883590833114
5.99,4.202604289002858,3.6469060286495467,-0.4166688070285942
6.0,4.202604289002858,3.2276945384209017,-0.5042044520386177
6.01,4.202604289002858,3.779405891297798,-0.5358524154942841
6.0200000000000005,4.202604289002858,3.5191297173172984,-0.9559244749888207
6.03,4.202604289002858,3.2610407076806385,-0.5124430489168974
6.04,4.202604289002858,3.0855474789449437,-0.5262266074717266
6.05,4.202604289002858,3.4572640601291336,-0.10371798233080437
6.0600000000000005,4.202604289002858,3.308140481468754,-0.15597527638755804
6.07,4.202604289002858,3.444795975133892,-0.32124205759886776
6.08,4.202604289002858,3.2279422853142354,-0.6124867474656808
6.09,4.202604289002858,3.3367832397207207,-0.19958148711486254
6.1000000000000005,4.202604289002858,3.569972594395374,-0.2057996419942539
6.11,4.202604289002858,3.373854723629655,-0.1053837844461864
6.12,4.202604289002858,3.4657988170892033,-0.4131194184587001
6.13,4.202604289002858,3.71657297456741,-0.4928081134745194
6.140000000000001,4.202604289002858,3.3814461931747406,-0.3498995153105898
6.15,4.202604289002858,3.0477326683860113,-0.3346856682556
6.16,4.202604289002858,3.5436976649002863,-0.7831999942966537
6.17,4.202604289002858,2.8978202066905707,-0.33745656442704497
6.18,4.202604289002858,2.9716043368080727,-0.13864858519290185
6.19,4.202604289002858,3.6795736105969485,-0.13378312999874967
6.2,4.202604289002858,3.478829054305841,-0.16301202793120706
6.21,4.202604289002858,3.37601325333664,-0.41300745400727734
6.22,4.202604289002858,3.342975588768911,-0.3486834768335644
6.23,4.202604289002858,3.4280385439989587,-0.5430413077039022
6.24,4.202604289002858,3.552376988607141,-0.3484140648773007
6.25,4.202604289002858,3.588809528426564,-0.00040207707260800363
6.26,4.202604289002858,3.3092209968893145,-0.34620394113099057
6.2700000000000005,4.202604289002858,3.5757732954038586,-0.623761798413167
6.28,4.202604289002858,3.2113945952254013,-0.5437832105036945
6.29,4.202604289002858,3.421395294030952,-0.32810510514677427
6.3,4.202604289002858,3.600660329726607,-0.13090647936667182
6.3100000000000005,4.202604289002858,3.447387629354874,0.2261605453967398
6.32,4.202604289002858,3.1448783318440547,-0.023137515984634954
6.33,4.202604289002858,3.5709991784823996,-0.041301177376462495
6.34,4.202604289002858,3.534415998436569,-0.023641678442817976
6.3500000000000005,4.202604289002858,3.599098638237267,-0.1652906468812646
6.36,4.202604289002858,3.0255069876205907,0.035696639996734336
6.37,4.202604289002858,3.3877920539677184,-0.19417231257850032
6.38,4.202604289002858,3.402138326135772,-0.08394465423360474
6.390000000000001,4.202604289002858,3.1912360932393082,-0.17223588092804998
6.4,4.202604289002858,3.1586183974305335,-0.04554892513812701
6.41,4.202604289002858,3.3546679949541653,0.07382264627980759
6.42,4.202604289002858,3.182596320407726,-0.03402879750623975
6.43,4.202604289002858,2.984193989894559,0.32566458558717337
6.44,4.202604289002858,3.407166891606043,-0.31513891973441804
6.45,4.202604289002858,3.49008647692929,0.14928454780626146
6.46,4.202604289002858,3.4608494880851004,0.13838567539739435
6.47,4.202604289002858,3.39281090389494,0.2252252481084918
6.48,4.202604289002858,3.0363981212538027,-0.07957050151080952
6.49,4.202604289002858,3.471227552121123,-0.25301077671382566
6.5,4.202604289002858,3.2911137338103904,-0.524198725520529
6.51,4.202604289002858,3.5138508502500874,0.4548033926944805
6.5200000000000005,4.202604289002858,3.477212001918589,0.010837805780986677
6.53,4.202604289002858,4.0230726821435345,-0.05133287406977912
6.54,4.202604289002858,3.2985788603711477,-0.07366076867780894
6.55,4.202604289002858,3.2856778506329363,0.027790645590873
6.5600000000000005,4.202604289002858,3.5683968662723538,0.19844873107133848
6.57,4.202604289002858,3.280133653389717,0.08940084507745052
6.58,4.202604289002858,3.4730297773129517,0.0005161768606653516
6.59,4.202604289002858,3.5754098872861064,0.08791486385572768
6.6000000000000005,4.202604289002858,3.4103123864362863,0.1989525168480139
6.61,4.202604289002858,3.6484026486453702,-0.008935248268815962
6.62,4.202604289002858,3.649803592073293,0.19448941875897427
6.63,4.202604289002858,3.350139729150138,0.12710836248231766
6.640000000000001,4.202604289002858,3.233459099764999,0.0012877957601803158
6.65,4.202604289002858,3.7810959046099617,0.21812924220298827
6.66,4.202604289002858,3.2860471838099814,0.3587386621782918
6.67,4.202604289002858,3.4438676994596062,0.4558922834468552
6.68,4.202604289002858,3.4195436955936755,0.432785234714588
6.69,4.202604289002858,3.452376341470488,0.19253285033068593
6.7,4.202604289002858,3.8042638523513617,0.32973577546460153
6.71,4.202604289002858,3.294295498074652,0.3587653807700346
6.72,4.202604289002858,3.605116062077686,-0.062263928563297544
6.73,4.202604289002858,3.5545508291602523,0.5600389721111494
6.74,4.202604289002858,3.584995595222468,0.2662625101376521
6.75,4.202604289002858,3.4720907648828137,0.14075847354908994
6.76,4.202604289002858,3.76742975930687,-0.1119897981970262
6.7700000000000005,4.202604289002858,3.302669873535507,0.08060523013762558
6.78,4.202604289002858,3.379158666782372,0.05422569541860972
6.79,4.202604289002858,3.038659039703032,-0.15092475458132115
6.8,4.202604289002858,3.383365541502051,0.1770695968905487
6.8100000000000005,4.202604289002858,3.5621672669423927,0.3966443110498362
6.82,4.202604289002858,3.1830194320431446,0.15347102522645953
6.83,4.202604289002858,3.3604536433856453,0.3953078326931818
6.84,4.202604289002858,2.8504540675780117,0.35622319196752283
6.8500000000000005,4.202604289002858,3.5661820674931493,0.4752679556822905
6.86,4.202604289002858,3.696709697764112,0.20622186027330341
6.87,4.202604289002858,3.3848660372497057,-0.27143923449426105
6.88,4.202604289002858,3.5182960269615955,0.01638659352818067
6.890000000000001,4.202604289002858,3.438627878627769,0.36358365831891076
6.9,4.202604289002858,3.509865443345235,0.5115248532071247
6.91,4.202604289002858,3.5658403724590535,0.4791081104443244
6.92,4.202604289002858,3.299220723102441,0.5218816083249642
6.93,4.202604289002858,3.185171202505045,0.3876515198275813
6.94,4.202604289002858,3.3943416661487773,0.0469052092574751
6.95,4.202604289002858,3.4094909163205958,0.707170268360807
6.96,4.202604289002858,3.6071476365724324,0.38616100248115864
6.97,4.202604289002858,3.6984240998982,0.14012420207643916
6.98,4.202604289002858,3.369468617781727,0.4638108355132863
6.99,4.202604289002858,3.4650091780136103,0.31249177934245614
7.0,4.202604289002858,3.6903208292656045,0.2668729262065437
7.01,4.202604289002858,3.7029741135268717,0.3491173877920867
7.0200000000000005,4.202604289002858,3.8863706505790807,0.4744739780425253
7.03,4.202604289002858,3.4688369812514552,0.35867955818433306
7.04,4.202604289002858,3.4799009084723367,0.2332007401436704
7.05,4.202604289002858,3.611112151242784,0.08484340863418954
7.0600000000000005,4.202604289002858,3.572020302139046,0.5456520905529367
7.07,4.202604289002858,3.372420067654147,0.12534904752208698
7.08,4.202604289002858,3.344376202002138,0.5150600597013678
7.09,4.202604289002858,3.2606071693460366,0.2959721041593108
7.1000000000000005,4.202604289002858,3.213920804549731,0.4068776959129892
7.11,4.202604289002858,3.6360947665978727,0.38478732858933445
7.12,4.202604289002858,3.479828930715021,0.5212181878268846
7.13,4.202604289002858,3.5724257723568487,0.37044371918736896
7.140000000000001,4.202604289002858,3.655513069617164,0.4818021840763577
7.15,4.202604289002858,3.564593117864872,0.6906989464027444
7.16,4.202604289002858,3.153467927649749,0.5405652043355567
7.17,4.202604289002858,3.5033715880042178,0.15677107519271843
7.18,4.202604289002858,3.6101090829934672,0.4239240963566621
7.19,4.202604289002858,3.6042885366063078,0.6366313944342166
7.2,4.202604289002858,3.695463659395369,0.294557723160477
7.21,4.202604289002858,3.48172595759702,0.11439418108933758
7.22,4.202604289002858,3.63027473771364,0.3863015221243594
7.23,4.202604289002858,3.67094005698856,0.4984892041722545
7.24,4.202604289002858,3.6815039281448323,0.5386869628636782
7.25,4.202604289002858,3.649105222395739,0.4774471595140668
7.26,4.202604289002858,3.6037707177064817,0.7824492028589142
7.2700000000000005,4.202604289002858,3.7275900525652026,0.44486527930046393
7.28,4.202604289002858,3.956100844099625,0.2629576782880595
7.29,4.202604289002858,3.703892280033468,0.49457063762041553
7.3,4.202604289002858,3.5093897438011767,0.07427727356015928
7.3100000000000005,4.202604289002858,3.808201431102799,0.44449093428611086
7.32,4.202604289002858,3.4504206675416027,0.3594089926941505
7.33,4.202604289002858,3.7086827820260946,0.6662498192048127
7.34,4.202604289002858,3.5553390909335714,0.3720123159945278
7.3500000000000005,4.202604289002858,3.760421337269561,0.40603167647392596
7.36,4.202604289002858,3.7124696518236595,0.5623196600754472
7.37,4.202604289002858,3.8755019826622754,0.3885463031756889
7.38,4.202604289002858,3.600676544639943,0.6245246010904721
7.390000000000001,4.202604289002858,3.6003155026708664,0.28753034683758794
7.4,4.202604289002858,3.5118785681756624,0.45201439243313263
7.41,4.202604289002858,3.668134879460125,0.6216874276308534
7.42,4.202604289002858,3.8665938240677864,0.8330287203349593
7.43,4.202604289002858,3.8380168827507086,0.4612964926758382
7.44,4.202604289002858,4.1077154083432985,0.7341008250350924
7.45,4.202604289002858,3.6571400187639376,0.3219345051285484
7.46,4.202604289002858,3.5718827186320383,0.338349671643679
7.47,4.202604289002858,3.781384089636352,0.7997295387729737
7.48,4.202604289002858,3.8439605092175713,0.6162707863069317
7.49,4.202604289002858,3.5321200427285007,0.5458572297633559
7.5,4.202604289002858,3.3735469802001874,0.3345834715275785
7.51,4.202604289002858,3.644551904502848,0.737232497263863
7.5200000000000005,4.202604289002858,3.753018276497361,0.18070930701347526
7.53,4.202604289002858,3.6786628722745354,0.36863815190897986
7.54,4.202604289002858,3.625538088257423,0.6495819472850363
7.55,4.202604289002858,3.6767486125915503,0.5505646120366429
7.5600000000000005,4.202604289002858,3.829086609987268,0.6266902482902594
7.57,4.202604289002858,4.076862806408262,0.5343602866138588
7.58,4.202604289002858,3.8636743301483847,0.9070153816059257
7.59,4.202604289002858,3.86998068914237,0.9355639679783911
7.6000000000000005,4.202604289002858,3.7572200864083456,0.6566780394774915
7.61,4.202604289002858,3.7970343382769736,0.7263019851898109
7.62,4.202604289002858,4.243538379546946,0.547170594136233
7.63,4.202604289002858,3.9973662092148534,0.6867859218152108
7.640000000000001,4.202604289002858,3.976717187685364,0.5483815778245007
7.65,4.202604289002858,3.614016874629688,0.3494108576146556
7.66,4.202604289002858,3.8381462311105135,0.7688879674202195
7.67,4.202604289002858,3.894634142793384,0.5362377564425206
7.68,4.202604289002858,3.7787636021313595,0.6187790625662255
7.69,4.202604289002858,4.115100681755784,0.8034272153818006
7.7,4.202604289002858,3.979342325569101,0.7630567078007565
7.71,4.202604289002858,3.7983226768876683,0.8820421418031483
7.72,4.202604289002858,3.890220720887439,0.5077359527461895
7.73,4.202604289002858,4.066824244117962,1.0289364569623083
7.74,4.202604289002858,3.892211691819708,0.5896058112205558
7.75,4.202604289002858,3.9229158443959524,0.4441604618518957
7.76,4.202604289002858,3.862201148877815,0.6971508571018825
7.7700000000000005,4.202604289002858,4.040595958714543,0.7524517330105464
7.78,4.202604289002858,3.623899483394634,0.3195373846527209
7.79,4.202604289002858,4.012726311569624,0.3495000011647288
7.8,4.202604289002858,3.9206646792001374,0.6439600837690751
7.8100000000000005,4.202604289002858,3.5511422387137666,0.8468970275584136
7.82,4.202604289002858,4.013773692514368,0.6677345320588046
7.83,4.202604289002858,3.833555902385289,0.5573214678599783
7.84,4.202604289002858,4.002247832609637,0.29838518871203895
7.8500000000000005,4.202604289002858,4.128677473725809,0.729127826248863
7.86,4.202604289002858,4.048878869574734,0.610035371314627
7.87,4.202604289002858,4.21684540954661,0.6928288631781379
7.88,4.202604289002858,4.401568808044498,0.14480973485820137
7.890000000000001,4.202604289002858,3.821980843645655,0.7013408083842158
7.9,4.202604289002858,4.229135641126776,0.8330338984826056
7.91,4.202604289002858,3.731145325043563,0.7259590463059955
7.92,4.202604289002858,3.8371596586397994,0.3486324474345534
7.930000000000001,4.202604289002858,3.8621201746938216,0.3300855307027933
7.94,4.202604289002858,4.049266248293731,0.5265970316144514
7.95,4.202604289002858,3.7364701374631832,0.3732521534024046
7.96,4.202604289002858,3.9744976310140543,0.2474453635775411
7.97,4.202604289002858,3.9876229315426395,0.4916934451002527
7.98,4.202604289002858,4.139078588538716,0.5607003531296844
7.99,4.202604289002858,3.837698015818194,0.4111021321502224
8.0,4.202604289002858,3.7816763952455146,0.005546635930724797
8.01,4.202604289002858,4.013331044282848,0.8943509982394667
8.02,4.202604289002858,3.894168464565225,0.2773249876705637
8.03,4.202604289002858,4.034265376026696,0.7048974067001362
8.040000000000001,4.202604289002858,4.0435552373304136,-0.10267014090854465
8.05,4.202604289002858,4.004812849223002,0.9359323373830603
8.06,4.202604289002858,4.189447898143423,0.5854906921109241
8.07,4.202604289002858,3.7540955213027676,0.43496439179836377
8.08,4.202604289002858,4.225932244808873,0.7646622218065018
8.09,4.202604289002858,4.0463404873300535,0.4310180752443108
8.1,4.202604289002858,4.118070635312663,0.5023690614124849
8.11,4.202604289002858,4.104155494508745,0.6987644500028967
8.120000000000001,4.202604289002858,3.930722236604721,0.28471986135930055
8.13,4.202604289002858,4.300303977869431,0.2973836077913115
8.14,4.202604289002858,4.246385793825474,0.46801929217207844
8.15,4.202604289002858,4.422394409983876,0.5246142319007361
8.16,4.202604289002858,4.2351081467334,0.5573982336159868
8.17,4.202604289002858,3.8205741950809666,0.6380993237045084
8.18,4.202604289002858,3.888046184575123,0.3657672079629467
8.19,4.202604289002858,4.200057255178754,0.7456911196839199
8.2,4.202604289002858,4.101011654842212,0.9939733125997564
8.21,4.202604289002858,4.270847651423396,0.23318552400425013
8.22,4.202604289002858,3.887511308880266,0.502239629734032
8.23,4.202604289002858,4.246037204696999,0.5876324326833454
8.24,4.202604289002858,4.376009826588557,0.7025046771158204
8.25,4.202604289002858,3.949120607984707,0.960811839879114
8.26,4.202604289002858,4.407421452304967,0.49284068503198203
8.27,4.202604289002858,4.097538750748014,0.5127165136025486
8.28,4.202604289002858,4.235672321865924,0.7124036529356539
8.290000000000001,4.202604289002858,4.095705752621172,0.3862628468153263
8.3,4.202604289002858,4.095678640125295,0.5559915173829975
8.31,4.202604289002858,4.121617106938384,0.22327250067356225
8.32,4.202604289002858,4.296918120900171,0.6506650869376553
8.33,4.202604289002858,4.178321084245291,0.2056282896073927
8.34,4.202604289002858,4.217733867847672,0.3793252602323801
8.35,4.202604289002858,4.281137317148831,0.1524408994187405
8.36,4.202604289002858,4.367543998649137,0.346731627854137
8.370000000000001,4.202604289002858,3.973442947546911,0.5130304810075249
8.38,4.202604289002858,4.508287098576914,0.5511427044383422
8.39,4.202604289002858,4.032444641348552,0.4880586277872094
8.4,4.202604289002858,4.349310537440297,0.44210552381592494
8.41,4.202604289002858,4.268021719203748,0.35756709862570746
8.42,4.202604289002858,4.044636719918488,0.18639205142595516
8.43,4.202604289002858,3.7727060329987516,0.1759953339550484
8.44,4.202604289002858,4.159367745630183,0.4569964524298259
8.45,4.202604289002858,4.212439674698168,0.6449559431571634
8.46,4.202604289002858,4.471944896576248,0.5338381530401868
8.47,4.202604289002858,4.10053974609974,0.45936926284420265
8.48,4.202604289002858,4.3078615429244556,0.4509478498291004
8.49,4.202604289002858,3.97540651200869,0.5016696857321674
8.5,4.202604289002858,4.1299321050249285,0.28396819184405536
8.51,4.202604289002858,4.2497299507426805,0.6238148697795284
8.52,4.202604289002858,4.290884456269348,0.5660766535341368
8.53,4.202604289002858,4.631323571062019,0.7713477993159528
8.540000000000001,4.202604289002858,4.575805559795004,0.5452001056096281
8.55,4.202604289002858,4.5987386157759795,0.6929117681941259
8.56,4.202604289002858,4.683442221528788,0.34444716901862427
8.57,4.202604289002858,4.459112870221624,0.29211152488195224
8.58,4.202604289002858,4.781612817903224,0.4583211695532511
8.59,4.202604289002858,4.6186340456350665,0.42006369026264934
8.6,4.202604289002858,3.9386568644243094,0.3605569225090646
8.61,4.202604289002858,4.391822598171359,0.11795055264975718
8.620000000000001,4.202604289002858,4.162523398115174,0.43261082517723304
8.63,4.202604289002858,4.310642643180108,0.6388020018042125
8.64,4.202604289002858,4.269425102249127,0.5325300115633144
8.65,4.202604289002858,4.516773171228499,0.5985501612726636
8.66,4.202604289002858,4.293554606387161,0.7433216511124879
8.67,4.202604289002858,4.6090694041707465,0.17394213521084528
8.68,4.202604289002858,4.304744126503655,0.43599407849625194
8.69,4.202604289002858,4.319389844530269,0.18039601597114452
8.700000000000001,4.202604289002858,4.026120132951702,0.7597242134188467
8.71,4.202604289002858,4.297163950600739,0.25405423403188476
8.72,4.202604289002858,4.49230927540219,0.5239251262500383
8.73,4.202604289002858,4.362645768602761,0.20701145045776134
8.74,4.202604289002858,4.487484598516766,0.017644969020417733
8.75,4.202604289002858,4.244453210091241,0.5166558296463708
8.76,4.202604289002858,4.57190609022569,0.6390711817298604
8.77,4.202604289002858,3.8311624767994465,0.5743252703975443
8.78,4.202604289002858,4.463822536792443,0.5391086406430001
8.790000000000001,4.202604289002858,4.6791722858092255,0.5147498653365549
8.8,4.202604289002858,4.315527290127577,0.4746393080837454
8.81,4.202604289002858,4.073462112302852,0.5399058413527447
8.82,4.202604289002858,4.246835333203261,0.6594060247764432
8.83,4.202604289002858,4.561185110825073,0.4165090967247562
8.84,4.202604289002858,4.505218943670791,0.08508109440498968
8.85,4.202604289002858,4.750481419348095,0.1816005945319772
8.86,4.202604289002858,4.7429053949327535,0.03270266204808003
8.870000000000001,4.202604289002858,4.3222362583063925,0.2922619854512869
8.88,4.202604289002858,4.325909916092409,-0.04007016360629234
8.89,4.202604289002858,4.666607448239919,0.6284984936865116
8.9,4.202604289002858,4.371217678217849,0.18713958611235615
8.91,4.202604289002858,4.12796353593275,-0.15937672418232307
8.92,4.202604289002858,4.465548889749696,0.6124266392883895
8.93,4.202604289002858,4.508207891500076,0.5090486711762024
8.94,4.202604289002858,4.7034070587443955,0.3033132734516182
8.950000000000001,4.202604289002858,4.637668939451434,0.19760985571939102
8.96,4.202604289002858,4.421815555526847,0.3599193207711512
8.97,4.202604289002858,4.896318150654983,0.17357166109542105
8.98,4.202604289002858,4.3920155946168,0.21398296067208605
8.99,4.202604289002858,4.287843719875541,0.3099077882098681
9.0,4.202604289002858,4.583764745196646,0.2601101940161096
9.01,4.202604289002858,4.425578391241682,0.5499564140526763
9.02,4.202604289002858,4.5635165957924055,0.28434194264894413
9.03,4.202604289002858,4.297938326563297,0.5820341476938549
9.040000000000001,4.202604289002858,4.538115026671541,0.33190955012342693
9.05,4.202604289002858,4.341223926482278,0.373616952269205
9.06,4.202604289002858,4.530597475800571,0.11840270327226796
9.07,4.202604289002858,4.23215547628662,-0.02535567657669091
9.08,4.202604289002858,4.669294186915359,0.36731839823419354
9.09,4.202604289002858,4.109964517957877,0.01183823463562017
9.1,4.202604289002858,4.524855933439555,0.22658298655188194
9.11,4.202604289002858,4.404250084968063,0.47453366306092737
9.120000000000001,4.202604289002858,4.5272855243707975,0.4339378369966954
9.13,4.202604289002858,4.59124983844141,0.32464128564493894
9.14,4.202604289002858,4.580335498329686,0.15863641681316082
9.15,4.202604289002858,4.467348761249989,0.35171892893265333
9.16,4.202604289002858,4.562175027669174,0.14250745307574222
9.17,4.202604289002858,4.14424978929493,0.42341349768008324
9.18,4.202604289002858,4.422518193799507,-0.04268635332142501
9.19,4.202604289002858,4.599861119115463,-0.1435033335930517
9.200000000000001,4.202604289002858,4.646731368570628,-0.03967644276985571
9.21,4.202604289002858,4.422239266892593,0.23040119834703715
9.22,4.202604289002858,4.948728989390303,0.10526748868943578
9.23,4.202604289002858,4.489928691466297,0.226932193627207
9.24,4.202604289002858,4.878652397774547,0.2810024751459278
9.25,4.202604289002858,4.487589642636084,0.2387966505399949
9.26,4.202604289002858,4.739581103029829,0.09448571201953443
9.27,4.202604289002858,4.65824790322312,0.14279957309909225
9.28,4.202604289002858,4.108316917455473,0.1863842708545135
9.290000000000001,4.202604289002858,4.8037993344222,0.5147177100072695
9.3,4.202604289002858,4.455861926908305,0.10393443225274338
9.31,4.202604289002858,5.090896539171819,0.38543592912005475
9.32,4.202604289002858,5.041070164906071,0.27320958877666657
9.33,4.202604289002858,4.69528277287722,0.26946800678357435
9.34,4.202604289002858,4.577684465967145,0.2406478048368953
9.35,4.202604289002858,4.720655876446502,0.07133069500484374
9.36,4.202604289002858,4.482905211303165,0.2149348898715543
9.370000000000001,4.202604289002858,4.686664902058252,0.46871902116529696
9.38,4.202604289002858,4.21367939948731,0.41435845391170356
9.39,4.202604289002858,4.003545994755366,0.2662389631055338
9.4,4.202604289002858,4.347953573429433,0.379621079232318
9.41,4.202604289002858,4.593695610352203,0.20418706017796495
9.42,4.202604289002858,4.596238511339193,0.13387964445903253
9.43,4.202604289002858,4.638906430884371,-0.016642608625634436
9.44,4.202604289002858,4.722875746275959,0.11355612465548735
9.450000000000001,4.202604289002858,4.7197194791094725,-0.0729239200027629
9.46,4.202604289002858,4.834315655024992,-0.06471734296603598
9.47,4.202604289002858,4.532186087995505,0.3610402005754285
9.48,4.202604289002858,4.743584164168119,-0.1255306641114562
9.49,4.202604289002858,4.596860974569122,0.18389637135376277
9.5,4.202604289002858,4.768668176236418,0.3120047940421604
9.51,4.202604289002858,4.701419885076849,0.10049303823149838
9.52,4.202604289002858,4.5674517491721085,-0.06122147371672898
9.53,4.202604289002858,4.618750453963029,-0.11719959332739426
9.540000000000001,4.202604289002858,4.522415361746443,-0.09103516919318115
9.55,4.202604289002858,4.330196999134299,0.149263936894813
9.56,4.202604289002858,4.776066399528954,0.153011887587314
9.57,4.202604289002858,4.415134783617235,-0.12386052544815453
9.58,4.202604289002858,4.524061871377152,0.06044117744670887
9.59,4.202604289002858,5.101956578682078,0.25021965724234474
9.6,4.202604289002858,4.730002612166229,-0.01543801843943357
9.61,4.202604289002858,4.493965940432888,0.12627172958206284
9.620000000000001,4.202604289002858,4.484084946041182,-0.1973639977211983
9.63,4.202604289002858,4.3557235312388976,0.46817309378420247
9.64,4.202604289002858,4.673169159128981,-0.14109207533972504
9.65,4.202604289002858,4.8820623892743695,0.07488952804139594
9.66,4.202604289002858,4.726897141526432,-0.012298554847361677
9.67,4.202604289002858,4.801616024895117,0.16442443091442072
9.68,4.202604289002858,4.587354096271984,-0.2248661363796834
9.69,4.202604289002858,4.192483603948084,0.13249769434841838
9.700000000000001,4.202604289002858,4.374399169129421,0.14714263370556602
9.71,4.202604289002858,4.39716056081378,0.0536454990154215
9.72,4.202604289002858,4.777854354193753,0.24842174287860935
9.73,4.202604289002858,4.659653029989411,-0.044920894753076576
9.74,4.202604289002858,4.675043754188216,-0.1168516113037941
9.75,4.202604289002858,4.755768183501114,0.05641936070739661
9.76,4.202604289002858,4.785846673797285,-0.1107698652563893
9.77,4.202604289002858,4.6679735280133485,0.10899974142797678
9.78,4.202604289002858,4.538185281781783,0.09849458933748893
9.790000000000001,4.202604289002858,4.552749916320851,-0.1258637900441102
9.8,4.202604289002858,4.481411993300323,-0.06047246605142571
9.81,4.202604289002858,4.733329451525916,-0.19513833760614122
9.82,4.202604289002858,4.482597584652758,-0.06351019297973637
9.83,4.202604289002858,4.399021016746401,0.22257944065866392
9.84,4.202604289002858,4.405163331671306,-0.03879815798785294
9.85,4.202604289002858,4.732860943564663,-0.12127509262219388
9.86,4.202604289002858,4.694860279285757,0.1463745901907787
9.870000000000001,4.202604289002858,4.748252368283845,-0.2458304424878089
9.88,4.202604289002858,4.492885948684568,-0.041295482770309304
9.89,4.202604289002858,4.436930615210109,-0.3435615982676903
9.9,4.202604289002858,4.510941493009341,-0.4469511731281348
9.91,4.202604289002858,4.710224127396273,0.01975177693516908
9.92,4.202604289002858,4.571239600486589,0.11873551875158107
9.93,4.202604289002858,4.271116761683298,-0.05779082554042163
9.94,4.202604289002858,4.613808820519445,-0.1670489367399689
9.950000000000001,4.202604289002858,4.8575586433993525,0.12673291524473113
9.96,4.202604289002858,4.542186357507529,0.07969337751817065
9.97,4.202604289002858,4.638090050401296,-0.01090627915464168
9.98,4.202604289002858,4.685461938561293,-0.18725823047380966
9.99,4.202604289002858,4.627180642503251,-0.27028420021012406
10.0,2.9451196896534215,4.434018537880462,-0.2792075734891468
10.01,2.9451196896534215,4.610018460111946,-0.22634163624315293
10.02,2.9451196896534215,4.788534713426443,-0.04971557516092692
10.03,2.9451196896534215,4.508593320785298,0.19343185710807934
10.040000000000001,2.9451196896534215,4.472896322656404,-0.5072794182987734
10.05,2.9451196896534215,4.570908796903054,-0.24851402525247987
10.06,2.9451196896534215,4.651382138908035,-0.14606456237764334
10.07,2.9451196896534215,4.647131560699654,-0.6581778833721172
10.08,2.9451196896534215,4.641581471377156,-0.025323921689199058
10.09,2.9451196896534215,4.924217927394856,-0.32596283682076266
10.1,2.9451196896534215,4.910076269185842,-0.31540622149525044
10.11,2.9451196896534215,4.460914421910784,-0.32791126994096714
10.120000000000001,2.9451196896534215,4.361367420372897,-0.515387502684195
10.13,2.9451196896534215,4.786399511962236,-0.3976541574652695
10.14,2.9451196896534215,4.528580591199589,-0.2400167657851421
10.15,2.9451196896534215,5.222655773266926,-0.23249581406917164
10.16,2.9451196896534215,4.432735144047083,-0.157295349063504
10.17,2.9451196896534215,4.749899291538472,-0.0065213729255214625
10.18,2.9451196896534215,4.5217525078786185,-0.44105224578817687
10.19,2.9451196896534215,4.311995437140765,-0.16489280616897162
10.200000000000001,2.9451196896534215,4.629612032982307,-0.3591726997907284
10.21,2.9451196896534215,4.590270466677159,-0.4229776653617145
10.22,2.9451196896534215,4.193834979081005,-0.5795651436841831
10.23,2.9451196896534215,4.388045845335501,-0.28663984773708057
10.24,2.9451196896534215,4.42299551600757,-0.24667443164483915
10.25,2.9451196896534215,4.561306888715649,-0.43318145906563704
10.26,2.9451196896534215,4.478484482556537,-0.33735706484559386
10.27,2.9451196896534215,4.253025554317354,-0.26097207789493143
10.28,2.9451196896534215,4.606131569257017,-0.7592003834316485
10.290000000000001,2.9451196896534215,4.2584986856024525,-0.7564315323575003
10.3,2.9451196896534215,4.662248799333557,-0.5618364300451358
10.31,2.9451196896534215,4.255166371723487,-0.506624361762583
10.32,2.9451196896534215,4.4560975721027685,-0.4469465265262528
10.33,2.9451196896534215,4.347490331943247,-0.4740736715247783
10.34,2.9451196896534215,4.341899587972798,-0.583463874391651
10.35,2.9451196896534215,3.99993129930638,-0.40386273739351863
10.36,2.9451196896534215,4.516258478006795,-0.6961481860439612
10.370000000000001,2.9451196896534215,4.429765263186819,-0.6602402943618858
10.38,2.9451196896534215,4.008213409498672,-0.31659838849833266
10.39,2.9451196896534215,4.506704387132911,-0.3441412826101402
10.4,2.9451196896534215,4.239402038835998,-0.6215625387242713
10.41,2.9451196896534215,4.340647566542082,-0.6837405442096836
10.42,2.9451196896534215,4.382454634529719,-0.6424042972543376
10.43,2.9451196896534215,4.252610926516978,-0.6752104176212282
10.44,2.9451196896534215,4.039031017850083,-0.7834885019252236
10.450000000000001,2.9451196896534215,4.029671747427008,-0.5887319938177562
10.46,2.9451196896534215,4.333889971698322,-0.5458174078400957
10.47,2.9451196896534215,4.060944288292967,-0.5931335861010258
10.48,2.9451196896534215,4.240487339903354,-0.8496066138920478
10.49,2.9451196896534215,4.347440638992368,-0.9429750872030301
10.5,2.9451196896534215,4.219396738063902,-0.8721644721418567
10.51,2.9451196896534215,4.551014169602545,-0.4450845596692172
10.52,2.9451196896534215,4.299326685752434,-0.5983686481378578
10.53,2.9451196896534215,4.23074806214082,-0.8458133381255144
10.540000000000001,2.9451196896534215,3.970550731799243,-0.8114569247864697
10.55,2.9451196896534215,3.9632545302410143,-0.8052690820288122
10.56,2.9451196896534215,4.335522467410767,-1.144496969553072
10.57,2.9451196896534215,4.230137715292021,-0.7283961247963008
10.58,2.9451196896534215,4.243634638548555,-1.3832519242112147
10.59,2.9451196896534215,4.155764364916985,-0.4894609306499774
10.6,2.9451196896534215,4.099485205792123,-0.9628546498924084
10.61,2.9451196896534215,4.576707876917974,-0.9059222769185857
10.620000000000001,2.9451196896534215,4.547343028413354,-0.7868579418383668
10.63,2.9451196896534215,4.104365955335391,-0.6119975941146703
10.64,2.9451196896534215,4.3234274647519335,-0.8265696469698189
10.65,2.9451196896534215,4.127768696364063,-1.1020350754031984
10.66,2.9451196896534215,4.158365389839844,-0.8218238393716868
10.67,2.9451196896534215,4.0707952409814645,-1.412813428223557
10.68,2.9451196896534215,4.207387860099771,-0.9999079743881232
10.69,2.9451196896534215,3.8163349674952043,-0.9541344898327084
10.700000000000001,2.9451196896534215,4.233943934329845,-0.811998464283775
10.71,2.9451196896534215,4.378487799342901,-1.1528505337033654
10.72,2.9451196896534215,4.070396965095095,-1.2713171473867124
10.73,2.9451196896534215,4.332021979524578,-1.1906633488243679
10.74,2.9451196896534215,4.510989562282129,-0.7485154389728701
10.75,2.9451196896534215,4.142179849969233,-1.0977206591283748
10.76,2.9451196896534215,4.044740533268525,-1.2855099897726046
10.77,2.9451196896534215,4.032953739712668,-0.9690548015275546
10.78,2.9451196896534215,3.976426136361094,-1.0667260151460016
10.790000000000001,2.9451196896534215,4.301854681683508,-0.8586118900340317
10.8,2.9451196896534215,4.120784502821768,-0.7921700944715606
10.81,2.9451196896534215,4.168437162199492,-1.2593154888852092
10.82,2.9451196896534215,4.2349714616564365,-1.092038290690072
10.83,2.9451196896534215,4.044511970057807,-1.4060559495448874
10.84,2.9451196896534215,3.8261710388441217,-1.1904926022840452
10.85,2.9451196896534215,4.037601090204613,-1.025476716136315
10.86,2.9451196896534215,3.8900015520086617,-1.2223705281716875
10.870000000000001,2.9451196896534215,3.98806098125969,-1.0019544723950378
10.88,2.9451196896534215,3.884842678147194,-1.1149464070988246
10.89,2.9451196896534215,4.238726768131072,-1.1496875003983678
10.9,2.9451196896534215,3.6229107739770443,-1.1650690556540302
10.91,2.9451196896534215,4.04971995544189,-1.1326248616956929
10.92,2.9451196896534215,3.9701238903809943,-1.1477877538029113
10.93,2.9451196896534215,3.941584716946214,-1.0102525995874756
10.94,2.9451196896534215,4.001363847586406,-0.5775887827118705
10.950000000000001,2.9451196896534215,3.9416300089846317,-0.8376966982770306
10.96,2.9451196896534215,3.9381769735653585,-1.093331690222003
10.97,2.9451196896534215,3.437327673901092,-1.1638515225605641
10.98,2.9451196896534215,3.4550722479186535,-1.0877449829519905
10.99,2.9451196896534215,3.6422393065956,-0.897938974062274
11.0,2.9451196896534215,3.728319418348611,-1.0228420966564797
11.01,2.9451196896534215,3.759653543918151,-1.125695936708187
11.02,2.9451196896534215,3.614370716993678,-1.0116259215538055
11.03,2.9451196896534215,3.6405944096931413,-1.0557862950009662
11.040000000000001,2.9451196896534215,3.637754134773985,-1.098380532874518
11.05,2.9451196896534215,3.939629451441596,-0.817611308101116
11.06,2.9451196896534215,4.076067803843261,-1.2738077681063869
11.07,2.9451196896534215,4.033321982313388,-1.2638905361834054
11.08,2.9451196896534215,3.563630965419783,-0.8505672445837194
11.09,2.9451196896534215,3.8635216672427135,-1.0092543321376017
11.1,2.9451196896534215,3.997479919864673,-1.313637977543662
11.11,2.9451196896534215,3.4424820340931994,-1.054160635359331
11.120000000000001,2.9451196896534215,3.6919075850720553,-1.0871940576079042
11.13,2.9451196896534215,3.589622376352975,-0.8021449775800376
11.14,2.9451196896534215,3.512754314773428,-1.061095703512136
11.15,2.9451196896534215,3.4790304650839197,-1.2175599303466724
11.16,2.9451196896534215,3.7770069529594323,-0.8705872958775622
11.17,2.9451196896534215,3.5606003084212006,-1.268886192592269
11.18,2.9451196896534215,3.856742027011861,-0.9264760859570467
11.19,2.9451196896534215,3.7086300444596136,-1.034589605908791
11.200000000000001,2.9451196896534215,3.309330218257119,-1.0557219103427107
11.21,2.9451196896534215,3.8690302531837704,-0.7492668464291095
11.22,2.9451196896534215,3.662144113794795,-0.7189864834487119
11.23,2.9451196896534215,3.8716887554709802,-0.9001086962860078
11.24,2.9451196896534215,3.5340245179461536,-0.9282141675043256
11.25,2.9451196896534215,3.4923311203844043,-1.0796656456806157
11.26,2.9451196896534215,3.115796854268109,-1.3926919052604423
11.27,2.9451196896534215,3.6615195526799984,-0.9779362244707008
11.28,2.9451196896534215,3.346104731521469,-0.9764697332821987
11.290000000000001,2.9451196896534215,3.6147992063901553,-0.9621886538774598
11.3,2.9451196896534215,3.8820884700569973,-1.369902042672309
11.31,2.9451196896534215,3.4854447437379186,-0.9787368513978597
11.32,2.9451196896534215,3.8096442473501755,-1.4717618236498988
11.33,2.9451196896534215,3.6315468820247006,-1.2993845243431714
11.34,2.9451196896534215,3.115778401213067,-1.1014182016949072
11.35,2.9451196896534215,3.6812371455867057,-1.0890670043854727
11.36,2.9451196896534215,3.2684907100320952,-1.0468999301093298
11.370000000000001,2.9451196896534215,3.1282058187840116,-1.1435649314820997
11.38,2.9451196896534215,3.6306401427648205,-1.363423987069855
11.39,2.9451196896534215,3.7309335828839507,-1.0121910066367732
11.4,2.9451196896534215,3.4935110997563767,-1.2664733210310564
11.41,2.9451196896534215,3.3266384921482097,-1.143736268947793
11.42,2.9451196896534215,3.15978046748279,-1.240443929238434
11.43,2.9451196896534215,3.5793826182316635,-0.9045126838447888
11.44,2.9451196896534215,3.417660837019011,-1.1268937778120662
11.450000000000001,2.9451196896534215,3.542580841661434,-1.1702998407578464
11.46,2.9451196896534215,2.9371751394013623,-1.1591937489106199
11.47,2.9451196896534215,3.1597091809715425,-1.0374547253858182
11.48,2.9451196896534215,3.1025434892748627,-0.9572681161011022
11.49,2.9451196896534215,2.9136431706097676,-0.909476656095243
11.5,2.9451196896534215,3.3380015239008376,-1.0179076909364777
11.51,2.9451196896534215,3.6902269887629644,-1.1074177922640347
11.52,2.9451196896534215,3.1177537416570207,-1.0130586351742472
11.53,2.9451196896534215,3.2996415922450146,-1.1736968180034089
11.540000000000001,2.9451196896534215,2.8656317647901712,-1.0362425915484197
11.55,2.9451196896534215,3.2409628988361736,-1.3682558255350474
11.56,2.9451196896534215,3.3045993110324345,-1.2696971409359392
11.57,2.9451196896534215,2.907989429555941,-0.901452297384816
11.58,2.9451196896534215,3.069483231180655,-1.3579920091226994
11.59,2.9451196896534215,2.9572672787887813,-1.3066348180772431
11.6,2.9451196896534215,3.0821345507122317,-1.3382679072620407
11.61,2.9451196896534215,3.1906486037088397,-0.9103767317594922
11.620000000000001,2.9451196896534215,2.6823594703697355,-1.2680127265025074
11.63,2.9451196896534215,3.486978321180291,-1.256424489851822
11.64,2.9451196896534215,3.398051408515032,-1.3234478275199613
11.65,2.9451196896534215,3.231906936634796,-0.9620923960618839
11.66,2.9451196896534215,2.9839062005002956,-0.722897968176949
11.67,2.9451196896534215,2.6647879781618613,-1.1263861235491128
11.68,2.9451196896534215,2.915283820305919,-0.9966132679687001
11.69,2.9451196896534215,2.7726686804201877,-0.7833397356958793
11.700000000000001,2.9451196896534215,3.083711252771473,-1.2840271834085626
11.71,2.9451196896534215,2.9759738775971547,-0.9092914486341954
11.72,2.9451196896534215,2.7817268291009296,-1.0673427551099426
11.73,2.9451196896534215,3.013537644394316,-0.8338157351027554
11.74,2.9451196896534215,2.84510620240708,-1.1131550716533514
11.75,2.9451196896534215,3.238992539715623,-1.1615191425970508
11.76,2.9451196896534215,2.949506559623125,-1.108606590762787
11.77,2.9451196896534215,3.175250508671139,-0.8799862078745416
11.78,2.9451196896534215,2.9253042659380077,-1.330456427042023
11.790000000000001,2.9451196896534215,3.210595097502603,-1.085808143104752
11.8,2.9451196896534215,3.20623481506919,-0.8008406922207076
11.81,2.9451196896534215,3.1119887063829843,-0.9840408846055443
11.82,2.9451196896534215,3.325227613775944,-0.9820428097033809
11.83,2.9451196896534215,2.9866598789532635,-0.845972261970307
11.84,2.9451196896534215,2.9998250211348068,-0.8539527631958885
11.85,2.9451196896534215,2.679325622652606,-1.0727131408335409
11.86,2.9451196896534215,2.7739731757928334,-1.144172576306843
11.870000000000001,2.9451196896534215,2.9243513520779945,-1.2128808943958964
11.88,2.9451196896534215,2.862454819396397,-1.024007513769023
11.89,2.9451196896534215,2.717085997960569,-0.7961917127824206
11.9,2.9451196896534215,2.64912952339146,-1.12560463837973
11.91,2.9451196896534215,2.771140328952298,-0.9256773064114461
11.92,2.9451196896534215,2.735802241786372,-1.0772875328704634
11.93,2.9451196896534215,2.850751010795826,-0.7280835954146846
11.94,2.9451196896534215,2.963085677154397,-0.8964605445813508
11.950000000000001,2.9451196896534215,2.561498057368469,-0.8814119939206613
11.96,2.9451196896534215,2.6413451148636646,-1.2745951956693085
11.97,2.9451196896534215,2.768541826382543,-0.7221498154311252
11.98,2.9451196896534215,2.7847970961387642,-0.9090362587528108
11.99,2.9451196896534215,2.7706766845709767,-1.094840767051665
12.0,2.9451196896534215,2.2125134073694355,-0.630859970163294
12.01,2.9451196896534215,2.808856454800321,-0.943263605513334
12.02,2.9451196896534215,2.6458603124971267,-0.8332725208395327
12.030000000000001,2.9451196896534215,2.9684225958809964,-1.1128348234665537
12.040000000000001,2.9451196896534215,2.438227141343566,-1.0727202730894203
12.05,2.9451196896534215,2.406793794975338,-0.9599514089087141
12.06,2.9451196896534215,2.451578670110137,-0.7037426801078848
12.07,2.9451196896534215,2.727022218590124,-0.972909687333143
12.08,2.9451196896534215,2.4517799927835027,-1.0070249402329
12.09,2.9451196896534215,2.800960273994479,-0.5446522430811347
12.1,2.9451196896534215,2.778904496112112,-1.1694089205313123
12.11,2.9451196896534215,2.758074188211534,-0.6188895372028319
12.120000000000001,2.9451196896534215,2.7781150772445233,-1.0716490413987494
12.13,2.9451196896534215,2.828143378978852,-0.9958395185871414
12.14,2.9451196896534215,2.3682295153076636,-0.878560228629962
12.15,2.9451196896534215,2.8620579997902444,-0.8187318603500232
12.16,2.9451196896534215,2.4633984646780704,-1.1271137918075702
12.17,2.9451196896534215,2.7854173955378645,-0.33087553279182824
12.18,2.9451196896534215,2.877654307032147,-1.0291634974031534
12.19,2.9451196896534215,2.626551152591569,-0.768153647760546
12.200000000000001,2.9451196896534215,2.550864000526113,-0.6160008262541797
12.21,2.9451196896534215,2.185488518802435,-0.426710988599456
12.22,2.9451196896534215,2.7180492199438686,-0.570521172114477
12.23,2.9451196896534215,2.538456443920662,-0.4356868483833057
12.24,2.9451196896534215,2.8416133474773306,-0.6071593371823794
12.25,2.9451196896534215,2.5059424379996633,-0.4827587125085169
12.26,2.9451196896534215,2.4929097610360804,-0.744319207366468
12.27,2.9451196896534215,2.4333491329772894,-0.5399812942837435
12.280000000000001,2.9451196896534215,2.432224554708261,-0.718457883167689
12.290000000000001,2.9451196896534215,2.424845054141481,-0.9292506380359422
12.3,2.9451196896534215,2.499120275868607,-0.5769174772914606
12.31,2.9451196896534215,2.2004205931161325,-0.6305324029692141
12.32,2.9451196896534215,2.5719214421303995,-0.7027650991961026
12.33,2.9451196896534215,2.2335999653609018,-0.7979666182894392
12.34,2.9451196896534215,2.844670033673839,-0.5926956226258246
12.35,2.9451196896534215,2.307316026749147,-0.5850177876421523
12.36,2.9451196896534215,2.2272616977242143,-0.3125384009538067
12.370000000000001,2.9451196896534215,2.5478353885741822,-0.7199061962906371
12.38,2.9451196896534215,2.370074756462089,-0.653651154925621
12.39,2.9451196896534215,2.015162899310028,-0.733419339830036
12.4,2.9451196896534215,2.191780326011561,-0.5375290414358156
12.41,2.9451196896534215,2.3670937931471263,-0.7638672091049463
12.42,2.9451196896534215,2.598884855157026,-0.10865996508039022
12.43,2.9451196896534215,2.2972959560322055,-0.8178539195576651
12.44,2.9451196896534215,2.4902164856648645,-0.45384617042300135
12.450000000000001,2.9451196896534215,2.065768977316429,-0.38389515199423074
12.46,2.9451196896534215,2.579710836740429,-0.7146461520110604
12.47,2.9451196896534215,2.4322498572578146,-0.3013455806960286
12.48,2.9451196896534215,2.663368395398222,-0.5174196662181929
12.49,2.9451196896534215,2.3639739552383787,-0.47396821804901973
12.5,2.9451196896534215,2.358163767757147,-0.5717128010847117
12.51,2.9451196896534215,2.341711437354875,-0.32472601748688
12.52,2.9451196896534215,2.339796108085568,-0.4881300742284699
12.530000000000001,2.9451196896534215,2.449854859310274,-0.3639960034828511
12.540000000000001,2.9451196896534215,2.705345772948289,-0.8759856133960862
12.55,2.9451196896534215,2.269653195892048,-0.28525905494233783
12.56,2.9451196896534215,2.248210955750066,-0.38755625726342285
12.57,2.9451196896534215,2.237245808230639,-0.27394442672037334
12.58,2.9451196896534215,2.324599337989758,-0.3853417950915508
12.59,2.9451196896534215,2.1899878974989733,-0.12730446472940837
12.6,2.9451196896534215,2.419989734738157,-0.4289717904815198
12.61,2.9451196896534215,2.2531463253491513,-0.7171025564171015
12.620000000000001,2.9451196896534215,2.569230757401091,-0.3822810927969686
12.63,2.9451196896534215,2.445605568201037,-0.46153489997510383
12.64,2.9451196896534215,2.6954616108178353,-0.5724747063053053
12.65,2.9451196896534215,2.588997579427642,-0.1997667150059155
12.66,2.9451196896534215,2.2154600799961037,-0.32275819934326366
12.67,2.9451196896534215,2.179385022664219,-0.5220795150344839
12.68,2.9451196896534215,1.958250570379486,-0.2768429723185755
12.69,2.9451196896534215,2.225994932534387,0.06530766460922105
12.700000000000001,2.9451196896534215,2.3779298606465558,-0.2214208942067822
12.71,2.9451196896534215,2.4385977533280303,-0.34088993413346025
12.72,2.9451196896534215,2.2452280296966056,-0.297267983042096
12.73,2.9451196896534215,2.391349249040446,-0.40359053315709803
12.74,2.9451196896534215,2.5791148741845205,-0.2709734921960416
12.75,2.9451196896534215,2.5045065534967272,-0.000497498644770944
12.76,2.9451196896534215,2.678555293432185,0.06024494415614773
12.77,2.9451196896534215,2.387210433059843,-0.1113492200975332
12.780000000000001,2.9451196896534215,2.226365811573266,-0.5060826665558164
12.790000000000001,2.9451196896534215,2.265882993634024,-0.1413063088909306
12.8,2.9451196896534215,2.1955087616873366,-0.2256325482609693
12.81,2.9451196896534215,2.1690408829935475,-0.6241359794871046
12.82,2.9451196896534215,2.357825778924276,-0.13172707203117193
12.83,2.9451196896534215,2.2534425567032597,-0.3266059785660793
12.84,2.9451196896534215,2.14276216011635,-0.01605889000206545
12.85,2.9451196896534215,2.6509890234768636,-0.2564975687056151
12.86,2.9451196896534215,2.186050036884486,-0.3737759919378191
12.870000000000001,2.9451196896534215,2.449801685741709,-0.1573994856757085
12.88,2.9451196896534215,2.0801779532377562,-0.28957010257687055
12.89,2.9451196896534215,2.2294606621769266,-0.09901122051773992
12.9,2.9451196896534215,2.043254921969822,-0.22456484467831236
12.91,2.9451196896534215,2.1015253738805013,-0.27407713527836297
12.92,2.9451196896534215,1.8154585332229791,-0.10735179735234898
12.93,2.9451196896534215,2.4224018649151144,-0.1073303338267551
12.94,2.9451196896534215,2.2015104846017457,0.20881634496796533
12.950000000000001,2.9451196896534215,2.3994000556881185,-0.4180864420768991
12.96,2.9451196896534215,2.30587349200546,0.09000738740096581
12.97,2.9451196896534215,2.4791002497741434,-0.1336819112128658
12.98,2.9451196896534215,1.9646229873739378,-0.12645208947944986
12.99,2.9451196896534215,2.4986759511581003,-0.23479062903753578
13.0,2.9451196896534215,2.336632708607115,-0.3395534837302675
13.01,2.9451196896534215,2.08335431665255,0.011025652571091282
13.02,2.9451196896534215,2.071844266623058,-0.20469410991843415
13.030000000000001,2.9451196896534215,2.360394832197737,0.4105580265477588
13.040000000000001,2.9451196896534215,2.1487483662904863,-0.4144059100642536
13.05,2.9451196896534215,2.467261223715275,-0.09597729069412228
13.06,2.9451196896534215,2.0650554000148835,-0.06082469078502255
13.07,2.9451196896534215,2.2320882728391203,0.10888070871547592
13.08,2.9451196896534215,2.037373288628362,0.23011379255293404
13.09,2.9451196896534215,2.630012989099026,0.45008645052989277
13.1,2.9451196896534215,2.2205308446181715,-0.17058785300561796
13.11,2.9451196896534215,2.31309510568873,-0.09342132207358345
13.120000000000001,2.9451196896534215,2.2258455938336343,0.04085386852955746
13.13,2.9451196896534215,2.291738791357689,0.1739926339406528
13.14,2.9451196896534215,2.2084426472942185,0.10217817867467999
13.15,2.9451196896534215,2.3658036499042567,0.31823400639945254
13.16,2.9451196896534215,2.344197468516528,-0.17029136571227518
13.17,2.9451196896534215,2.1912193158733313,-0.16020279661741565
13.18,2.9451196896534215,2.14988309647136,-0.023199178818867152
13.19,2.9451196896534215,2.3904198220628334,0.03380452375887898
13.200000000000001,2.9451196896534215,2.4855210856658814,-0.03321441579123968
13.21,2.9451196896534215,2.8299261005568423,0.1164632152322027
13.22,2.9451196896534215,2.0704215495886036,-0.029899312440600845
13.23,2.9451196896534215,2.1314006754872583,-0.051050468670460446
13.24,2.9451196896534215,2.3721058116638245,-0.21401676064408576
13.25,2.9451196896534215,2.0794398757972257,-0.05861305725306604
13.26,2.9451196896534215,2.0693495942708346,0.3101078431816163
13.27,2.9451196896534215,1.9954776699016534,0.208404208542338
13.280000000000001,2.9451196896534215,2.0092480206033314,-0.2224246563054232
13.290000000000001,2.9451196896534215,2.48029677614973,-0.022654131483835452
13.3,2.9451196896534215,2.002270256235664,0.05807511898943549
13.31,2.9451196896534215,2.6119890186408083,0.00906595761052481
13.32,2.9451196896534215,2.224010305082693,0.077960619861797
13.33,2.9451196896534215,2.368002296786034,-0.2232727683875711
13.34,2.9451196896534215,2.2000535176506166,-0.13847783807771902
13.35,2.9451196896534215,2.5669395632373453,0.32059858977062106
13.36,2.9451196896534215,2.1409014194807923,0.06146839092954515
13.370000000000001,2.9451196896534215,1.9207191967184716,0.33533419608959014
13.38,2.9451196896534215,1.9745293231444712,0.31887783239761963
13.39,2.9451196896534215,2.043445128465273,-0.09379631402164401
13.4,2.9451196896534215,2.2791825847474705,0.11153111068111743
13.41,2.9451196896534215,1.9471263139181265,0.03977630376806518
13.42,2.9451196896534215,2.2870935954376144,0.11657082661926313
13.43,2.9451196896534215,2.0434630616399154,0.13068762180093527
13.44,2.9451196896534215,1.802993982898992,0.3873476401725704
13.450000000000001,2.9451196896534215,2.174478663234344,-0.07320468363001911
13.46,2.9451196896534215,2.42963035760322,0.10670813353856662
13.47,2.9451196896534215,2.4726324875744092,0.037719461284018346
13.48,2.9451196896534215,2.1830466780122553,0.24313459017377
13.49,2.9451196896534215,2.092127447865066,0.5167909803054735
13.5,2.9451196896534215,2.5467636430978904,0.1784926557444556
13.51,2.9451196896534215,2.2134819590080115,-0.17163522465250203
13.52,2.9451196896534215,2.7210755802280953,0.36101864947298695
13.530000000000001,2.9451196896534215,2.816676177061164,0.11005476438175218
13.540000000000001,2.9451196896534215,1.9885794615424812,0.5879624775033458
13.55,2.9451196896534215,2.0300560720573064,0.10183248172099352
13.56,2.9451196896534215,2.230273586964439,-0.10310949580971576
13.57,2.9451196896534215,2.6128283041719764,0.4279211785438156
13.58,2.9451196896534215,2.51654037449765,0.13275129523231696
13.59,2.9451196896534215,2.6562313742043564,0.11135718061967129
13.6,2.9451196896534215,2.551921086156453,0.28066011009845976
13.61,2.9451196896534215,2.431215288771622,0.10726578984226909
13.620000000000001,2.9451196896534215,2.2715248579945113,0.6516633566541907
13.63,2.9451196896534215,2.616829780593638,0.4645688826780296
13.64,2.9451196896534215,2.5120890390292754,-0.04980333357654493
13.65,2.9451196896534215,2.479181300916167,0.14274262423613068
13.66,2.9451196896534215,2.7187378626396175,0.22099914416166955
13.67,2.9451196896534215,2.5872083450184378,0.5313181061342342
13.68,2.9451196896534215,2.1054830892358916,0.04756342692906712
13.69,2.9451196896534215,2.0849160392273642,0.38129307512398397
13.700000000000001,2.9451196896534215,2.4543667849821857,0.25664607676558016
13.71,2.9451196896534215,2.2888338024347696,0.37016975070502967
13.72,2.9451196896534215,2.5291773563567626,0.07076767583187754
13.73,2.9451196896534215,2.1834780473003055,0.7894882924390376
13.74,2.9451196896534215,2.424398474746031,0.6936160242804648
13.75,2.9451196896534215,2.240994909881792,0.06395650699444916
13.76,2.9451196896534215,2.435779891344189,0.12454018547292989
13.77,2.9451196896534215,2.0927355229621942,0.24405323782533883
13.780000000000001,2.9451196896534215,2.240616378669805,0.22663734192564294
13.790000000000001,2.9451196896534215,2.4426821821160507,0.1997157635462836
13.8,2.9451196896534215,2.356069910652387,0.26472423165364617
13.81,2.9451196896534215,2.466763010225043,0.296086534934782
13.82,2.9451196896534215,2.570619610917991,0.5453290241199635
13.83,2.9451196896534215,2.35938401514766,0.17194157017621092
13.84,2.9451196896534215,2.5793165648806435,0.6062753200396167
13.85,2.9451196896534215,2.4637312815943813,0.374861374521231
13.86,2.9451196896534215,1.9647561076427869,0.27631568697146947
13.870000000000001,2.9451196896534215,2.748787604721899,0.20307322560503713
13.88,2.9451196896534215,2.607607338439498,0.3740924868335308
13.89,2.9451196896534215,2.336822763409048,0.3137132600053292
13.9,2.9451196896534215,2.5277311950280787,0.34245520007926106
13.91,2.9451196896534215,2.5961180821484393,0.38630586687652585
13.92,2.9451196896534215,2.510983494555936,0.3824597569570029
13.93,2.9451196896534215,2.577988327008078,0.4555416055671963
13.94,2.9451196896534215,2.4912142022446306,0.3305910245913029
13.950000000000001,2.9451196896534215,2.3573155855191863,0.240926217033485
13.96,2.9451196896534215,2.294510138678037,0.32852092968689295
13.97,2.9451196896534215,2.6464248519968705,0.447388286821206
13.98,2.9451196896534215,2.433072904948457,0.34953254547481893
13.99,2.9451196896534215,2.7524929979766166,0.22575512256111896
14.0,2.9451196896534215,2.3316412427069175,0.4168903769605067
14.01,2.9451196896534215,1.9008920133154148,0.38381719313689994
14.02,2.9451196896534215,2.086690123513928,0.4094687376291426
14.030000000000001,2.9451196896534215,2.454295226178155,0.20158917627047496
14.040000000000001,2.9451196896534215,1.9556923628703538,0.20730495442575197
14.05,2.9451196896534215,2.5776961000029597,0.5128742333542279
14.06,2.9451196896534215,2.3719771065106525,0.5590762253706569
14.07,2.9451196896534215,2.6451721748841464,0.6854239830729771
14.08,2.9451196896534215,2.4079981015990772,0.7417963606475819
14.09,2.9451196896534215,2.446193568911668,0.20247022132272707
14.1,2.9451196896534215,2.1915954066395007,0.42392783815543156
14.11,2.9451196896534215,2.531191193492329,0.15783300120097754
14.120000000000001,2.9451196896534215,2.351875573223623,0.129257497693688
14.13,2.9451196896534215,2.780780496675523,0.43016877078960286
14.14,2.9451196896534215,2.430134175168021,0.20412834745113534
14.15,2.9451196896534215,2.5136839529037105,0.5164479580226378
14.16,2.9451196896534215,2.4958492558191194,0.47492572323182747
14.17,2.9451196896534215,2.6511365706656984,0.5199186679044369
14.18,2.9451196896534215,2.6846514445014025,0.1440675137136173
14.19,2.9451196896534215,2.254831180761106,0.3509994283779486
14.200000000000001,2.9451196896534215,2.568759000240273,0.47407215565803923
14.21,2.9451196896534215,2.5272438563623965,0.26616297035325476
14.22,2.9451196896534215,2.3730479659303767,0.7002828630767788
14.23,2.9451196896534215,2.9053430326053418,0.5471553341769548
14.24,2.9451196896534215,2.5961426235393024,0.722589124839325
14.25,2.9451196896534215,2.846594292779256,0.47738446595915035
14.26,2.9451196896534215,1.9504223032212673,0.41808680309472773
14.27,2.9451196896534215,2.571048553263192,0.658542666254417
14.280000000000001,2.9451196896534215,2.6412620101178916,0.4900748974560571
14.290000000000001,2.9451196896534215,2.4813295136792584,0.3583440205079169
14.3,2.9451196896534215,2.418356350471398,0.26323600885630893
14.31,2.9451196896534215,2.829733125315012,0.8573001043357131
14.32,2.9451196896534215,2.2446194106808077,0.4631084211685676
14.33,2.9451196896534215,2.532307316081253,0.20177530372014862
14.34,2.9451196896534215,2.278794590091427,0.3795785633694874
14.35,2.9451196896534215,2.6445101450678425,0.6076374188406632
14.36,2.9451196896534215,2.560715817788236,0.7419673465494928
14.370000000000001,2.9451196896534215,2.5988174932117296,0.6438161535170799
14.38,2.9451196896534215,2.878711728421806,0.44320238654613625
14.39,2.9451196896534215,2.204049038164311,0.7921680321160292
14.4,2.9451196896534215,2.5050108260540727,0.24724642721765094
14.41,2.9451196896534215,2.6561499713589356,0.42504959955614924
14.42,2.9451196896534215,2.7355224673329075,0.4065419296641717
14.43,2.9451196896534215,2.5463975079204566,0.39608058225457415
14.44,2.9451196896534215,2.557609712218967,0.1052771088675003
14.450000000000001,2.9451196896534215,2.809822364435441,0.7014471248408527
14.46,2.9451196896534215,2.7819492096194525,0.35809400791279267
14.47,2.9451196896534215,2.544065695501665,0.2199980734766478
14.48,2.9451196896534215,3.0402932956467352,0.6015132453408527
14.49,2.9451196896534215,2.6209338845404115,0.18358198503140838
14.5,2.9451196896534215,2.8545742614125276,0.5206928111059711
14.51,2.9451196896534215,2.3390437518108507,0.4659212100011117
14.52,2.9451196896534215,2.8636211588883684,0.967525118704975
14.530000000000001,2.9451196896534215,2.5743994954590623,0.2028006562149674
14.540000000000001,2.9451196896534215,2.81453040363511,0.5542385084741808
14.55,2.9451196896534215,2.584281448618061,0.46018757709197894
14.56,2.9451196896534215,2.6935716283269877,0.5794521987700462
14.57,2.9451196896534215,3.3543930156899107,0.8115239345032295
14.58,2.9451196896534215,2.482233282827158,0.44148027459211686
14.59,2.9451196896534215,2.6167577248566576,0.8133696142986502
14.6,2.9451196896534215,3.0464367489525843,0.5492980582168636
14.61,2.9451196896534215,2.6415713909888447,0.5719317136053034
14.620000000000001,2.9451196896534215,2.772643699344653,0.46645726331554965
14.63,2.9451196896534215,2.760914341932784,0.09939089102241261
14.64,2.9451196896534215,2.1010537381530128,0.3345528779657664
14.65,2.9451196896534215,2.743534701981238,0.5446336167962157
14.66,2.9451196896534215,2.4782053607764833,0.7989494936003148
14.67,2.9451196896534215,2.769980718066768,0.5819481966147412
14.68,2.9451196896534215,3.0351646773155667,0.24270883750503397
14.69,2.9451196896534215,2.9692638468936923,0.4061623510977012
14.700000000000001,2.9451196896534215,3.0058561074516694,0.236846234303753
14.71,2.9451196896534215,2.9422617135797884,0.7407202986972659
14.72,2.9451196896534215,2.622186523271629,0.7117458192018566
14.73,2.9451196896534215,3.0325055652896316,0.5095232646485044
14.74,2.9451196896534215,2.6220442973124003,0.5366349312388136
14.75,2.9451196896534215,3.0710522952799493,0.5388371399221915
14.76,2.9451196896534215,2.6022685883776027,0.6168314931197045
14.77,2.9451196896534215,2.963587090817251,0.4343864519490866
14.780000000000001,2.9451196896534215,2.81896555770958,0.4789145476954566
14.790000000000001,2.9451196896534215,2.4500989641910964,0.5694542284521542
14.8,2.9451196896534215,2.9705698301459393,0.7359828517374819
14.81,2.9451196896534215,2.6804211841666508,0.6039703037475798
14.82,2.9451196896534215,3.0572090997715056,0.3778865096417758
14.83,2.9451196896534215,2.626483242727677,0.26970160333152543
14.84,2.9451196896534215,2.804963770164415,0.2212615084833615
14.85,2.9451196896534215,2.846903461850341,0.5075567471361732
14.86,2.9451196896534215,2.9307330478538627,0.8279930196195266
14.870000000000001,2.9451196896534215,2.6621272887732945,0.4995884590609187
14.88,2.9451196896534215,2.600706069103079,0.7449695862494453
14.89,2.9451196896534215,2.7110777059411135,0.40117043693437443
14.9,2.9451196896534215,2.6835217821538224,0.6230363146812283
14.91,2.9451196896534215,3.2629025005948495,0.21557764380172073
14.92,2.9451196896534215,2.9642682098339748,0.2845751359289155
14.93,2.9451196896534215,3.159000048447952,0.29880622306932036
14.94,2.9451196896534215,2.905122370461598,0.37420819489661333
14.950000000000001,2.9451196896534215,2.927248638093013,0.6421726451005801
14.96,2.9451196896534215,3.1742282341025536,0.48775130430489905
14.97,2.9451196896534215,3.130247063476718,0.5944669346573611
14.98,2.9451196896534215,2.8904044816884746,0.36873944468504827
14.99,2.9451196896534215,2.74176774857345,0.19730716550912847
15.0,2.9451196896534215,2.9559414343997132,0.23803823454505527
15.01,2.9451196896534215,3.0123150832851864,0.03979505358555896
15.02,2.9451196896534215,2.5578469689511016,0.07412811411729081
15.030000000000001,2.9451196896534215,2.8915904491634206,0.5289364813106139
15.040000000000001,2.9451196896534215,3.156994866825949,0.03790561914469226
15.05,2.9451196896534215,2.9864253299046988,0.7085791423579628
15.06,2.9451196896534215,3.196000617944705,0.6644558629368247
15.07,2.9451196896534215,2.4748241553413797,0.22659672830872932
15.08,2.9451196896534215,2.853550917772687,0.30926688604549435
15.09,2.9451196896534215,2.9549923201923614,0.34592884291489795
15.1,2.9451196896534215,3.2112630369609287,0.474062416699187
15.11,2.9451196896534215,2.656053278709709,0.4505836812445858
15.120000000000001,2.9451196896534215,3.188782075245286,0.28757745604804086
15.13,2.9451196896534215,2.849811014770037,0.22777270776563505
15.14,2.9451196896534215,3.0031044106881035,0.2846677058087309
15.15,2.9451196896534215,3.1410803482138245,-0.10139587674945577
15.16,2.9451196896534215,2.5809921718399185,0.9161090207202455
15.17,2.9451196896534215,2.9227783137448426,0.6207850497848457
15.18,2.9451196896534215,3.186057638287441,0.6255406605872517
15.19,2.9451196896534215,2.861281284107822,0.6167929868335822
15.200000000000001,2.9451196896534215,2.9958379640226633,0.20238378995138573
15.21,2.9451196896534215,2.931290860999071,0.09106195966087327
15.22,2.9451196896534215,3.093585036197402,0.3110166990214168
15.23,2.9451196896534215,3.030605831495443,0.1393597647567637
15.24,2.9451196896534215,2.533450329523288,0.4636063575477352
15.25,2.9451196896534215,2.7847365882066324,0.23069535343022995
15.26,2.9451196896534215,3.2898008424142255,0.30396314990523954
15.27,2.9451196896534215,2.6607100862276702,0.2866998811768301
15.280000000000001,2.9451196896534215,3.195906218660064,0.40695233229199373
15.290000000000001,2.9451196896534215,3.1427343415142133,0.2114356462141951
15.3,2.9451196896534215,3.141160225539503,0.2049193941686153
15.31,2.9451196896534215,3.0854745141708544,0.5667947213498655
15.32,2.9451196896534215,2.9353555308336583,0.32897681959659936
15.33,2.9451196896534215,2.500518005866389,0.2682917904134243
15.34,2.9451196896534215,3.097356414800098,-0.017377195602009954
15.35,2.9451196896534215,3.2685557166951953,0.2896373694710474
15.36,2.9451196896534215,2.5051660411011007,0.4730558621650983
15.370000000000001,2.9451196896534215,2.959445055458772,0.2575782702879982
15.38,2.9451196896534215,3.2212315882616456,0.08247915485809731
15.39,2.9451196896534215,3.0971817486633704,0.29743546886090555
15.4,2.9451196896534215,2.7183433045932883,0.3919793006736607
15.41,2.9451196896534215,3.7557248338096705,0.8043016964103766
15.42,2.9451196896534215,3.3807074078017894,0.5335185387170236
15.43,2.9451196896534215,3.403824677679542,0.03083547292609279
15.44,2.9451196896534215,2.951572233678577,0.4321193421006149
15.450000000000001,2.9451196896534215,3.2338365391273345,0.3223589743911043
15.46,2.9451196896534215,2.685161787127425,0.40245226339189943
15.47,2.9451196896534215,3.3008113325510235,-0.07002883450501568
15.48,2.9451196896534215,3.0662069109825056,0.2081942569172564
15.49,2.9451196896534215,3.3749228583276905,0.14087467327802328
15.5,2.9451196896534215,2.8887620594181986,0.14405544446004598
15.51,2.9451196896534215,3.286508382617522,0.04269592467832911
15.52,2.9451196896534215,3.7141974972260097,0.13285547651790208
15.530000000000001,2.9451196896534215,3.2743410570592184,-0.080630121732718
15.540000000000001,2.9451196896534215,3.224597464179817,0.0763138902030839
15.55,2.9451196896534215,2.8771472138018206,0.5271826564942841
15.56,2.9451196896534215,3.2676567822619527,0.18406475019582308
15.57,2.9451196896534215,2.843978341720394,0.14591521509051156
15.58,2.9451196896534215,2.948786666869978,0.06819671628592366
15.59,2.9451196896534215,3.3190826113711522,0.3734031929648214
15.6,2.9451196896534215,3.067231077210939,0.22580637875863235
15.610000000000001,2.9451196896534215,3.171783092825608,0.3297512761830246
15.620000000000001,2.9451196896534215,3.2793851363599034,0.02587164502311784
15.63,2.9451196896534215,3.1721072821714755,0.28387984308706865
15.64,2.9451196896534215,3.123228926901602,0.3126969633252367
15.65,2.9451196896534215,3.110886295957528,0.15204626589823206
15.66,2.9451196896534215,3.0892496371233755,0.18289089665847857
15.67,2.9451196896534215,3.204200030984272,-0.1294342956726941
15.68,2.9451196896534215,2.9006973332330834,0.29276207230233725
15.69,2.9451196896534215,2.8919459665223215,0.3667561119121211
15.700000000000001,2.9451196896534215,3.8368065840077836,0.4137496827065667
15.71,2.9451196896534215,3.061792360169291,0.25502681686496725
15.72,2.9451196896534215,3.1466729494982655,0.37922061207673485
15.73,2.9451196896534215,2.9714208071958543,0.6908655493382034
15.74,2.9451196896534215,3.5913489049659817,0.5063438823785436
15.75,2.9451196896534215,3.5539272776354887,0.11352483161526747
15.76,2.9451196896534215,3.242634632870804,0.11429999746337477
15.77,2.9451196896534215,3.047467036435947,-0.011693438005648232
15.780000000000001,2.9451196896534215,3.4127220386426367,0.1776590634356185
15.790000000000001,2.9451196896534215,3.2268641249122196,0.28171143429145984
15.8,2.9451196896534215,3.419578746775773,0.3330050705155917
15.81,2.9451196896534215,3.3298192799603608,-0.030397634955947855
15.82,2.9451196896534215,3.4504850454719196,0.13862651946431082
15.83,2.9451196896534215,3.236318579275004,0.3290257315157086
15.84,2.9451196896534215,3.282808535857751,0.2589949053873134
15.85,2.9451196896534215,3.420367212356033,-0.04344831873151955
15.860000000000001,2.9451196896534215,2.854783885423357,-0.2544918487352107
15.870000000000001,2.9451196896534215,3.244527451403984,0.16556104235040617
15.88,2.9451196896534215,3.456772086133017,0.16715458443445447
15.89,2.9451196896534215,3.5157176783707316,-0.16368182886735375
15.9,2.9451196896534215,3.2605276253433284,-0.17810728787227115
15.91,2.9451196896534215,3.170631982669342,0.10420894956171857
15.92,2.9451196896534215,3.3826423954187237,0.19244533758766985
15.93,2.9451196896534215,2.9221386902758537,0.41170637174955915
15.94,2.9451196896534215,3.103948243847264,0.2876801374348455
15.950000000000001,2.9451196896534215,3.267594075559162,0.17218950077513337
15.96,2.9451196896534215,3.3242669561885547,-0.11158959926479134
15.97,2.9451196896534215,3.1133875644792672,-0.04765796065710404
15.98,2.9451196896534215,3.1028661624570635,0.38907905607812454
15.99,2.9451196896534215,3.379767447150655,0.3189220926435464
16.0,2.9451196896534215,2.941105537281207,-0.018527232296248503
16.01,2.9451196896534215,3.3206721539079354,-0.01214098773184899
16.02,2.9451196896534215,3.539727653835501,-0.04069450666209101
16.03,2.9451196896534215,2.976583506730738,-0.011811680364313015
16.04,2.9451196896534215,3.61961144498012,-0.0017541302216420307
16.05,2.9451196896534215,3.0910740856457113,0.37500911124096564
16.06,2.9451196896534215,3.239204917469834,0.14775034802688927
16.07,2.9451196896534215,3.0524851087024225,0.08886758639186468
16.080000000000002,2.9451196896534215,3.3897637786296757,-0.003696649840621208
16.09,2.9451196896534215,3.3079831662977726,0.17491236802548546
16.1,2.9451196896534215,3.150410023139422,0.014297468222665713
16.11,2.9451196896534215,3.2515482183764925,0.6294963629236964
16.12,2.9451196896534215,3.0291402092649693,0.3775944933975478
16.13,2.9451196896534215,3.7709756110716235,0.07887215371560223
16.14,2.9451196896534215,3.3490653479899675,0.5139073590148523
16.15,2.9451196896534215,3.1465201941238305,0.07860620574671354
16.16,2.9451196896534215,3.195384562830428,-0.13659682865008732
16.17,2.9451196896534215,3.1142791897637547,0.11793884132743945
16.18,2.9451196896534215,3.35125092022329,-0.08304527862414512
16.19,2.9451196896534215,3.1501422683064195,0.2451949259688117
16.2,2.9451196896534215,3.462834093453864,0.10515916037507164
16.21,2.9451196896534215,3.2027949127819286,0.0727340934009416
16.22,2.9451196896534215,3.575832804810832,0.30370346431527817
16.23,2.9451196896534215,3.1081412590740265,-0.1189647689072691
16.240000000000002,2.9451196896534215,3.2704608116895084,0.2693055677982665
16.25,2.9451196896534215,3.23043244982178,-0.15838542581472534
16.26,2.9451196896534215,2.8899156652798457,0.08740161595544613
16.27,2.9451196896534215,3.3351097190158705,0.39955059320769054
16.28,2.9451196896534215,3.2798254573878687,0.004766934667990171
16.29,2.9451196896534215,3.220828477623648,0.25048035671369623
16.3,2.9451196896534215,3.312522194093732,-0.13801116192550486
16.31,2.9451196896534215,2.835754864931591,0.27563467413814574
16.32,2.9451196896534215,3.364964071132501,-0.14756051918302257
16.330000000000002,2.9451196896534215,3.3751308759796523,0.37036694215274996
16.34,2.9451196896534215,3.3458470677355585,-0.23195259746241687
16.35,2.9451196896534215,3.073138900816682,-0.33427931993648075
16.36,2.9451196896534215,3.4231665644063507,-0.04771837013308587
16.37,2.9451196896534215,3.253082525847832,-0.12576989307860575
16.38,2.9451196896534215,3.2427670990649897,0.18955353887490256
16.39,2.9451196896534215,3.1939678245750693,0.06116600564479744
16.4,2.9451196896534215,2.8774216155927257,0.21759319801263027
16.41,2.9451196896534215,3.3057869900676162,0.16765787161174525
16.42,2.9451196896534215,3.032424618209753,-0.21415915326036622
16.43,2.9451196896534215,3.4813848035189245,0.28628763094565557
16.44,2.9451196896534215,3.328235404031616,0.11768470639467046
16.45,2.9451196896534215,3.0835352657302817,0.06571319552738711
16.46,2.9451196896534215,3.1175891321745985,0.2870570577080464
16.47,2.9451196896534215,3.3924926644196653,0.08442981145371002
16.48,2.9451196896534215,3.481851215916664,-0.1670049227262592
16.490000000000002,2.9451196896534215,3.2937104595507583,-0.3842086912210796
16.5,2.9451196896534215,2.9098896308291167,0.09601202604211898
16.51,2.9451196896534215,3.05899084623505,-0.14619258628526174
16.52,2.9451196896534215,3.767781669163768,0.33026591086721796
16.53,2.9451196896534215,3.40712392649443,-0.44491612346570675
16.54,2.9451196896534215,3.292867964617583,-0.2417587056081706
16.55,2.9451196896534215,3.1032856283625443,-0.07596426134525638
16.56,2.9451196896534215,3.3043490163537586,-0.06082695249597542
16.57,2.9451196896534215,3.076105121840801,0.18102710228186553
16.580000000000002,2.9451196896534215,3.5794684872705447,-0.06886150517190551
16.59,2.9451196896534215,3.3583558917907026,-0.059280989407808383
16.6,2.9451196896534215,3.062454476303545,-0.14186747248879933
16.61,2.9451196896534215,3.1812670383274697,-0.15351985616547686
16.62,2.9451196896534215,3.1594359050544814,-0.0022955922989286864
16.63,2.9451196896534215,3.416290546428269,-0.08769485809963572
16.64,2.9451196896534215,3.1283711060301798,-0.009071594423175136
16.65,2.9451196896534215,3.4591273952665276,-0.004005939844069023
16.66,2.9451196896534215,3.38566061816242,-0.07683190093407702
16.67,2.9451196896534215,3.2004323523931335,-0.21331418531058785
16.68,2.9451196896534215,3.263145550624152,-0.20422398621074161
16.69,2.9451196896534215,3.239436915974996,-0.0063534034407205925
16.7,2.9451196896534215,3.1414447367668705,-0.3847282295663087
16.71,2.9451196896534215,3.2813263673841053,0.06010888278838493
16.72,2.9451196896534215,3.6132775163565602,0.09440699351493398
16.73,2.9451196896534215,2.8079449907498666,-0.2605440589723078
16.740000000000002,2.9451196896534215,3.3187166777409063,-0.08643068078225713
16.75,2.9451196896534215,3.1745300828114598,-0.05960375455479605
16.76,2.9451196896534215,3.120467846366907,-0.42464038212438526
16.77,2.9451196896534215,3.0703925671000842,-0.33146129927549534
16.78,2.9451196896534215,3.3847460813294274,-0.34304638433934626
16.79,2.9451196896534215,3.375150370218011,0.27700917687731763
16.8,2.9451196896534215,3.2974000514205137,-0.1274411646547664
16.81,2.9451196896534215,3.216828244945111,-0.07910526580766475
16.82,2.9451196896534215,3.0913121659582146,-0.3247904293085567
16.830000000000002,2.9451196896534215,3.2969747417425452,0.00982708139282476
16.84,2.9451196896534215,3.641957192484677,0.08179973135096341
16.85,2.9451196896534215,3.267010779313078,0.03968604657470377
16.86,2.9451196896534215,3.396871703289995,-0.2939595201883115
16.87,2.9451196896534215,3.0719513263091134,-0.19893117811639377
16.88,2.9451196896534215,3.2991860445107477,-0.22775838704609053
16.89,2.9451196896534215,3.1021409757901397,0.010092785714753194
16.9,2.9451196896534215,3.259149818248865,0.14544232060429294
16.91,2.9451196896534215,3.0288775500509826,-0.16200885276332902
16.92,2.9451196896534215,3.0999013587112674,0.11628774037703843
16.93,2.9451196896534215,3.029923899981305,-0.07975402262463513
16.94,2.9451196896534215,2.762197305925832,-0.20116497091135943
16.95,2.9451196896534215,3.4019065595720246,-0.016976017359464746
16.96,2.9451196896534215,3.369206805847954,-0.03518286335336464
16.97,2.9451196896534215,3.6921735821240516,-0.2945954052630377
16.98,2.9451196896534215,3.287976457701879,-0.29438073506451484
16.990000000000002,2.9451196896534215,3.0417565248042355,-0.3594169846607253
17.0,2.9451196896534215,3.1015069297960487,-0.06644843878056046
17.01,2.9451196896534215,3.421063222562463,-0.3062428100262583
17.02,2.9451196896534215,3.4737658906592497,-0.3782467331871383
17.03,2.9451196896534215,2.9170623485380003,-0.10716083755668007
17.04,2.9451196896534215,3.223350990484378,0.04367397891686259
17.05,2.9451196896534215,3.325137693906277,-0.0507859113192219
17.06,2.9451196896534215,3.2795126276887006,-0.2401913225921442
17.07,2.9451196896534215,3.4372086521815453,-0.4146906233801493
17.080000000000002,2.9451196896534215,2.8213992536917822,-0.18338438099452553
17.09,2.9451196896534215,3.563147032319018,0.07945406157115195
17.1,2.9451196896534215,3.2507373827803616,-0.3536031786345757
17.11,2.9451196896534215,3.059253062580455,-0.23451108792457093
17.12,2.9451196896534215,3.075422643361899,-0.22527840249449033
17.13,2.9451196896534215,3.550979412670406,-0.286417985391216
17.14,2.9451196896534215,3.109347356847551,-0.21031674751399881
17.150000000000002,2.9451196896534215,3.2976174315358993,-0.31819661684771194
17.16,2.9451196896534215,3.0335322899784174,0.0036411598517991917
17.17,2.9451196896534215,2.9378173461308976,-0.20573101219260703
17.18,2.9451196896534215,3.486481112297991,-0.04903522716867889
17.19,2.9451196896534215,3.303975618287237,-0.01372518475853568
17.2,2.9451196896534215,3.158467145380697,0.145227952069738
17.21,2.9451196896534215,3.3451157324188507,-0.2982175613644294
17.22,2.9451196896534215,3.1702107726031823,0.05434586534799013
17.23,2.9451196896534215,3.220370781863038,-0.6045267371956545
17.240000000000002,2.9451196896534215,3.1086162069820196,-0.26467207250123315
17.25,2.9451196896534215,2.999400415135449,-0.2675689452007064
17.26,2.9451196896534215,3.406558452157534,-0.2802531938542506
17.27,2.9451196896534215,3.172419732244807,0.10142304799374408
17.28,2.9451196896534215,3.056365956994425,-0.3213361954407436
17.29,2.9451196896534215,3.4178351621338425,0.15164049818458708
17.3,2.9451196896534215,3.1990555835636973,-0.19249597490958978
17.31,2.9451196896534215,3.0620540832601795,-0.14795952538696455
17.32,2.9451196896534215,3.2020278669215467,-0.09337016934855882
17.330000000000002,2.9451196896534215,3.351641044363597,-0.2465178421106937
17.34,2.9451196896534215,2.9980958786016307,-0.32382793035252766
17.35,2.9451196896534215,3.3092961305076787,-0.14164980232334806
17.36,2.9451196896534215,2.876971838045325,-0.11385688744849108
17.37,2.9451196896534215,3.151554150544049,-0.2306643041374521
17.38,2.9451196896534215,3.245692927930805,-0.13257490023597632
17.39,2.9451196896534215,3.176327637706066,-0.19337996456387457
17.400000000000002,2.9451196896534215,2.922688134196001,-0.11135506096860132
17.41,2.9451196896534215,3.07237244822205,-0.4990599230029046
17.42,2.9451196896534215,3.3150662669222837,-0.10495896108378386
17.43,2.9451196896534215,2.8511931504220693,-0.10813101453519088
17.44,2.9451196896534215,3.3240570403665664,-0.37158975053926213
17.45,2.9451196896534215,3.0019833225775363,-0.35287821415457526
17.46,2.9451196896534215,3.146305329854719,-0.17002764430379552
17.47,2.9451196896534215,3.051163233451881,-0.1162499552016203
17.48,2.9451196896534215,2.980370124914426,-0.18908873057388836
17.490000000000002,2.9451196896534215,2.8200623730802263,-0.3577741390676935
17.5,2.9451196896534215,2.8686198466439103,-0.43258043284628067
17.51,2.9451196896534215,2.9781447318718164,-0.6768985337026423
17.52,2.9451196896534215,3.2142492641915026,-0.37482673883413276
17.53,2.9451196896534215,2.926242520187962,0.06676727744896557
17.54,2.9451196896534215,3.2982697180998533,-0.013610687150902578
17.55,2.9451196896534215,3.0770336827368783,-0.527384766405204
17.56,2.9451196896534215,2.806303334569364,0.02130007526566302
17.57,2.9451196896534215,3.075926248670901,-0.35261226392278683
17.580000000000002,2.9451196896534215,3.103847828091743,-0.24538680894644774
17.59,2.9451196896534215,2.929594598434048,-0.4479286908831259
17.6,2.9451196896534215,3.1263067877432267,-0.37816230662865125
17.61,2.9451196896534215,3.3011416199832895,-0.09706090031977072
17.62,2.9451196896534215,2.9553382047496926,0.13560382485099395
17.63,2.9451196896534215,3.220710835844596,0.07303825907187364
17.64,2.9451196896534215,3.1480004333352274,-0.1267449086686127
17.650000000000002,2.9451196896534215,3.1645468367322036,-0.1741477938054767
17.66,2.9451196896534215,3.319570397623143,-0.3378783937519909
17.67,2.9451196896534215,3.0042271784357997,-0.5114561360906411
17.68,2.9451196896534215,3.02538943200232,-0.48062703587750594
17.69,2.9451196896534215,2.8634736719115956,-0.20469360701292244
17.7,2.9451196896534215,3.420846489342427,-0.12272518026092744
17.71,2.9451196896534215,3.2088030155842127,-0.5256288047392195
17.72,2.9451196896534215,2.930659180642605,-0.2245313306651148
17.73,2.9451196896534215,2.9681175653093574,-0.47135186609972224
17.740000000000002,2.9451196896534215,2.7822369417739035,-0.050777629310177624
17.75,2.9451196896534215,2.8541773466633864,-0.3834889856750536
17.76,2.9451196896534215,3.317981959647591,-0.39529520166635923
17.77,2.9451196896534215,3.282405348118663,-0.2160820844553876
17.78,2.9451196896534215,3.2135998513306316,-0.47035944023750753
17.79,2.9451196896534215,3.023423974483762,-0.5190407872790743
17.8,2.9451196896534215,3.1921013208849893,0.08590906577508264
17.81,2.9451196896534215,3.3269912824041614,-0.16159940853450733
17.82,2.9451196896534215,3.0624708390559503,-0.36603219064733605
17.830000000000002,2.9451196896534215,2.806480712200289,-0.1993391577177145
17.84,2.9451196896534215,2.7446087295695554,-0.12970868169442723
17.85,2.9451196896534215,3.2100559734187706,-0.06812795376685679
17.86,2.9451196896534215,3.17486833695194,-0.025822906891397074
17.87,2.9451196896534215,2.8478152306561197,-0.38725807751739855
17.88,2.9451196896534215,3.619110120568626,-0.23608045638004146
17.89,2.9451196896534215,3.1329931466638508,-0.20922289964628116
17.900000000000002,2.9451196896534215,2.7626334362541525,-0.31422673661596684
17.91,2.9451196896534215,3.0842717916848015,-0.5171689006364981
17.92,2.9451196896534215,3.036478269453278,0.07350445389345786
17.93,2.9451196896534215,2.552185623064138,0.05657058197682355
17.94,2.9451196896534215,3.061232654174723,-0.2960724684575897
17.95,2.9451196896534215,2.9447099239777197,-0.22067235716038805
17.96,2.9451196896534215,2.990783923310437,-0.1379028980207746
17.97,2.9451196896534215,3.322169200013451,-0.5213821218733594
17.98,2.9451196896534215,3.0041346428049476,-0.04129317832776813
17.990000000000002,2.9451196896534215,3.0256637387781415,-0.037124570881080565
18.0,2.9451196896534215,3.033452337312293,-0.31201598783655865
18.01,2.9451196896534215,3.07830219617735,-0.5659831418750916
18.02,2.9451196896534215,2.834316432144584,-0.18707098377470832
18.03,2.9451196896534215,3.13947111072868,0.24894710066093073
18.04,2.9451196896534215,3.1004796351596675,-0.4177748932087367
18.05,2.9451196896534215,3.096783703123313,0.11623713069159372
18.06,2.9451196896534215,3.088873607614594,-0.5696483574464672
18.07,2.9451196896534215,3.069003028803936,-0.18450806346844284
18.080000000000002,2.9451196896534215,3.3622550479970386,-0.2808347213152167
18.09,2.9451196896534215,3.1059400259560848,-0.16238443189137575
18.1,2.9451196896534215,3.063522901043632,-0.668287251626727
18.11,2.9451196896534215,3.1316526286668998,-0.12832156041696507
18.12,2.9451196896534215,2.4919975466139235,-0.18889180355774243
18.13,2.9451196896534215,2.9486433501491853,-0.3251526537436105
18.14,2.9451196896534215,3.1502205107149046,-0.26338861549028164
18.150000000000002,2.9451196896534215,3.2507620684946668,-0.07396560457956264
18.16,2.9451196896534215,2.8095679916700798,-0.4996601635089615
18.17,2.9451196896534215,3.036649100735571,0.09506188933410084
18.18,2.9451196896534215,3.011806366598979,-0.16261137593539907
18.19,2.9451196896534215,2.778871199078413,-0.5809923737338266
18.2,2.9451196896534215,2.8062225535261685,-0.3827304163969574
18.21,2.9451196896534215,2.824932795388311,-0.18581437248374144
18.22,2.9451196896534215,3.2547343579795336,0.04926504469739798
18.23,2.9451196896534215,2.9562997873598476,-0.09856853718439165
18.240000000000002,2.9451196896534215,3.075409343783502,-0.4175674935554812
18.25,2.9451196896534215,3.0583966941015,-0.11165796986064376
18.26,2.9451196896534215,2.8711756785463978,0.06562738811432073
18.27,2.9451196896534215,2.7783845163125553,-0.1963493171083495
18.28,2.9451196896534215,3.1189383504618244,0.08370228769451338
18.29,2.9451196896534215,2.772449197096851,-0.19860886660540772
18.3,2.9451196896534215,3.2022695727700685,-0.060731054440029936
18.31,2.9451196896534215,2.7845214360424158,-0.2691311856838308
18.32,2.9451196896534215,2.9120819699304343,-0.340076200803921
18.330000000000002,2.9451196896534215,3.1303124140888463,-0.04457198107727969
18.34,2.9451196896534215,2.8615804816760946,0.21468063965031603
18.35,2.9451196896534215,2.570805233197854,-0.2629894765913338
18.36,2.9451196896534215,3.0792149243989657,0.1735248086294133
18.37,2.9451196896534215,2.8609385460011247,-0.44891881726927885
18.38,2.9451196896534215,2.903350988602788,-0.3297673386451571
18.39,2.9451196896534215,2.874013328333914,-0.20211614571461398
18.400000000000002,2.9451196896534215,3.3270404514490877,-0.133965372604487
18.41,2.9451196896534215,3.082668548724104,0.32119279361092734
18.42,2.9451196896534215,2.950471899068631,-0.2891150939847463
18.43,2.9451196896534215,2.817910893674017,-0.55288029467358
18.44,2.9451196896534215,2.9309397091150466,-0.13914379544892022
18.45,2.9451196896534215,2.820884313151703,-0.22134856673062922
18.46,2.9451196896534215,2.779063453735585,-0.2593364442435007
18.47,2.9451196896534215,2.636256630034649,-0.2339510558047246
18.48,2.9451196896534215,3.146614682960109,-0.17883144516077457
18.490000000000002,2.9451196896534215,2.5847938998218107,0.05122902558511494
18.5,2.9451196896534215,3.1218281394221767,0.010061850610263129
18.51,2.9451196896534215,2.8584141895757664,0.07421744220333398
18.52,2.9451196896534215,2.8168656088019732,-0.23827908356529592
18.53,2.9451196896534215,2.9564600403885963,-0.209425888003006
18.54,2.9451196896534215,3.0163885541079134,-0.2822479989958864
18.55,2.9451196896534215,2.8200143586347086,-0.27700405929420263
18.56,2.9451196896534215,2.8012120580203437,-0.2108501773576574
18.57,2.9451196896534215,3.059930036253671,-0.27803938430756736
18.580000000000002,2.9451196896534215,3.170362198891488,-0.05632808368288915
18.59,2.9451196896534215,2.8407299541418007,-0.28030232854368065
18.6,2.9451196896534215,2.8271518294833884,0.00551725594972069
18.61,2.9451196896534215,2.536608874075628,-0.06889695447430552
18.62,2.9451196896534215,2.8032864294968043,0.07349394769721151
18.63,2.9451196896534215,2.5023803545448997,-0.34385163243028977
18.64,2.9451196896534215,2.7893218333922927,-0.02888935098576978
18.650000000000002,2.9451196896534215,2.989236308503691,-0.4363110542734736
18.66,2.9451196896534215,2.717138605518285,-0.4560720214212044
18.67,2.9451196896534215,3.0943594114519475,-0.0890169034730061
18.68,2.9451196896534215,3.23725603639265,0.09284435124527876
18.69,2.9451196896534215,2.7599531037616294,0.13121553247430795
18.7,2.9451196896534215,2.9048260218609934,-0.2526017705737479
18.71,2.9451196896534215,2.967421207024205,0.021169552425966798
18.72,2.9451196896534215,2.9931774985326514,-0.12286896063272676
18.73,2.9451196896534215,2.9564837898485807,-0.2980635250788482
18.740000000000002,2.9451196896534215,3.0878772575385516,-0.26324355135748423
18.75,2.9451196896534215,2.955198578503105,0.04743631322360187
18.76,2.9451196896534215,2.66464532238274,-0.3676567985476844
18.77,2.9451196896534215,2.803661230772693,-0.19353787879549866
18.78,2.9451196896534215,2.8672268513355426,-0.28462622619347355
18.79,2.9451196896534215,3.126377178940386,-0.3245366389141108
18.8,2.9451196896534215,2.9148459277301795,-0.18296873077900982
18.81,2.9451196896534215,2.7864552688327087,-0.24967022962203556
18.82,2.9451196896534215,2.9324127957841424,0.13871897467290892
18.830000000000002,2.9451196896534215,3.141690119774769,-0.13056180396914158
18.84,2.9451196896534215,3.110161420002481,-0.12649258260102705
18.85,2.9451196896534215,2.8222382303601776,-0.2401815761140609
18.86,2.9451196896534215,3.0492979231054758,-0.05426774578074607
18.87,2.9451196896534215,3.1126040130404036,0.03505886464512614
18.88,2.9451196896534215,2.611972453635494,-0.4457433259474014
18.89,2.9451196896534215,2.895203388517751,-0.05782189527589723
18.900000000000002,2.9451196896534215,2.6775911695752446,0.07295941320442481
18.91,2.9451196896534215,2.8890925332088324,-0.04863120978839458
18.92,2.9451196896534215,2.707035834146849,-0.25757367206042664
18.93,2.9451196896534215,2.599659764379846,-0.3376697401378056
18.94,2.9451196896534215,3.0088247758815307,0.0748932482500582
18.95,2.9451196896534215,2.8757495432293254,0.1168026708057066
18.96,2.9451196896534215,2.7103925837769887,0.04455505784446055
18.97,2.9451196896534215,2.7065230173465267,0.1329833543311564
18.98,2.9451196896534215,2.5458896482235716,-0.28773434787870794
18.990000000000002,2.9451196896534215,2.8685961885931133,-0.09676558607155208
19.0,2.9451196896534215,2.8417057552283724,-0.18724655685788316
19.01,2.9451196896534215,2.7304799911661304,-0.1637562330768495
19.02,2.9451196896534215,3.1263328848202265,-0.31560883238107207
19.03,2.9451196896534215,3.0832015444559984,-0.04686175032108894
19.04,2.9451196896534215,2.695621402320757,0.19992310695835064
19.05,2.9451196896534215,2.9663216799577516,0.14630027801755568
19.06,2.9451196896534215,2.843079376496734,0.15577374965041418
19.07,2.9451196896534215,2.51872027646415,-0.21579122072721008
19.080000000000002,2.9451196896534215,3.2615609002690618,0.16844946405769234
19.09,2.9451196896534215,2.5332641617019016,-0.17525487639097292
19.1,2.9451196896534215,2.579797590723515,0.25442934942998957
19.11,2.9451196896534215,2.6232112080358845,0.044048448927196324
19.12,2.9451196896534215,2.8046284369966172,-0.12410906572789536
19.13,2.9451196896534215,2.77254446647218,-0.14180522862215011
19.14,2.9451196896534215,2.9879503884643035,-0.055002574439897624
19.150000000000002,2.9451196896534215,2.9198548492696714,0.0978706186950063
19.16,2.9451196896534215,2.9772759208361004,-0.396987791540764
19.17,2.9451196896534215,2.880818501540986,0.08467165718164782
19.18,2.9451196896534215,2.902910832792985,-0.06351295949481639
19.19,2.9451196896534215,2.8621413152404878,-0.2088022865943231
19.2,2.9451196896534215,2.9988666377667514,-0.1396326241763914
19.21,2.9451196896534215,2.887845800685609,0.2470623587953226
19.22,2.9451196896534215,2.776089125665738,-0.10789578942163577
19.23,2.9451196896534215,3.018045611677969,-0.18509019857336131
19.240000000000002,2.9451196896534215,2.6746286857261863,0.07714218656006654
19.25,2.9451196896534215,2.8611167454315174,0.014688326725144044
19.26,2.9451196896534215,2.8980793336199278,-0.13350356670502508
19.27,2.9451196896534215,3.0809511967408754,-0.39144213048084686
19.28,2.9451196896534215,2.8192224266559953,-0.21133925164123885
19.29,2.9451196896534215,2.8223904251962733,-0.29403029260745017
19.3,2.9451196896534215,2.5801006726849787,-0.17986635109192384
19.31,2.9451196896534215,2.680672551419271,-0.4314951123606064
19.32,2.9451196896534215,2.7016838113905832,-0.03411768584378054
19.330000000000002,2.9451196896534215,2.7504198921596172,-0.05969283412188068
19.34,2.9451196896534215,3.0571127141528054,-0.008910954455881845
19.35,2.9451196896534215,2.702113781210356,-0.10166182087926857
19.36,2.9451196896534215,2.988640258803918,-0.2427794764898112
19.37,2.9451196896534215,3.0804388693638622,-0.3738920705737174
19.38,2.9451196896534215,3.180887713061917,0.05746535074783396
19.39,2.9451196896534215,2.8935285350268436,-0.2538360416416161
19.400000000000002,2.9451196896534215,2.6374826274088163,-0.13766213282233453
19.41,2.9451196896534215,2.841707697975334,0.18201076042287817
19.42,2.9451196896534215,2.5103788390170556,-0.13894262065427238
19.43,2.9451196896534215,3.0026998833677783,0.2297602639126912
19.44,2.9451196896534215,2.8037492325915303,-0.16079327001612195
19.45,2.9451196896534215,3.192367976709761,0.2757354633348881
19.46,2.9451196896534215,2.784798296008162,-0.016125907409073385
19.47,2.9451196896534215,3.217365026152149,0.3965127349436658
19.48,2.9451196896534215,2.5122731479796387,-0.19805813547251566
19.490000000000002,2.9451196896534215,2.9647650151534934,-0.08531720092663364
19.5,2.9451196896534215,3.283110586971303,-0.26374195233759756
19.51,2.9451196896534215,2.8042975155426073,0.4029841748648607
19.52,2.9451196896534215,2.6908880371847292,0.0692410599361985
19.53,2.9451196896534215,2.7871436673913266,-0.165466829103391
19.54,2.9451196896534215,2.9520659483539307,-0.11392094268143654
19.55,2.9451196896534215,2.9108793649939977,0.13909653626270668
19.56,2.9451196896534215,2.9122478474174103,0.020115805803061285
19.57,2.9451196896534215,3.1956984068702616,-0.020083849619449153
19.580000000000002,2.9451196896534215,3.0087302687166027,-0.12321815865389407
19.59,2.9451196896534215,2.765430123215809,0.09718899799024354
19.6,2.9451196896534215,2.6892726854783686,-0.14031696559117965
19.61,2.9451196896534215,2.9102278738933767,-0.08960376612765925
19.62,2.9451196896534215,3.033474130220497,0.08149661961945238
19.63,2.9451196896534215,2.448140650655537,0.10127311451437092
19.64,2.9451196896534215,2.811562808176186,0.08198564100933103
19.650000000000002,2.9451196896534215,3.024812177531028,-0.09144479537931395
19.66,2.9451196896534215,2.966859324977776,-0.25805742923547215
19.67,2.9451196896534215,2.8883165996363847,-0.24909188391794845
19.68,2.9451196896534215,2.928710929917418,-0.1480512602093306
19.69,2.9451196896534215,3.028350642423672,0.03445851460349676
19.7,2.9451196896534215,2.9514800852081375,0.04706554829816747
19.71,2.9451196896534215,2.7149927306490316,0.09043561412804893
19.72,2.9451196896534215,3.0780152970905403,0.13323102722303568
19.73,2.9451196896534215,2.96420069996517,-0.14316082539932584
19.740000000000002,2.9451196896534215,2.6557188226622315,-0.18857845172012283
19.75,2.9451196896534215,2.74476780679901,-0.19746627508806178
19.76,2.9451196896534215,2.618774626283372,-0.12374091681031746
19.77,2.9451196896534215,2.9399172793995665,0.006932939580649276
19.78,2.9451196896534215,2.818149867426607,0.1651378488907994
19.79,2.9451196896534215,2.8721967649059055,3.802922379986945e-05
19.8,2.9451196896534215,2.695184253116702,-0.19660751605123356
19.81,2.9451196896534215,2.5037175260785465,-0.07703724849461274
19.82,2.9451196896534215,3.1435827836813903,-0.23969050408938422
19.830000000000002,2.9451196896534215,2.837671761164129,-0.4327696774617227
19.84,2.9451196896534215,2.509684476139107,-0.4021163876842731
19.85,2.9451196896534215,2.766996671840255,-0.2575184049968162
19.86,2.9451196896534215,2.625559575962792,0.05700016537048092
19.87,2.9451196896534215,2.8901474290065896,0.06536276683135486
19.88,2.9451196896534215,2.9633714048403292,-0.39224138931210095
19.89,2.9451196896534215,3.0778484302580527,-0.25607307453473155
19.900000000000002,2.9451196896534215,2.7970982289772284,0.10337701534287004
19.91,2.9451196896534215,3.0258348270792053,0.03983231018301263
19.92,2.9451196896534215,3.296024565314423,0.07824324679660408
19.93,2.9451196896534215,2.6793160679729837,0.16849007245453254
19.94,2.9451196896534215,2.6691592474069727,-0.1559946525721523
19.95,2.9451196896534215,2.840358752351797,0.1904256181021475
19.96,2.9451196896534215,2.962986170763724,0.07110452989276494
19.97,2.9451196896534215,2.9754186728246146,0.09809892262624094
19.98,2.9451196896534215,3.4302981863862168,0.225058086825337
19.990000000000002,2.9451196896534215,2.851707138597613,0.27989585142259515
20.0,0.08381044842800112,2.6197755435284975,0.0898144010590841
20.01,0.08381044842800112,2.9769603482166733,-0.14612150103577012
20.02,0.08381044842800112,2.5084984356715334,0.359385563245338
20.03,0.08381044842800112,2.792728562595035,0.00457568731247103
20.04,0.08381044842800112,3.170845448140572,-0.047641799461396406
20.05,0.08381044842800112,2.641644107108281,-0.06567945666904076
20.06,0.08381044842800112,2.459384527706913,-0.09060369072496238
20.07,0.08381044842800112,2.627853822644803,-0.22709993575839846
20.080000000000002,0.08381044842800112,3.048538529233789,-0.46881686507486164
20.09,0.08381044842800112,2.6141070500275525,-0.3314782972453195
20.1,0.08381044842800112,2.657864714805106,-0.12322956182380615
20.11,0.08381044842800112,2.9191024378889443,-0.3963799820511512
20.12,0.08381044842800112,2.978704591114868,-0.4672434224023831
20.13,0.08381044842800112,2.707045608921723,-0.1525796878532679
20.14,0.08381044842800112,2.710657447299218,-0.7256774937805623
20.150000000000002,0.08381044842800112,2.834963849111254,-0.10487071508908169
20.16,0.08381044842800112,3.1589656155011534,-0.5617173295898499
20.17,0.08381044842800112,2.4590958013021114,-0.1882750608419697
20.18,0.08381044842800112,2.7672196111696516,-0.4593395262248219
20.19,0.08381044842800112,2.984830375039463,-0.6573415085101966
20.2,0.08381044842800112,2.582672896405799,-0.6993138727293657
20.21,0.08381044842800112,2.9161904057070718,-0.4565504260996057
20.22,0.08381044842800112,3.191440166909737,-0.6731405389592479
20.23,0.08381044842800112,2.613796187766148,-0.6248897307805394
20.240000000000002,0.08381044842800112,2.6254539007711193,-0.8329015598536718
20.25,0.08381044842800112,2.715440923857066,-0.42207287456619713
20.26,0.08381044842800112,2.6496840756410958,-0.6604919979176082
20.27,0.08381044842800112,2.9043713164216087,-0.4415458458113909
20.28,0.08381044842800112,2.433754504039064,-0.8706034696555984
20.29,0.08381044842800112,2.9187549149096026,-0.856206416203348
20.3,0.08381044842800112,2.709727803818994,-0.8255105340059016
20.31,0.08381044842800112,2.7000209724422506,-1.047403772968508
20.32,0.08381044842800112,2.9309175316245875,-0.7264173402612396
20.330000000000002,0.08381044842800112,2.4724796442477786,-0.8840203121658627
20.34,0.08381044842800112,2.4920194434317433,-0.8370006006265762
20.35,0.08381044842800112,2.6303604034986052,-1.087121839456058
20.36,0.08381044842800112,2.834270631330369,-0.6215035024790584
20.37,0.08381044842800112,2.40367170025104,-0.9053883593727899
20.38,0.08381044842800112,2.691459666586442,-1.0624034217531375
20.39,0.08381044842800112,2.674645613407094,-1.0723722155025095
20.400000000000002,0.08381044842800112,2.4131910814290105,-1.0132992570979111
20.41,0.08381044842800112,2.9009925750670185,-0.9513955717295977
20.42,0.08381044842800112,2.534931102505381,-0.7746521510799149
20.43,0.08381044842800112,2.707935293856039,-1.3320540638090748
20.44,0.08381044842800112,2.7509756670198238,-1.1594033756788744
20.45,0.08381044842800112,2.026477967205031,-0.7219971853185281
20.46,0.08381044842800112,2.676928067753533,-0.8307008461557639
20.47,0.08381044842800112,2.629346560010967,-1.0696671523320718
20.48,0.08381044842800112,2.6387128962421906,-1.0525768372998776
20.490000000000002,0.08381044842800112,2.5097026282296455,-0.9480487330257182
20.5,0.08381044842800112,2.625805298831423,-1.5907277081908964
20.51,0.08381044842800112,2.490405504869151,-1.4332069027852317
20.52,0.08381044842800112,2.2367777055087563,-0.9785705547596629
20.53,0.08381044842800112,2.5550836319868275,-1.1982785617156924
20.54,0.08381044842800112,2.4120691438144477,-1.2319280186318307
20.55,0.08381044842800112,2.4610542888615496,-1.1089755997584863
20.56,0.08381044842800112,2.5253688556442913,-1.3151647730237086
20.57,0.08381044842800112,2.351573510558769,-1.0352067730682193
20.580000000000002,0.08381044842800112,2.301659874397531,-1.5062276411233309
20.59,0.08381044842800112,2.300468297422953,-1.3101567739257074
20.6,0.08381044842800112,2.3082811723474426,-1.5900824709352896
20.61,0.08381044842800112,2.1716902375870246,-1.5135197250269647
20.62,0.08381044842800112,2.2924772886407485,-1.5605681191220477
20.63,0.08381044842800112,2.1211090271071775,-1.6075628115397096
20.64,0.08381044842800112,2.3301230865135927,-1.1607441241421688
20.650000000000002,0.08381044842800112,2.301410732703567,-1.51594037188133
20.66,0.08381044842800112,1.9284554699628857,-1.579487048271848
20.67,0.08381044842800112,2.2413741903339255,-1.5998806670296075
20.68,0.08381044842800112,2.256233193779969,-1.3778974438948632
20.69,0.08381044842800112,2.6226382112909175,-1.4791020735037093
20.7,0.08381044842800112,2.3108428149288436,-1.240274632634662
20.71,0.08381044842800112,2.3770106317671797,-1.3160171009383466
20.72,0.08381044842800112,2.002743060648622,-1.6347552806090293
20.73,0.08381044842800112,2.1410462475882883,-1.360380452164603
20.740000000000002,0.08381044842800112,2.4998344181661074,-1.2146818754896371
20.75,0.08381044842800112,1.984306453169871,-1.2931654616697021
20.76,0.08381044842800112,2.0553222528539394,-1.404639527251848
20.77,0.08381044842800112,2.068484712801611,-1.5157655732788977
20.78,0.08381044842800112,2.351558730512965,-1.5329984909958037
20.79,0.08381044842800112,2.2120935372666954,-1.6423178576906134
20.8,0.08381044842800112,1.8735426216328508,-1.5815298563861275
20.81,0.08381044842800112,2.0590992906568983,-1.9110649219530988
20.82,0.08381044842800112,1.8628954954981474,-1.5283124567477662
20.830000000000002,0.08381044842800112,1.720588011130287,-1.7231151408426622
20.84,0.08381044842800112,2.029348611834989,-1.7929779633042475
20.85,0.08381044842800112,2.047415460805799,-1.3239991200502503
20.86,0.08381044842800112,1.9753697226884535,-1.290507696680887
20.87,0.08381044842800112,2.026477907818219,-1.6193430935104376
20.88,0.08381044842800112,2.017046861114292,-1.7055702780373405
20.89,0.08381044842800112,1.8155997759093592,-1.710492335851489
20.900000000000002,0.08381044842800112,1.6582508809398588,-1.7314009995335748
20.91,0.08381044842800112,1.661697163512243,-1.634644971617909
20.92,0.08381044842800112,1.8223233797895118,-1.6624039721726849
20.93,0.08381044842800112,1.7383936815739185,-1.6655383519828042
20.94,0.08381044842800112,2.000666084979681,-2.116619344298021
20.95,0.08381044842800112,1.8445174641282764,-1.8043835451826018
20.96,0.08381044842800112,1.7814616926982993,-1.7716755953565513
20.97,0.08381044842800112,1.9320620862741238,-1.5729970201656882
20.98,0.08381044842800112,1.465167959182191,-1.9087325664089554
20.990000000000002,0.08381044842800112,1.7817719254588351,-1.6284276919223726
21.0,0.08381044842800112,1.9404085946446445,-1.9239240491448282
21.01,0.08381044842800112,1.8915238155507406,-1.697750576542948
21.02,0.08381044842800112,1.6007314901105238,-2.0005910527277533
21.03,0.08381044842800112,1.7946929961354816,-1.5756911853357747
21.04,0.08381044842800112,2.2054630067036283,-1.5284185614678227
21.05,0.08381044842800112,1.4632115088081363,-1.9912321734323661
21.06,0.08381044842800112,1.7920142351264101,-1.8714274995112354
21.07,0.08381044842800112,1.91026069554191,-1.9100968418238828
21.080000000000002,0.08381044842800112,1.7704068034870275,-1.9602475614325638
21.09,0.08381044842800112,1.445486183089078,-1.59387362860181
21.1,0.08381044842800112,1.582248479508724,-1.7072696633094913
21.11,0.08381044842800112,1.3470450885489138,-2.125020974914514
21.12,0.08381044842800112,1.552386469890472,-1.6124482224238488
21.13,0.08381044842800112,1.6312883943914902,-2.077721582058655
21.14,0.08381044842800112,1.5417690587371893,-1.760493441393033
21.150000000000002,0.08381044842800112,1.7466431473081474,-1.997685094936205
21.16,0.08381044842800112,1.4100560227135714,-1.7266131207664182
21.17,0.08381044842800112,1.4004122143563131,-1.999643682264147
21.18,0.08381044842800112,1.1753185250798321,-1.897929435651634
21.19,0.08381044842800112,1.2755556517446962,-1.822240325287607
21.2,0.08381044842800112,1.2799240451925902,-1.5947194309299717
21.21,0.08381044842800112,1.7489804629891288,-1.9574545875297074
21.22,0.08381044842800112,1.4489978510569552,-2.0881394799774027
21.23,0.08381044842800112,1.2396615625373404,-1.4804667411989887
21.240000000000002,0.08381044842800112,1.3317516695017413,-1.6338378434125251
21.25,0.08381044842800112,1.4016732394748839,-2.1684706716388815
21.26,0.08381044842800112,0.9744689286965074,-1.9726118490760074
21.27,0.08381044842800112,1.385797314442394,-2.209972007463193
21.28,0.08381044842800112,1.1760135217000143,-2.160997635886239
21.29,0.08381044842800112,1.5792096713256436,-1.6786083564105876
21.3,0.08381044842800112,1.2012139091344745,-2.002225535385528
21.31,0.08381044842800112,1.0685436687565524,-1.973955827459927
21.32,0.08381044842800112,1.077931419967032,-1.7809675224225394
21.330000000000002,0.08381044842800112,0.9999115557038654,-1.9710007479508773
21.34,0.08381044842800112,0.916153419852084,-1.6046022670950952
21.35,0.08381044842800112,0.9699581468058769,-2.0135389686854923
21.36,0.08381044842800112,1.1197017583302793,-1.8037675981478623
21.37,0.08381044842800112,1.2522137606054367,-1.9727685574022211
21.38,0.08381044842800112,0.8714452591064087,-1.6959082268699641
21.39,0.08381044842800112,1.0418479022474663,-1.9719836586181905
21.400000000000002,0.08381044842800112,1.1923167227897065,-1.8572139668355054
21.41,0.08381044842800112,0.8070346719298835,-1.9224656299686382
21.42,0.08381044842800112,1.026762405662655,-1.8267005615711258
21.43,0.08381044842800112,0.8995691610741451,-1.5515620530259284
21.44,0.08381044842800112,0.5300464761727011,-1.9114477097960905
21.45,0.08381044842800112,0.8790253400202706,-1.6605321054329494
21.46,0.08381044842800112,0.8997535384585333,-1.9054232478083544
21.47,0.08381044842800112,0.737603890067038,-1.6691363195528965
21.48,0.08381044842800112,0.7572583511331908,-2.284039085289447
21.490000000000002,0.08381044842800112,0.48580141759244233,-1.9398400277206729
21.5,0.08381044842800112,1.258545456518349,-1.893374426336036
21.51,0.08381044842800112,0.858495800168119,-2.0511222045034145
21.52,0.08381044842800112,0.5650164437067267,-1.5025427190866028
21.53,0.08381044842800112,0.5259017348317472,-1.597228434131495
21.54,0.08381044842800112,0.5895970071313881,-1.9295712434186159
21.55,0.08381044842800112,0.7221688064549114,-1.8513903741476767
21.56,0.08381044842800112,0.446296936189973,-1.773390948408469
21.57,0.08381044842800112,0.589198070126195,-1.576833753808903
21.580000000000002,0.08381044842800112,0.5646425010932784,-1.8269299858788046
21.59,0.08381044842800112,0.5153503172840272,-1.9107069747842889
21.6,0.08381044842800112,0.6790472262648333,-2.0139694078175343
21.61,0.08381044842800112,0.4797265462678235,-1.8504520324698002
21.62,0.08381044842800112,0.6011187043196805,-1.9977190448985087
21.63,0.08381044842800112,0.34140511192695067,-1.9323703009402098
21.64,0.08381044842800112,0.35936916195060886,-1.918392640660832
21.650000000000002,0.08381044842800112,0.4006475508188698,-2.041140729008162
21.66,0.08381044842800112,0.5140762788643918,-1.7650863491129154
21.67,0.08381044842800112,0.4599096590793662,-1.7232810631090092
21.68,0.08381044842800112,0.5475656742056144,-1.7556875452186342
21.69,0.08381044842800112,0.7321936085945575,-2.1237999754790424
21.7,0.08381044842800112,0.3636825003691213,-2.0405777358959405
21.71,0.08381044842800112,0.11777516668761745,-1.9566105794418196
21.72,0.08381044842800112,0.309638062021961,-1.4679188672612575
21.73,0.08381044842800112,0.5202462881750347,-2.0140922425879126
21.740000000000002,0.08381044842800112,0.5505590055826324,-1.9301026004106168
21.75,0.08381044842800112,0.41603116466940904,-2.0189409431484684
21.76,0.08381044842800112,0.23205891456921818,-1.9089664035264475
21.77,0.08381044842800112,0.04895073899437977,-1.5534158703085927
21.78,0.08381044842800112,0.19262199623049714,-1.4828075263852836
21.79,0.08381044842800112,0.38145614236947023,-1.6870913373374985
21.8,0.08381044842800112,-0.0724879102368253,-1.8028840310408583
21.81,0.08381044842800112,0.39150736555319054,-1.8913960485821864
21.82,0.08381044842800112,0.20418004942832907,-1.928440251346353
21.830000000000002,0.08381044842800112,0.0065398826781950525,-1.638066065444773
21.84,0.08381044842800112,-0.14339495940409183,-1.8320857916885092
21.85,0.08381044842800112,-0.09432361086198865,-1.8251739003449854
21.86,0.08381044842800112,0.184894881778907,-1.6767081327314255
21.87,0.08381044842800112,0.2551809803515238,-1.5740458848281942
21.88,0.08381044842800112,0.4035426295343052,-1.6142472716242557
21.89,0.08381044842800112,0.11611562481050061,-1.7545342861780144
21.900000000000002,0.08381044842800112,0.2014515681901125,-1.548982532477882
21.91,0.08381044842800112,0.11172471485150196,-1.6536550536098646
21.92,0.08381044842800112,0.13632086737710308,-1.5224553509942496
21.93,0.08381044842800112,0.3596445509330674,-1.459588368887362
21.94,0.08381044842800112,-0.5194431099970839,-1.6908742701873565
21.95,0.08381044842800112,-0.12741400062148975,-1.8777915167201515
21.96,0.08381044842800112,0.10029804593889761,-1.6903293820248264
21.97,0.08381044842800112,-0.31903832193249265,-1.7897491952337123
21.98,0.08381044842800112,-0.023562539871726032,-1.5920455244607992
21.990000000000002,0.08381044842800112,-0.3599756070629905,-1.3416996766178517
22.0,0.08381044842800112,-0.3790964003301087,-1.7019953359608322
22.01,0.08381044842800112,-0.2224426005206042,-1.1007440446752434
22.02,0.08381044842800112,0.2793392094556863,-1.4534185379204392
22.03,0.08381044842800112,-0.14976606595655423,-1.671008082830876
22.04,0.08381044842800112,-0.3251753829889401,-1.4969236527770644
22.05,0.08381044842800112,-0.36311447904941396,-1.5308867543772937
22.06,0.08381044842800112,-0.5318510235338959,-1.6450631070516488
22.07,0.08381044842800112,-0.6841547633611971,-1.392988844357122
22.080000000000002,0.08381044842800112,-0.039001234757260556,-1.8218161179222616
22.09,0.08381044842800112,-0.011071323322541293,-1.54638774628488
22.1,0.08381044842800112,-0.4271384467945674,-1.8409060271415219
22.11,0.08381044842800112,-0.4384395581711771,-1.8019832638048832
22.12,0.08381044842800112,-0.5509337342093776,-1.731905045327252
22.13,0.08381044842800112,-0.3419329606446801,-1.4459595747014091
22.14,0.08381044842800112,-0.114351006220071,-1.821731941262564
22.150000000000002,0.08381044842800112,-0.44134702898023004,-1.580619033862752
22.16,0.08381044842800112,-0.5559949754535323,-1.4051800147661433
22.17,0.08381044842800112,-0.3752024736054296,-1.5456098896849078
22.18,0.08381044842800112,-0.5331296502073091,-1.2606282556257276
22.19,0.08381044842800112,-0.6879632838808577,-1.5056415541125323
22.2,0.08381044842800112,-0.1719292135290199,-1.4924529921063594
22.21,0.08381044842800112,-0.25465602213342525,-1.3698620255315503
22.22,0.08381044842800112,-0.241939143096965,-0.8588829040970141
22.23,0.08381044842800112,-0.36143097934819035,-1.326095093110451
22.240000000000002,0.08381044842800112,-0.38680781840838874,-1.4236406697750308
22.25,0.08381044842800112,-0.14292396113965677,-1.6627355757959807
22.26,0.08381044842800112,-0.46655339991209444,-1.3102490606644477
22.27,0.08381044842800112,-0.377615736081398,-1.3376908057748884
22.28,0.08381044842800112,-0.6112969416872405,-1.064253483982106
22.29,0.08381044842800112,-0.625597268473197,-1.3460040259479862
22.3,0.08381044842800112,-0.408775352513968,-1.455707344050198
22.31,0.08381044842800112,-0.3401384624167476,-1.4912771848477118
22.32,0.08381044842800112,-0.3166657606690072,-0.9156930483058772
22.330000000000002,0.08381044842800112,-0.484095897332052,-1.2670640291518294
22.34,0.08381044842800112,-0.4197938256759833,-1.220933862344143
22.35,0.08381044842800112,-0.7867150781804634,-1.0044206829881601
22.36,0.08381044842800112,-0.8986260327575599,-1.1641076325426358
22.37,0.08381044842800112,-0.42359653284125465,-1.345920005028722
22.38,0.08381044842800112,-0.754344251293478,-1.2712052839173664
22.39,0.08381044842800112,-0.5070238617056928,-0.9570396192304448
22.400000000000002,0.08381044842800112,-0.6605930111613609,-1.3169212788129296
22.41,0.08381044842800112,-0.6898586877003231,-1.5817842815739525
22.42,0.08381044842800112,-0.5101164903783647,-1.300180966742175
22.43,0.08381044842800112,-0.6094512965177522,-1.0949624672685403
22.44,0.08381044842800112,-1.1520910697162947,-0.8905188307344715
22.45,0.08381044842800112,-0.8993518776457419,-1.168426629236243
22.46,0.08381044842800112,-0.8588889164945656,-1.150698631323482
22.47,0.08381044842800112,-0.970363403394269,-1.3325205830861588
22.48,0.08381044842800112,-0.4181663739175201,-0.732815857776127
22.490000000000002,0.08381044842800112,-0.9702389782175936,-1.0687358533282096
22.5,0.08381044842800112,-0.6834774169756346,-0.9448628016361198
22.51,0.08381044842800112,-0.7640159020762063,-0.6768983448114144
22.52,0.08381044842800112,-0.5559336452321284,-1.0424447995684132
22.53,0.08381044842800112,-0.9664045022156983,-0.7741637688914984
22.54,0.08381044842800112,-1.1886542760533303,-1.0596901482919523
22.55,0.08381044842800112,-0.8380713406030113,-1.0961926380135891
22.56,0.08381044842800112,-0.9540210589555325,-0.9484412439519475
22.57,0.08381044842800112,-1.146495538474871,-0.8878489263599432
22.580000000000002,0.08381044842800112,-1.172510708156838,-1.1917500332380195
22.59,0.08381044842800112,-1.258116699313474,-0.9322469218651184
22.6,0.08381044842800112,-0.658192605937567,-0.9053115464696073
22.61,0.08381044842800112,-0.49704083272253785,-1.5805127571550543
22.62,0.08381044842800112,-0.5789060295023825,-0.6897074500937219
22.63,0.08381044842800112,-0.7104310673070426,-0.9592702452506509
22.64,0.08381044842800112,-0.9638018309219524,-1.0075561490463119
22.650000000000002,0.08381044842800112,-0.9839832655514525,-0.7973282000674093
22.66,0.08381044842800112,-0.8915790488684513,-1.0622154916731514
22.67,0.08381044842800112,-1.1644425849241837,-0.6781986685317885
22.68,0.08381044842800112,-1.0340824480673128,-0.687600434848649
22.69,0.08381044842800112,-0.9579561906993408,-0.5223244071434942
22.7,0.08381044842800112,-0.959742406087105,-0.6557508354540771
22.71,0.08381044842800112,-0.7982891098107427,-0.6930633498043148
22.72,0.08381044842800112,-1.063042629618001,-0.5362900327827642
22.73,0.08381044842800112,-1.2002600920154083,-0.7085140518605457
22.740000000000002,0.08381044842800112,-0.8653320774551007,-1.10589514640683
22.75,0.08381044842800112,-1.3200934126880144,-1.0059806571328465
22.76,0.08381044842800112,-0.8203315297981408,-0.30893259384391225
22.77,0.08381044842800112,-1.09904833117123,-0.4315885179001589
22.78,0.08381044842800112,-0.8651818327593463,-0.2915938116937836
22.79,0.08381044842800112,-1.3308313347489529,-0.45392077857213753
22.8,0.08381044842800112,-1.252326834634287,-0.9031794400100772
22.81,0.08381044842800112,-1.0038876086180966,-0.5274031333659194
22.82,0.08381044842800112,-0.7600731184844471,-0.6947087296028898
22.830000000000002,0.08381044842800112,-0.9997740897545088,-0.7174460811988694
22.84,0.08381044842800112,-1.0699091245367656,-0.6013063083058771
22.85,0.08381044842800112,-1.1075836483815924,-0.06932239198134182
22.86,0.08381044842800112,-1.4106447455810158,-0.44469592046697215
22.87,0.08381044842800112,-1.1875260794376525,-0.5260757653039216
22.88,0.08381044842800112,-0.9472819033104827,-0.4931492479496802
22.89,0.08381044842800112,-0.8085884593747552,-0.5340828015653662
22.900000000000002,0.08381044842800112,-0.9417289775845179,-0.2017438759782648
22.91,0.08381044842800112,-1.0287246621253485,-0.35360765215626444
22.92,0.08381044842800112,-1.2257748984669998,-0.3078679879607733
22.93,0.08381044842800112,-0.8080753745388702,-0.43896216694351675
22.94,0.08381044842800112,-1.3227930635349519,-0.6089488969998662
22.95,0.08381044842800112,-1.2279928900100203,-0.2891087251195626
22.96,0.08381044842800112,-1.0053101434778395,-0.21622097902534454
22.97,0.08381044842800112,-0.9528127228484795,-0.8195611082412207
22.98,0.08381044842800112,-1.0926420528342067,-0.200533272921021
22.990000000000002,0.08381044842800112,-1.116635922523698,-0.5934413086995969
23.0,0.08381044842800112,-0.7768339832648996,-0.09448664052860578
23.01,0.08381044842800112,-1.0842965609452222,-0.3353805172650593
23.02,0.08381044842800112,-1.3661636749262125,-0.6298989950214067
23.03,0.08381044842800112,-1.5405852623376952,-0.3241122615640897
23.04,0.08381044842800112,-1.318806175885956,-0.3304663453261161
23.05,0.08381044842800112,-1.3074987263459614,-0.26027538571069286
23.06,0.08381044842800112,-1.4773223276505194,-0.2662139760454341
23.07,0.08381044842800112,-0.9324106852416522,0.019049991032268343
23.080000000000002,0.08381044842800112,-1.4381065465753151,-0.034892193426669244
23.09,0.08381044842800112,-0.8765993959094203,-0.29059095179970873
23.1,0.08381044842800112,-1.5584479621580716,-0.3199156479705284
23.11,0.08381044842800112,-1.2400631658757053,-0.08256131405642446
23.12,0.08381044842800112,-0.7563824231831013,-0.4182977763653247
23.13,0.08381044842800112,-1.526256994397075,-0.12484087031433001
23.14,0.08381044842800112,-1.2024291302756822,-0.0327333849958612
23.150000000000002,0.08381044842800112,-1.0703032610022314,-0.0100090969718898
23.16,0.08381044842800112,-1.0263990397346416,0.0033903925420975672
23.17,0.08381044842800112,-1.0004145614123094,-0.5032110594817457
23.18,0.08381044842800112,-1.415258058640049,-0.1687988310159184
23.19,0.08381044842800112,-1.2018548320190487,-0.138524794388455
23.2,0.08381044842800112,-0.9326633229130536,-0.08364940654163847
23.21,0.08381044842800112,-1.1112288835976336,0.19853083814576905
23.22,0.08381044842800112,-1.4328025088442555,-0.15344488425900066
23.23,0.08381044842800112,-1.3932116658361808,-0.05866349605344205
23.240000000000002,0.08381044842800112,-1.0681479200694604,0.0076540283523084
23.25,0.08381044842800112,-1.1492151914471784,0.18505879540752504
23.26,0.08381044842800112,-1.164778689875208,-0.26885611730374387
23.27,0.08381044842800112,-1.0277519004715816,-0.01751976225001807
23.28,0.08381044842800112,-1.0358981862058083,-0.3798516294569797
23.29,0.08381044842800112,-1.336618338661064,0.29444893908574044
23.3,0.08381044842800112,-1.0553895210245732,0.2362724927237343
23.31,0.08381044842800112,-1.180815277389296,-0.30881929282998466
23.32,0.08381044842800112,-1.1919643799932287,0.13383867213743322
23.330000000000002,0.08381044842800112,-1.0634009075704296,0.14642582006186064
23.34,0.08381044842800112,-1.5317668848625645,-0.18703394836582754
23.35,0.08381044842800112,-1.0841282923925861,-0.18521330992583357
23.36,0.08381044842800112,-1.0282572748093115,0.04485300244135322
23.37,0.08381044842800112,-1.0794773656670664,0.2562133005555413
23.38,0.08381044842800112,-0.6422984313772282,0.011015885286587007
23.39,0.08381044842800112,-1.0252535634180306,-0.23153127986206237
23.400000000000002,0.08381044842800112,-0.7793855421446453,0.4052059317207738
23.41,0.08381044842800112,-0.982860440124586,0.30445854330138666
23.42,0.08381044842800112,-0.9042939621343363,0.2575410816186764
23.43,0.08381044842800112,-0.8683720968499039,0.3243143069741725
23.44,0.08381044842800112,-1.3487894711014798,0.5152130637379557
23.45,0.08381044842800112,-1.462763605297402,0.5390213679168614
23.46,0.08381044842800112,-1.0769296883173674,-0.14761322877803532
23.47,0.08381044842800112,-1.1329586290579101,0.23136266171157824
23.48,0.08381044842800112,-1.2485543801125478,0.03445260886376442
23.490000000000002,0.08381044842800112,-0.8531231940457854,0.3901755145764369
23.5,0.08381044842800112,-0.9221105412471683,0.65450797303565
23.51,0.08381044842800112,-1.223071143105066,0.1654432705183979
23.52,0.08381044842800112,-1.012062056911652,0.36019650668652703
23.53,0.08381044842800112,-0.9970398034387865,0.3307847230202026
23.54,0.08381044842800112,-1.4351568488407274,0.2893614841459503
23.55,0.08381044842800112,-0.5878865214839533,0.27346677090244387
23.56,0.08381044842800112,-0.8387236073205133,0.4501436719086759
23.57,0.08381044842800112,-1.0637755793955535,-0.04634817626230614
23.580000000000002,0.08381044842800112,-0.896339727265473,0.058734876799129365
23.59,0.08381044842800112,-1.1428620660955877,0.3086568105450985
23.6,0.08381044842800112,-0.9780319343132616,0.3097171235597026
23.61,0.08381044842800112,-1.1155715651810243,0.20354208728990575
23.62,0.08381044842800112,-0.7661193387187182,0.40622957304261714
23.63,0.08381044842800112,-1.0271304925019582,0.23551874678902635
23.64,0.08381044842800112,-0.7953262552542936,0.5169712385580477
23.650000000000002,0.08381044842800112,-0.8026837421503955,0.566438963818871
23.66,0.08381044842800112,-1.1223406895607946,0.341184101572363
23.67,0.08381044842800112,-1.425194221174667,0.48291205083334465
23.68,0.08381044842800112,-0.904035953834554,0.8801844213597645
23.69,0.08381044842800112,-0.9192749172607119,0.3445138447058229
23.7,0.08381044842800112,-0.8180618705709718,0.2607988722164545
23.71,0.08381044842800112,-1.326029733509179,0.6709166718111685
23.72,0.08381044842800112,-1.0306009108346281,0.26766635667749494
23.73,0.08381044842800112,-1.2148200036853751,0.6328105052000057
23.740000000000002,0.08381044842800112,-0.5812234267608996,0.11846285682917929
23.75,0.08381044842800112,-1.3184473702362163,0.5897717206281627
23.76,0.08381044842800112,-0.6329324756686704,0.5516555625005165
23.77,0.08381044842800112,-1.1351084167737828,0.833900767276468
23.78,0.08381044842800112,-1.3344732717988435,0.3864085992912869
23.79,0.08381044842800112,-1.252841216599768,0.6221481356577757
23.8,0.08381044842800112,-1.0094002289743311,0.792940146889992
23.81,0.08381044842800112,-1.3740891699561322,0.7801693907585411
23.82,0.08381044842800112,-0.842392389280263,0.7007125221330279
23.830000000000002,0.08381044842800112,-0.941007799895044,0.3327763082109737
23.84,0.08381044842800112,-1.0615623893471833,0.3406889355828509
23.85,0.08381044842800112,-0.9714797728063967,0.6315894173433961
23.86,0.08381044842800112,-0.9834298510736633,0.7601491643532278
23.87,0.08381044842800112,-0.6501210989752457,0.575775588220547
23.88,0.08381044842800112,-1.1479848290288077,0.7412800788245435
23.89,0.08381044842800112,-0.6939186374029293,0.7703234479120161
23.900000000000002,0.08381044842800112,-0.520714072241195,0.6295224904088692
23.91,0.08381044842800112,-1.2467651326932354,0.49813290227971585
23.92,0.08381044842800112,-1.0171462803786828,0.7893552950484088
23.93,0.08381044842800112,-1.2954493632764572,0.7679211615570163
23.94,0.08381044842800112,-0.5656458194665023,0.0771002307237425
23.95,0.08381044842800112,-1.0413641109940164,0.7600339876401775
23.96,0.08381044842800112,-0.8456776483113554,0.6370381753915537
23.97,0.08381044842800112,-0.8407110227910197,0.7701788208882333
23.98,0.08381044842800112,-0.8089753632512797,0.9472613841493467
23.990000000000002,0.08381044842800112,-0.8238955430298468,0.8471894710942297
24.0,0.08381044842800112,-0.4470506247115579,0.8772922011964379
24.01,0.08381044842800112,-0.9248669645276552,0.5303427268807873
24.02,0.08381044842800112,-0.2693440643089636,0.12473309757961537
24.03,0.08381044842800112,-0.767509734826504,0.4950491676620027
24.04,0.08381044842800112,-0.9885245856845608,0.6217644977104594
24.05,0.08381044842800112,-0.8297027530867463,0.6985048129429501
24.060000000000002,0.08381044842800112,-0.551802359582539,0.5139376676631252
24.07,0.08381044842800112,-0.8029176712842684,0.3691344612782511
24.080000000000002,0.08381044842800112,-1.0902733298852074,0.7774007526685732
24.09,0.08381044842800112,-0.7171323634030295,1.0804305331065924
24.1,0.08381044842800112,-0.7162818227240121,0.9981894994525986
24.11,0.08381044842800112,-0.4827443433198909,0.6953896096596164
24.12,0.08381044842800112,-1.017802022553072,0.9204064438636587
24.13,0.08381044842800112,-1.0975797411494714,0.6610685346109338
24.14,0.08381044842800112,-1.0469559836620606,0.8214574693173978
24.150000000000002,0.08381044842800112,-0.615569924690532,1.0166399804634567
24.16,0.08381044842800112,-0.8137995328949572,0.6117589216785055
24.17,0.08381044842800112,-0.5778665195453526,0.9309162171816021
24.18,0.08381044842800112,-0.5495705412627434,0.977861500383029
24.19,0.08381044842800112,-0.7094512702394443,0.8709443769618443
24.2,0.08381044842800112,-0.7441373115853298,0.8433105405236575
24.21,0.08381044842800112,-0.6029179541454521,1.0923232289210594
24.22,0.08381044842800112,-0.6772630036580982,0.6335489603055847
24.23,0.08381044842800112,-0.7722648094197462,0.7770925452982198
24.240000000000002,0.08381044842800112,-0.696639065282351,0.6505204246476493
24.25,0.08381044842800112,-0.7233827235854191,0.9083775403720049
24.26,0.08381044842800112,-0.4544374109652296,0.8392044915055227
24.27,0.08381044842800112,-0.9377282640809067,0.8125746801341661
24.28,0.08381044842800112,-1.0790908568401367,1.124265048768869
24.29,0.08381044842800112,-0.7395665498318355,0.38769845789888313
24.3,0.08381044842800112,-0.7495610786801483,0.6320963764365253
24.310000000000002,0.08381044842800112,-0.6433224961591497,0.7819113204484571
24.32,0.08381044842800112,-0.4152493004161051,0.8818200870832194
24.330000000000002,0.08381044842800112,-0.6572443047386155,0.8419739164331015
24.34,0.08381044842800112,-0.621868192377166,0.6112785521913777
24.35,0.08381044842800112,-0.13204124098092163,1.042483306346103
24.36,0.08381044842800112,-0.8239849702338449,1.0710347084889082
24.37,0.08381044842800112,-0.2715859333073191,0.8279107890589606
24.38,0.08381044842800112,-0.33619414735006226,1.016690991271786
24.39,0.08381044842800112,-0.7668453966618469,0.8172777622832631
24.400000000000002,0.08381044842800112,-0.5602119120845659,0.8702976940846755
24.41,0.08381044842800112,-0.8563336119666201,0.6680701953402983
24.42,0.08381044842800112,-0.3500670253484083,0.960932926583524
24.43,0.08381044842800112,-0.6066814046696898,0.7092240782673472
24.44,0.08381044842800112,-0.48732495646132545,0.8664464829665286
24.45,0.08381044842800112,-0.5490230706600177,0.7452776189600681
24.46,0.08381044842800112,-0.3682841745363007,0.8289741262401015
24.47,0.08381044842800112,-0.3394813524112772,0.880631498252273
24.48,0.08381044842800112,-0.4444105224143084,0.9302375643060756
24.490000000000002,0.08381044842800112,-0.32026011545431665,0.907653964938338
24.5,0.08381044842800112,-0.5238637965135573,0.9409406467511418
24.51,0.08381044842800112,-0.36005794981508604,0.8718465784645586
24.52,0.08381044842800112,-0.42741956334778586,1.0067546981121187
24.53,0.08381044842800112,-0.2835141865642049,1.123581456263858
24.54,0.08381044842800112,-0.14099001731220306,0.8655788897607903
24.55,0.08381044842800112,-0.6814770465880748,0.8081461592949952
24.560000000000002,0.08381044842800112,-0.27938769115174533,0.6420420737900677
24.57,0.08381044842800112,-0.5509396113972908,0.8967088141033461
24.580000000000002,0.08381044842800112,-0.4700953968141003,1.3168091190811613
24.59,0.08381044842800112,-0.23280946847964945,0.8417850386393021
24.6,0.08381044842800112,-0.06259661378687298,0.794052044843547
24.61,0.08381044842800112,0.1557553452583637,0.8286435944219642
24.62,0.08381044842800112,-0.13589820115225587,1.1121275672946689
24.63,0.08381044842800112,-0.3857034365737234,0.9970562175516402
24.64,0.08381044842800112,-0.5194121819959107,0.814192073408458
24.650000000000002,0.08381044842800112,-0.8682294742802545,0.7530151370529992
24.66,0.08381044842800112,-0.1233235752945473,0.9356261320493153
24.67,0.08381044842800112,-0.37175428055754123,1.1027295936355206
24.68,0.08381044842800112,-0.2645111353937555,0.9638448700629425
24.69,0.08381044842800112,-0.17561334604925374,0.8971278221798961
24.7,0.08381044842800112,-0.36764002861006734,1.2432764686221027
24.71,0.08381044842800112,-0.12209986573694995,0.5832172161100073
24.72,0.08381044842800112,-0.7604767112190639,1.1570834860210941
24.73,0.08381044842800112,-0.26359933583261297,0.8905190616962586
24.740000000000002,0.08381044842800112,-0.1470351255924725,0.9048105447058801
24.75,0.08381044842800112,0.15259356965151044,0.843158985684144
24.76,0.08381044842800112,0.09064635109754113,0.8057662564937249
24.77,0.08381044842800112,-0.35978328166828555,0.6787550833117848
24.78,0.08381044842800112,-0.3234296808530971,1.0816243725432169
24.79,0.08381044842800112,-0.3207940164101891,1.1273152200460745
24.8,0.08381044842800112,0.18867168164822307,0.5520366220605862
24.810000000000002,0.08381044842800112,0.0210393096424496,0.5182624079446643
24.82,0.08381044842800112,0.2866468911943497,0.7986557155600135
24.830000000000002,0.08381044842800112,-0.2561869234961071,0.7824871533677227
24.84,0.08381044842800112,-0.17683207520804733,0.9616339741762587
24.85,0.08381044842800112,-0.06312987818713121,0.3263707760317166
24.86,0.08381044842800112,0.08037054752541953,0.9942691696249468
24.87,0.08381044842800112,-0.4685075462363766,0.7422999157497663
24.88,0.08381044842800112,-0.3769019101200528,1.2134116421860597
24.89,0.08381044842800112,-0.11389420667258635,0.6841678855441513
24.900000000000002,0.08381044842800112,0.08098631281266215,0.9930793035368659
24.91,0.08381044842800112,-0.2338662889642678,0.6224435367840752
24.92,0.08381044842800112,-0.06456008438255688,1.1192671063451605
24.93,0.08381044842800112,-0.02951631987585806,0.9556686592100486
24.94,0.08381044842800112,-0.21628867903002072,0.7378350117755438
24.95,0.08381044842800112,-0.2625735351846037,0.7400869852862888
24.96,0.08381044842800112,-0.08710560981230248,0.8091622127222349
24.97,0.08381044842800112,0.12426684585554257,0.7772517025676374
24.98,0.08381044842800112,-0.14988704356296884,0.7462981136394155
24.990000000000002,0.08381044842800112,0.039077068757938864,0.661310433530413
25.0,0.08381044842800112,-0.0006966611345698304,0.7683775254312217
25.01,0.08381044842800112,-0.04022385996806199,0.8258068669986366
25.02,0.08381044842800112,-0.07663659908008219,0.5067582441247028
25.03,0.08381044842800112,-0.09225304256195102,0.8679379483101961
25.04,0.08381044842800112,0.30165137183538016,0.9823332341166836
25.05,0.08381044842800112,-0.25639645232017616,0.7157541619104424
25.060000000000002,0.08381044842800112,0.2689100490846222,0.6864715480858887
25.07,0.08381044842800112,0.5017648392386732,0.7552233550489008
25.080000000000002,0.08381044842800112,-0.08537092755274954,0.5521871144474666
25.09,0.08381044842800112,-0.028372195733398706,0.6718168686334884
25.1,0.08381044842800112,0.35838618648428994,0.8970408693917876
25.11,0.08381044842800112,0.18077578641629788,0.6665762702111883
25.12,0.08381044842800112,0.20085687834854754,0.7785772177709624
25.13,0.08381044842800112,-0.10107545101133728,0.7165740867934741
25.14,0.08381044842800112,0.2440575247635201,0.713589490997883
25.150000000000002,0.08381044842800112,-0.22851642864332197,0.5082245780059375
25.16,0.08381044842800112,0.21011618612801247,0.5445195390050969
25.17,0.08381044842800112,0.2580839474006038,0.5297757449400152
25.18,0.08381044842800112,0.16776792253944356,0.9798881900342719
25.19,0.08381044842800112,-0.19198109824790022,0.59925927785686
25.2,0.08381044842800112,0.09308978772579868,0.9515461062393104
25.21,0.08381044842800112,0.3610309545875381,0.5332428711213594
25.22,0.08381044842800112,0.08777293647824407,0.7626067526175923
25.23,0.08381044842800112,0.26168322293700086,0.6299911618502917
25.240000000000002,0.08381044842800112,0.28762765375821464,0.6448924363802035
25.25,0.08381044842800112,0.116422329559815,0.613168021436353
25.26,0.08381044842800112,0.12640382579941098,0.7082795712295902
25.27,0.08381044842800112,0.4965727768612309,1.0114385824182857
25.28,0.08381044842800112,0.18366075142361443,0.6135027636801813
25.29,0.08381044842800112,0.14676750518003834,0.7667697425033319
25.3,0.08381044842800112,0.07519485696410558,0.6027864172783578
25.310000000000002,0.08381044842800112,0.2669770238643915,0.4372390875307971
25.32,0.08381044842800112,0.22002957847259555,0.7779948821539294
25.330000000000002,0.08381044842800112,0.1329483224525408,0.8879413748872159
25.34,0.08381044842800112,0.334352660292536,0.7312338703434456
25.35,0.08381044842800112,0.2981616679152299,0.8410659728266193
25.36,0.08381044842800112,0.23754217928621932,0.8498161243019376
25.37,0.08381044842800112,0.41335590169485703,1.0540972963997266
25.38,0.08381044842800112,0.37797061881604516,0.4230300598857364
25.39,0.08381044842800112,0.19548179019315715,0.5313756732908473
25.400000000000002,0.08381044842800112,0.1394737054268165,0.4486441787244422
25.41,0.08381044842800112,0.6125078164385389,0.5595914597979488
25.42,0.08381044842800112,-0.00731360880315074,0.8257071759692778
25.43,0.08381044842800112,0.1372622539635633,0.7134569305964626
25.44,0.08381044842800112,0.551846769562347,0.44319827005123846
25.45,0.08381044842800112,0.13547176642330502,0.8845865337214186
25.46,0.08381044842800112,0.29533733900883613,0.779646519407571
25.47,0.08381044842800112,0.3805641188486923,0.6214867905625415
25.48,0.08381044842800112,0.5578220064496672,0.5615324022088481
25.490000000000002,0.08381044842800112,0.49402614735915334,0.5494920376754648
25.5,0.08381044842800112,0.27102253696124257,0.4337421691537141
25.51,0.08381044842800112,0.11782891634477971,0.48215560480382946
25.52,0.08381044842800112,0.6337012195224094,0.42678347517791615
25.53,0.08381044842800112,0.1717334281863369,1.1776681166079304
25.54,0.08381044842800112,0.002611277135388834,0.26671849728486474
25.55,0.08381044842800112,0.19399267879511406,0.7658265246042402
25.560000000000002,0.08381044842800112,0.5395957240559076,0.38089210509326443
25.57,0.08381044842800112,0.6439086111640134,0.5337111658705029
25.580000000000002,0.08381044842800112,0.6789011042445795,0.8076906595501356
25.59,0.08381044842800112,0.39619659371406146,0.6896595136397061
25.6,0.08381044842800112,0.48710177115742853,0.7775923919056784
25.61,0.08381044842800112,0.16116612827136195,0.36810137201259874
25.62,0.08381044842800112,0.35857714786520734,0.6521001149227967
25.63,0.08381044842800112,0.12727944418124937,0.4395925744126531
25.64,0.08381044842800112,0.43588851846912596,0.45539419464948294
25.650000000000002,0.08381044842800112,0.30309352900544434,0.4182386494628284
25.66,0.08381044842800112,0.11678117942170835,0.42697510821829454
25.67,0.08381044842800112,0.20699973596701138,0.42840301561001426
25.68,0.08381044842800112,0.4842484479459589,0.6595678625745541
25.69,0.08381044842800112,0.5937347313804145,0.3908049917564773
25.7,0.08381044842800112,0.5812235205939877,0.3484003950525224
25.71,0.08381044842800112,0.5755039528164025,0.6392930612934177
25.72,0.08381044842800112,0.3820307462355986,0.8171646274318412
25.73,0.08381044842800112,0.5909987193140096,0.41440818579412353
25.740000000000002,0.08381044842800112,0.26050389594627793,0.237463868729809
25.75,0.08381044842800112,0.47348714966677213,0.5608137411877232
25.76,0.08381044842800112,0.49530577018476607,0.5341740708823642
25.77,0.08381044842800112,0.4735103196749281,0.5663451905040172
25.78,0.08381044842800112,0.7773814135730519,0.2995737308552042
25.79,0.08381044842800112,0.8218843361830395,0.45171530668613785
25.8,0.08381044842800112,0.6402454482072326,0.34729078097711547
25.810000000000002,0.08381044842800112,0.4567042243635612,0.20272406392462383
25.82,0.08381044842800112,0.6214957232218022,0.3780821282975505
25.830000000000002,0.08381044842800112,0.5357889925012346,0.14427142726780193
25.84,0.08381044842800112,0.47645125602780003,0.4937564507148486
25.85,0.08381044842800112,0.7676786280762171,0.5271639294086228
25.86,0.08381044842800112,0.9693692060072094,0.39408315391950305
25.87,0.08381044842800112,0.3608736945238981,0.4703075328518893
25.88,0.08381044842800112,0.4423544425563861,0.5135852767228216
25.89,0.08381044842800112,0.49662812568040976,0.5198934029773146
25.900000000000002,0.08381044842800112,0.5084940759546059,0.3460608495570873
25.91,0.08381044842800112,0.5073908459040958,0.4511804162537044
25.92,0.08381044842800112,0.6718805556842771,0.23347979432958185
25.93,0.08381044842800112,0.5158588844707009,0.07450701683867111
25.94,0.08381044842800112,0.6844060653306311,0.28609050346625114
25.95,0.08381044842800112,0.31954631638594977,0.4061991523341915
25.96,0.08381044842800112,0.38293387641647936,0.048272082876561095
25.97,0.08381044842800112,0.21958018536900498,-0.019767961025163594
25.98,0.08381044842800112,0.18188169031428514,0.5074082643164386
25.990000000000002,0.08381044842800112,0.521527093429607,0.5449560768200745
26.0,0.08381044842800112,0.5188387593354018,0.5186071636985625
26.01,0.08381044842800112,0.6354650154695793,0.3609986245828514
26.02,0.08381044842800112,0.5560019515495278,-0.031610911506071926
26.03,0.08381044842800112,0.6007433200006602,0.0028296994863082903
26.04,0.08381044842800112,0.7006496699427207,-0.12077241976731035
26.05,0.08381044842800112,0.7953861845009416,0.2439964369430788
26.060000000000002,0.08381044842800112,0.4718261170068983,0.47534899336249514
26.07,0.08381044842800112,0.7764446415512332,0.3037307931067968
26.080000000000002,0.08381044842800112,0.5568526029379632,0.43788933085645265
26.09,0.08381044842800112,0.30749655413407523,0.2205708221810967
26.1,0.08381044842800112,0.6031280594945038,0.4248721859087813
26.11,0.08381044842800112,0.6344511623439895,0.3704127277224829
26.12,0.08381044842800112,0.4175126066735477,0.23944108085211052
26.13,0.08381044842800112,0.6038349357917234,0.2868206816394896
26.14,0.08381044842800112,0.7065718089692761,0.4468872875845359
26.150000000000002,0.08381044842800112,0.40592854471337814,-0.12605703326395387
26.16,0.08381044842800112,0.7496586650279883,0.33658045454100827
26.17,0.08381044842800112,0.2757283532387384,0.21189469136960698
26.18,0.08381044842800112,0.8559448461518968,0.024942310952343144
26.19,0.08381044842800112,0.501044563258921,-0.12888836542993615
26.2,0.08381044842800112,0.49737080400369327,0.45932968408132
26.21,0.08381044842800112,0.9595572955739351,0.32386857540635405
26.22,0.08381044842800112,0.3928050681735684,0.1996301246342524
26.23,0.08381044842800112,0.27221719797543326,0.16537477071887283
26.240000000000002,0.08381044842800112,0.836302975749395,0.25685804266095497
26.25,0.08381044842800112,0.3984387851549,0.30901883042246325
26.26,0.08381044842800112,0.5631204753103204,-0.009437796262692283
26.27,0.08381044842800112,0.6155817478794546,0.1325490271818503
26.28,0.08381044842800112,0.43805020570462516,0.3958931612325364
26.29,0.08381044842800112,0.4478122436769958,0.19924104544604404
26.3,0.08381044842800112,0.5781890632435817,-0.2253346160684675
26.310000000000002,0.08381044842800112,0.5938471953648127,-0.09217204872659042
26.32,0.08381044842800112,0.649698175298,0.1364775292080721
26.330000000000002,0.08381044842800112,0.7553870516989566,-0.18918108374141668
26.34,0.08381044842800112,0.7181966618813188,0.3717400373092019
26.35,0.08381044842800112,0.9123247064065221,-0.09184086251193481
26.36,0.08381044842800112,0.3551974726874787,0.44400104466008844
26.37,0.08381044842800112,0.6002992058520675,-0.41628339504725076
26.38,0.08381044842800112,0.5404529257551843,-0.2674381478225512
26.39,0.08381044842800112,0.541500621820468,0.2768492077244803
26.400000000000002,0.08381044842800112,0.6995128500403727,-0.02667004215518845
26.41,0.08381044842800112,0.8934712759093799,0.2671138904706751
26.42,0.08381044842800112,0.6766685617087687,-0.1803032045317018
26.43,0.08381044842800112,0.6105785009986303,-0.2991226538509501
26.44,0.08381044842800112,0.919431425252745,-0.18611743031840977
26.45,0.08381044842800112,0.5061287790256025,0.13987894452861505
26.46,0.08381044842800112,0.5246718550965264,-0.021820001770600218
26.47,0.08381044842800112,0.638359337568643,-0.24445277726728365
26.48,0.08381044842800112,0.6759103645949462,-0.03568702887686335
26.490000000000002,0.08381044842800112,0.8741679030608555,-0.12450974897490687
26.5,0.08381044842800112,0.4987578747884956,-0.30632063114761343
26.51,0.08381044842800112,0.7554369714052883,-0.04884692473699401
26.52,0.08381044842800112,0.8977028063620849,0.12632799703143827
26.53,0.08381044842800112,0.18921745143634044,-0.024609350128282196
26.54,0.08381044842800112,0.8660876920314733,0.14160014000100338
26.55,0.08381044842800112,0.640447807822919,-0.3035317319462181
26.560000000000002,0.08381044842800112,0.3537061271895932,-0.07519821803505125
26.57,0.08381044842800112,0.6118527793020498,-0.49171957235449587
26.580000000000002,0.08381044842800112,0.6834090574515603,-0.06263903319454348
26.59,0.08381044842800112,0.5310206372780177,0.07097065249847906
26.6,0.08381044842800112,0.9973599135234017,0.011023158433001223
26.61,0.08381044842800112,0.5253817165843364,-0.19930301668559924
26.62,0.08381044842800112,0.6151157781668561,0.0018211681382646339
26.63,0.08381044842800112,0.43708031092103383,-0.11672217318834499
26.64,0.08381044842800112,0.4705903946181099,-0.18127920643949674
26.650000000000002,0.08381044842800112,0.6003955125902403,-0.12535781281682895
26.66,0.08381044842800112,0.6877127184048577,-0.3822222504728857
26.67,0.08381044842800112,0.63100001031181,0.10981558540447771
26.68,0.08381044842800112,0.5622682799359335,-0.4155112878415785
26.69,0.08381044842800112,0.32840218341809985,0.04338237856665236
26.7,0.08381044842800112,0.5140325895912266,0.19132359049804482
26.71,0.08381044842800112,0.31568398336601594,0.03445613126992257
26.72,0.08381044842800112,0.6024995871349563,-0.4676942099543986
26.73,0.08381044842800112,0.6227369136094444,-0.19724156138152305
26.740000000000002,0.08381044842800112,0.714475225967427,-0.03896342667235872
26.75,0.08381044842800112,0.706103058272264,0.28197110751563487
26.76,0.08381044842800112,0.7075894079763907,-0.49071468959419196
26.77,0.08381044842800112,0.6652656122578838,-0.10666098884821301
26.78,0.08381044842800112,1.1178947005205266,0.08250210607857394
26.79,0.08381044842800112,0.4370235108915481,-0.046742246029120846
26.8,0.08381044842800112,0.5255701260425929,-0.5962389721581145
26.810000000000002,0.08381044842800112,0.4683064715403365,0.18308339182529312
26.82,0.08381044842800112,0.6163060301600047,0.13697949131409526
26.830000000000002,0.08381044842800112,0.6518652849951267,-0.18939086469587402
26.84,0.08381044842800112,0.8710120304519791,-0.15387390466429704
26.85,0.08381044842800112,0.4131857002007234,-0.22061257129989537
26.86,0.08381044842800112,0.1984604320562693,-0.09435446344365128
26.87,0.08381044842800112,0.7801075420436512,-0.19781354335972948
26.88,0.08381044842800112,0.5778320593211742,-0.10054339663057776
26.89,0.08381044842800112,0.4441903531471708,-0.20720168866573566
26.900000000000002,0.08381044842800112,0.8658499353861764,-0.20933995078764198
26.91,0.08381044842800112,0.5675598887422179,-0.16372050487010803
26.92,0.08381044842800112,0.621353352380459,-0.24873663768631638
26.93,0.08381044842800112,0.5250585915544057,-0.28254083362995946
26.94,0.08381044842800112,0.3205365104930506,-0.285099385310853
26.95,0.08381044842800112,0.38254470777244165,-0.26511950422739367
26.96,0.08381044842800112,0.6327822840777698,-0.52076410600822
26.97,0.08381044842800112,0.8374501952346887,-0.026673430266037718
26.98,0.08381044842800112,0.845858761096729,-0.28539608866443245
26.990000000000002,0.08381044842800112,0.6576184399320836,-0.24808647761302724
27.0,0.08381044842800112,0.5178033666803937,-0.33354900859328146
27.01,0.08381044842800112,0.5181353525512521,-0.08136279723300541
27.02,0.08381044842800112,0.6136541083052655,-0.30319747041510337
27.03,0.08381044842800112,0.025509831555317164,-0.2292485710233305
27.04,0.08381044842800112,0.7103224042064306,-0.2607289197895654
27.05,0.08381044842800112,0.1970664358427962,-0.2284621925779113
27.060000000000002,0.08381044842800112,0.5763992117103433,-0.5698966637001974
27.07,0.08381044842800112,0.3754813515502878,-0.2515685779860537
27.080000000000002,0.08381044842800112,0.5309866193143127,-0.03482674767756813
27.09,0.08381044842800112,0.7148472734873723,-0.08233264776068108
27.1,0.08381044842800112,0.591560386539779,0.12134184250806218
27.11,0.08381044842800112,0.2564575531842662,-0.1286481169326055
27.12,0.08381044842800112,0.6073292814115017,-0.40225250491488695
27.13,0.08381044842800112,0.4510488897664484,-0.4106208784071047
27.14,0.08381044842800112,0.28516483641565804,0.012286035808561302
27.150000000000002,0.08381044842800112,0.9589195079397146,-0.26351216075157846
27.16,0.08381044842800112,0.1326225328849212,-0.0805143948769286
27.17,0.08381044842800112,0.46452929375104834,-0.16063541239473308
27.18,0.08381044842800112,0.6284631493185575,-0.3699955966443882
27.19,0.08381044842800112,0.7325725113969854,-0.3810542106860282
27.2,0.08381044842800112,0.7331888854219694,-0.5671233504666515
27.21,0.08381044842800112,0.4516023207526884,-0.488511261880625
27.22,0.08381044842800112,0.5853217083562641,-0.4352899529854982
27.23,0.08381044842800112,0.5044196146830192,-0.3477276132038219
27.240000000000002,0.08381044842800112,0.5507261415894468,-0.3374622585694155
27.25,0.08381044842800112,0.3999889663475014,-0.12798656444386275
27.26,0.08381044842800112,0.5703767844547064,-0.2599325561776844
27.27,0.08381044842800112,0.2516902077748473,-0.5301191969363932
27.28,0.08381044842800112,0.2879510291756935,-0.5064144008979854
27.29,0.08381044842800112,0.5703741252537238,-0.3343151899667294
27.3,0.08381044842800112,0.4926707355823191,-0.6309986929475349
27.310000000000002,0.08381044842800112,0.4290487423383214,-0.3778436518685024
27.32,0.08381044842800112,0.17204939111143402,-0.47101990317180875
27.330000000000002,0.08381044842800112,0.30611376244867466,0.009968682690536024
27.34,0.08381044842800112,0.016692749899430204,-0.07878246962456137
27.35,0.08381044842800112,0.49954443689086686,-0.3780602830188497
27.36,0.08381044842800112,0.8596735634837556,0.03260483874135239
27.37,0.08381044842800112,0.3693225495543837,-0.06261405056288671
27.38,0.08381044842800112,0.350622835594951,-0.2766343374925624
27.39,0.08381044842800112,0.3559195462344945,-0.7304075906882657
27.400000000000002,0.08381044842800112,0.016921218143071404,-0.454609157819876
27.41,0.08381044842800112,0.4360926368801193,-0.4053515206558144
27.42,0.08381044842800112,0.25517833582300103,-0.33565829659733987
27.43,0.08381044842800112,0.689004894622057,-0.25471780359509844
27.44,0.08381044842800112,0.6250730555077544,-0.22021362931671815
27.45,0.08381044842800112,0.22368599794053579,-0.4767685284785851
27.46,0.08381044842800112,0.6422121261406097,-0.35941052149451663
27.47,0.08381044842800112,0.3198866471659348,-0.6188490848471628
27.48,0.08381044842800112,0.6582483605270701,-0.1289208936247218
27.490000000000002,0.08381044842800112,0.54603149072347,-0.36368534514018197
27.5,0.08381044842800112,0.1298135036732429,-0.40762635840206474
27.51,0.08381044842800112,0.8005501225455568,-0.2462688504846552
27.52,0.08381044842800112,0.580837243257607,-0.5714350605701222
27.53,0.08381044842800112,0.20029548476869694,-0.6470754829204257
27.54,0.08381044842800112,0.5179889024732764,-0.2539251915976183
27.55,0.08381044842800112,0.457391979169849,0.03817285463393366
27.560000000000002,0.08381044842800112,0.15289917874848116,-0.5343777916361909
27.57,0.08381044842800112,0.5185077337959082,-0.33129157447343865
27.580000000000002,0.08381044842800112,0.37924189894825394,-0.8434320998171585
27.59,0.08381044842800112,0.29153786692067263,-0.42274771423021257
27.6,0.08381044842800112,0.48076048535747107,-0.34979163002458774
27.61,0.08381044842800112,0.6146845073349183,-0.3258270884000072
27.62,0.08381044842800112,0.08657283259292198,-0.30599048163928333
27.63,0.08381044842800112,0.18980116210644044,-0.46783763874730827
27.64,0.08381044842800112,0.23303455714938495,-0.45856966142841166
27.650000000000002,0.08381044842800112,0.3855589867574333,-0.49882980490623763
27.66,0.08381044842800112,0.4827976001371693,-0.4934001752590215
27.67,0.08381044842800112,0.11478482184619082,-0.49396127614924884
27.68,0.08381044842800112,0.4496199324762917,-0.5300429821311504
27.69,0.08381044842800112,0.5413029297999592,-0.5045683473347622
27.7,0.08381044842800112,0.3485070426472216,-0.2913150864484273
27.71,0.08381044842800112,0.36980507982899385,-0.3873166334997233
27.72,0.08381044842800112,0.372729694756269,-0.65625770989524
27.73,0.08381044842800112,0.26637245251643904,-0.4972316083959496
27.740000000000002,0.08381044842800112,0.7022000949512803,-0.18290464982878596
27.75,0.08381044842800112,0.39498671303268423,-0.24223305831232053
27.76,0.08381044842800112,0.2609820670519204,-0.11108816642668795
27.77,0.08381044842800112,0.053549503435338264,-0.3683686200406482
27.78,0.08381044842800112,-0.1501333809428808,-0.5281518472057057
27.79,0.08381044842800112,0.16618734014155995,-0.45399428554569954
27.8,0.08381044842800112,0.3917509515234624,-0.4144422552487109
27.810000000000002,0.08381044842800112,0.2543715916124936,-0.40263948739493555
27.82,0.08381044842800112,0.32543948756279895,-0.2955204293685241
27.830000000000002,0.08381044842800112,0.3076798765000609,-0.40031419664377516
27.84,0.08381044842800112,0.43393612343402665,-0.17799195461810474
27.85,0.08381044842800112,0.193525982105038,-0.25833705025514486
27.86,0.08381044842800112,0.2106507113897261,-0.16706145135452027
27.87,0.08381044842800112,0.33359211068208877,-0.03531948211561198
27.88,0.08381044842800112,0.1270789023316662,0.0007061358943623031
27.89,0.08381044842800112,0.0329626239706271,-0.30252719129750305
27.900000000000002,0.08381044842800112,0.17601531743103094,-0.47474126917679543
27.91,0.08381044842800112,0.2074030015129733,0.04338303408073396
27.92,0.08381044842800112,0.16240047801089363,-0.58548768639032
27.93,0.08381044842800112,0.5121683309115412,-0.41402636832993106
27.94,0.08381044842800112,0.33639222030006555,-0.5723654758847838
27.95,0.08381044842800112,0.39141608700027164,-0.34417977457391735
27.96,0.08381044842800112,0.05570425964155118,-0.5339609656136539
27.97,0.08381044842800112,0.10743558756325436,-0.10886286436689813
27.98,0.08381044842800112,0.29754650552785267,-0.08667395643007281
27.990000000000002,0.08381044842800112,0.3322644012406911,-0.38471016087313875
28.0,0.08381044842800112,0.17087036705485004,-0.08636361068454734
28.01,0.08381044842800112,0.34806589135853094,-0.5185204993985668
28.02,0.08381044842800112,0.13519815591383097,-0.40551500485686676
28.03,0.08381044842800112,0.22024626741004188,-0.38977319995992676
28.04,0.08381044842800112,0.4733785320403483,-0.6820122873588657
28.05,0.08381044842800112,0.22796314989748845,-0.0636312411115087
28.060000000000002,0.08381044842800112,-0.10861132406672375,-0.3725907653701646
28.07,0.08381044842800112,-0.1005555294250226,-0.6088884060698605
28.080000000000002,0.08381044842800112,0.3127256481327818,-0.2624995130465529
28.09,0.08381044842800112,0.02559431257190986,-0.5783813683749318
28.1,0.08381044842800112,0.07249874681519979,-0.45814764221089294
28.11,0.08381044842800112,-0.2220498320553069,-0.32116781914490933
28.12,0.08381044842800112,0.06821760624745477,-0.40323111953724877
28.13,0.08381044842800112,0.08987520291792105,-0.8404034858162965
28.14,0.08381044842800112,0.3769606365301925,-0.5572964831573746
28.150000000000002,0.08381044842800112,0.3039010509648372,-0.8308199430979271
28.16,0.08381044842800112,-0.1255487759110707,-0.11576804249517098
28.17,0.08381044842800112,0.2896451339437843,-0.2579936703855157
28.18,0.08381044842800112,0.08168770614672505,-0.05049097059555513
28.19,0.08381044842800112,0.05751230283058878,-0.5275938826294775
28.2,0.08381044842800112,0.23731691330793556,-0.2926855009044965
28.21,0.08381044842800112,0.2611794165050393,-0.2694575684202775
28.22,0.08381044842800112,0.018081983083527597,-0.36850328929803755
28.23,0.08381044842800112,0.25400456035153873,-0.2268104142421573
28.240000000000002,0.08381044842800112,0.06717662181811504,-0.31212263820825864
28.25,0.08381044842800112,-0.028368597911615348,-0.1820556900376542
28.26,0.08381044842800112,0.07979498946288466,-0.4847366105389853
28.27,0.08381044842800112,0.12091981264938033,-0.1681635639298223
28.28,0.08381044842800112,-0.027978244061806226,-0.29180037138270387
28.29,0.08381044842800112,0.09905747756696254,-0.44223594874048877
28.3,0.08381044842800112,-0.03852761687187195,-0.0517537668628168
28.310000000000002,0.08381044842800112,-0.05926244798792646,-0.13638992478836223
28.32,0.08381044842800112,0.4893395756316916,-0.28106285644395124
28.330000000000002,0.08381044842800112,0.10034717976521787,-0.5144447119721203
28.34,0.08381044842800112,0.09849921251267847,0.0503093510593593
28.35,0.08381044842800112,0.30891976383162434,-0.08473058360543195
28.36,0.08381044842800112,0.04968062017724741,-0.23259881415034478
28.37,0.08381044842800112,-0.12113120185132795,-0.08855196151297229
28.38,0.08381044842800112,0.08228224245713943,-0.40711113668913895
28.39,0.08381044842800112,-0.21464273654327615,-0.1172717937580526
28.400000000000002,0.08381044842800112,0.10218143013385564,-0.3560828670672439
28.41,0.08381044842800112,0.42244131185350153,-0.07589965505011564
28.42,0.08381044842800112,0.0668824760734784,-0.11918642108212651
28.43,0.08381044842800112,0.06595264303679428,-0.449221020403297
28.44,0.08381044842800112,0.04323166352306336,-0.01333670201187842
28.45,0.08381044842800112,-0.24037063865586128,-0.37495449127555747
28.46,0.08381044842800112,0.004000003845417842,-0.39215161912998797
28.47,0.08381044842800112,-0.266879702032607,0.13132458709781802
28.48,0.08381044842800112,0.09310055676568257,-0.3009917999080686
28.490000000000002,0.08381044842800112,0.44283655469756833,-0.5100446760545254
28.5,0.08381044842800112,-0.18403125043905486,-0.1585869999820444
28.51,0.08381044842800112,0.1573783060958432,-0.6256641635807241
28.52,0.08381044842800112,0.06599062432130917,-0.38200187640074396
28.53,0.08381044842800112,-0.1649012837602509,-0.20872143567308346
28.54,0.08381044842800112,0.1493780984313096,-0.22724778870392032
28.55,0.08381044842800112,0.026731091175675313,-0.17427790942211815
28.560000000000002,0.08381044842800112,-0.15784771721584825,-0.2554817403131839
28.57,0.08381044842800112,-0.1714110575923432,-0.2729427127628222
28.580000000000002,0.08381044842800112,-0.13398105323466905,-0.42844713867249606
28.59,0.08381044842800112,0.30820032212174947,-0.19846884469942544
28.6,0.08381044842800112,0.04655098131778342,0.07949381530169486
28.61,0.08381044842800112,-0.10547290960287069,-0.5060790273414812
28.62,0.08381044842800112,0.15923169474341778,-0.3535341215989279
28.63,0.08381044842800112,-0.05060488774836974,-0.09220192126241175
28.64,0.08381044842800112,0.1316565949097524,-0.48324706080562296
28.650000000000002,0.08381044842800112,0.03670593329833058,-0.5800767132586383
28.66,0.08381044842800112,0.31309200967173645,-0.156814463092158
28.67,0.08381044842800112,-0.11840712393908662,-0.101076157086285
28.68,0.08381044842800112,0.0758640211073854,-0.11259882836194879
28.69,0.08381044842800112,0.11156143887318656,-0.1583647472029771
28.7,0.08381044842800112,0.06971247475849836,-0.6946993781359303
28.71,0.08381044842800112,0.010489325966671167,-0.20465291884127118
28.72,0.08381044842800112,0.13270439791310734,-0.36820816797540434
28.73,0.08381044842800112,-0.3932396959493821,-0.05967165274730879
28.740000000000002,0.08381044842800112,-0.16322190753753557,-0.1892023929646523
28.75,0.08381044842800112,-0.10204582971493814,-0.33419527320986187
28.76,0.08381044842800112,-0.18495969657501785,-0.3807289543072925
28.77,0.08381044842800112,0.16497967674457614,0.07865866766933888
28.78,0.08381044842800112,0.0991169585715134,-0.39870030439003873
28.79,0.08381044842800112,0.06624817475479952,0.22416685853394172
28.8,0.08381044842800112,-0.024290710335628657,-0.5666228900437056
28.810000000000002,0.08381044842800112,0.09212630793029641,-0.08289090274938771
28.82,0.08381044842800112,-0.4013370418732465,-0.3024041567073599
28.830000000000002,0.08381044842800112,-0.3167229710408519,-0.0028659122716707397
28.84,0.08381044842800112,-0.09858213928143768,-0.36970453772570133
28.85,0.08381044842800112,-0.08395892924028192,-0.17590912781610107
28.86,0.08381044842800112,-0.004583228557538878,-0.5094648072937358
28.87,0.08381044842800112,-0.17351529778655855,-0.5133672757879795
28.88,0.08381044842800112,0.18457698486246435,-0.3072458917309742
28.89,0.08381044842800112,-0.32155862996401385,-0.31999845198537213
28.900000000000002,0.08381044842800112,-0.187735219172039,-0.48281251303239014
28.91,0.08381044842800112,0.010586265999760633,-0.14556772805077656
28.92,0.08381044842800112,-0.18521220921494136,0.09083557618722701
28.93,0.08381044842800112,0.13090049094897505,0.01316556992168863
28.94,0.08381044842800112,-0.3664699618937212,-0.23283846717805617
28.95,0.08381044842800112,-0.137366172111717,-0.6350775720048075
28.96,0.08381044842800112,0.0036349250011283446,-0.09122500564137642
28.97,0.08381044842800112,-0.5862901407080257,-0.29426369354752113
28.98,0.08381044842800112,-0.11531084774470304,-0.35823931377236556
28.990000000000002,0.08381044842800112,-0.057397990128245285,-0.17310629416121964
29.0,0.08381044842800112,-0.28308117300437885,-0.3046379404149533
29.01,0.08381044842800112,-0.23728445412698035,-0.08053622884641651
29.02,0.08381044842800112,-0.2068635135791705,-0.3158974242726585
29.03,0.08381044842800112,0.19340661483484153,-0.2011122927868388
29.04,0.08381044842800112,-0.33306993813159247,-0.27551012571883604
29.05,0.08381044842800112,0.018598107307988915,0.09348690865751547
29.060000000000002,0.08381044842800112,-0.22941931241906677,-0.40408913313553085
29.07,0.08381044842800112,-0.18690451688360069,0.10715399004254941
29.080000000000002,0.08381044842800112,-0.2825506000134025,-0.28198755086517496
29.09,0.08381044842800112,-0.08555507342601286,-0.09273264310093424
29.1,0.08381044842800112,-0.4656577755322342,0.09828021921079286
29.11,0.08381044842800112,-0.014285649294002334,-0.279538215148463
29.12,0.08381044842800112,0.0900918091612593,-0.3409936963030582
29.13,0.08381044842800112,0.006729853264616087,-0.27051963657180095
29.14,0.08381044842800112,-0.3532540688759317,-0.2675812879887635
29.150000000000002,0.08381044842800112,-0.06820006877868355,-0.40350427756096424
29.16,0.08381044842800112,-0.24162915711542923,-0.016760346036767626
29.17,0.08381044842800112,-0.036028827980439423,-0.20232974515282467
29.18,0.08381044842800112,-0.17308927464669266,-0.3252818597013579
29.19,0.08381044842800112,-0.13536965858051142,-0.2007512718484366
29.2,0.08381044842800112,-0.07955312973395906,0.02656507542556069
29.21,0.08381044842800112,-0.04089711709145781,-0.08395231121904881
29.22,0.08381044842800112,-0.2562384883554764,-0.12224695470352973
29.23,0.08381044842800112,-0.06848600814956901,0.07153805879077574
29.240000000000002,0.08381044842800112,-0.1845555767200277,-0.28281157249507394
29.25,0.08381044842800112,-0.20747400202875949,-0.0038107806583380782
29.26,0.08381044842800112,0.030037417576936565,-0.0036495099424230237
29.27,0.08381044842800112,-0.08776964897114461,-0.019358086277676365
29.28,0.08381044842800112,-0.1508223496155773,0.0861938710943517
29.29,0.08381044842800112,-0.3677292322407808,-0.03755856976297975
29.3,0.08381044842800112,-0.24240895244395688,-0.43168923073582005
29.310000000000002,0.08381044842800112,0.05091950355259722,-0.2917376831966537
29.32,0.08381044842800112,-0.20211576976188003,0.10356911272146141
29.330000000000002,0.08381044842800112,-0.25113084097421334,-0.03278312225864885
29.34,0.08381044842800112,-0.24714191713942657,0.23248693448395258
29.35,0.08381044842800112,0.21874023536414713,0.0641936411272424
29.36,0.08381044842800112,-0.3753422003236243,0.14502249393734035
29.37,0.08381044842800112,-0.37071410778301755,0.1127588882847671
29.38,0.08381044842800112,-0.2683917934565069,-0.13444159482724444
29.39,0.08381044842800112,-0.6111476492509681,-0.21489633472360178
29.400000000000002,0.08381044842800112,-0.31724543292756135,-0.03772302722002689
29.41,0.08381044842800112,-0.452275539147067,-0.3487062832812234
29.42,0.08381044842800112,-0.11365410013553282,0.10289719619319028
29.43,0.08381044842800112,0.14615143430500896,-0.354175073204444
29.44,0.08381044842800112,-0.3570516086738821,-0.35938044659473417
29.45,0.08381044842800112,0.18370429336879118,-0.38748854754627476
29.46,0.08381044842800112,-0.16189233288025515,-0.1391926610133795
29.47,0.08381044842800112,-0.42665847484010033,-0.07867607129975496
29.48,0.08381044842800112,0.17274459233008607,-0.4182324060743588
29.490000000000002,0.08381044842800112,0.12398233823994634,-0.1670306894295756
29.5,0.08381044842800112,-0.34034076137038816,0.1557286563065335
29.51,0.08381044842800112,-0.25195440393116997,0.1961884347142444
29.52,0.08381044842800112,-0.5402859153706412,-0.17460382645199993
29.53,0.08381044842800112,-0.20478229990117688,-0.12433670233073311
29.54,0.08381044842800112,-0.09564086785624586,-0.03327750917972305
29.55,0.08381044842800112,-0.000281714893288737,-0.21578246874019047
29.560000000000002,0.08381044842800112,-0.35960205706686893,-0.19786028295998245
29.57,0.08381044842800112,0.008976442680063978,0.006986145661673229
29.580000000000002,0.08381044842800112,0.02052268972611368,-0.2549651919245668
29.59,0.08381044842800112,0.004725706684823472,0.0910064679795991
29.6,0.08381044842800112,0.13534134169559908,0.0695411564559931
29.61,0.08381044842800112,-0.3525740814843302,0.22820684612187275
29.62,0.08381044842800112,-0.01130248265887046,-0.511614895467293
29.63,0.08381044842800112,-0.10002423484841412,0.04108498443568076
29.64,0.08381044842800112,0.20125977925823646,-0.14951723716093654
29.650000000000002,0.08381044842800112,-0.17056008763769634,-0.1558944687497391
29.66,0.08381044842800112,-0.13417241604417207,-0.1799059768333267
29.67,0.08381044842800112,-0.1278848384454135,0.22632109475284404
29.68,0.08381044842800112,-0.27738270647605157,-0.11639535404746951
29.69,0.08381044842800112,-0.28356996404775625,-0.25293666953519417
29.7,0.08381044842800112,-0.47292369022150393,0.18622451038647772
29.71,0.08381044842800112,-0.004281838896332352,0.16309549892375824
29.72,0.08381044842800112,-0.17064330367351888,-0.02498179718569566
29.73,0.08381044842800112,-0.16884976859601328,0.006312529564330053
29.740000000000002,0.08381044842800112,-0.4349273521314452,0.14806565614310974
29.75,0.08381044842800112,0.03030819502982729,-0.07920382317397887
29.76,0.08381044842800112,0.0063282737254350685,0.2557588443542398
29.77,0.08381044842800112,-0.31463882041776964,0.0019712963946414107
29.78,0.08381044842800112,-0.2439664200197023,-0.06757961838650656
29.79,0.08381044842800112,-0.06141539621066522,0.18167936619390979
29.8,0.08381044842800112,-0.2235573190642577,0.07597522419193903
29.810000000000002,0.08381044842800112,-0.2569588144966698,0.2862357235744231
29.82,0.08381044842800112,-0.12675931816354413,0.24953676031440303
29.830000000000002,0.08381044842800112,-0.1893629021381856,0.3585491489519184
29.84,0.08381044842800112,-0.2004012464811578,0.189670496658094
29.85,0.08381044842800112,0.010833092194821425,-0.3637052445972297
29.86,0.08381044842800112,-0.30749924012595214,0.2749036014315517
29.87,0.08381044842800112,0.1444988837183789,0.16625155068076358
29.88,0.08381044842800112,-0.3929599080232484,0.10285881756247758
29.89,0.08381044842800112,-0.25432841007692275,0.16358620646785071
29.900000000000002,0.08381044842800112,-0.23688995930777293,0.15021618371378656
29.91,0.08381044842800112,0.07375152659824227,-0.0840724178458265
29.92,0.08381044842800112,-0.11869987405315775,0.10464488040983502
29.93,0.08381044842800112,-0.20112894718972568,0.19465318968215037
29.94,0.08381044842800112,-0.33095349782476224,-0.1435908592471175
29.95,0.08381044842800112,-0.22229823301791646,0.056473036958220646
29.96,0.08381044842800112,-0.13050888249981102,-0.08766601997379411
29.97,0.08381044842800112,-0.1142980551860758,0.5009593234809139
29.98,0.08381044842800112,-0.12558492043583752,0.31382022246845437
29.990000000000002,0.08381044842800112,-0.48063234627206836,0.2630809615239934
30.0,2.1716869440979494,-0.18078347645918863,0.3166111423163297
30.01,2.1716869440979494,-0.032339706056460346,0.016476448405459435
30.02,2.1716869440979494,-0.3923211283026938,0.31238664524805804
30.03,2.1716869440979494,-0.43009658391488725,0.5345450662467685
30.04,2.1716869440979494,-0.004205559320403535,0.16731771533670253
30.05,2.1716869440979494,-0.14686756838009463,0.02293667280906983
30.060000000000002,2.1716869440979494,-0.0485968548345673,0.4489464637263718
30.07,2.1716869440979494,-0.1547769538757905,0.15582638559300305
30.080000000000002,2.1716869440979494,-0.36496668846782365,0.25497375923969734
30.09,2.1716869440979494,-0.1846351803983328,0.24727470190408457
30.1,2.1716869440979494,-0.2371694599548066,0.22987202530936549
30.11,2.1716869440979494,-0.025369707711889608,0.38819256700467647
30.12,2.1716869440979494,0.06934666175906161,0.5627252118082638
30.13,2.1716869440979494,-0.18029373691932615,0.1192618721774738
30.14,2.1716869440979494,0.05507030694321077,0.561412448644633
30.150000000000002,2.1716869440979494,-0.36917808354328463,0.28009780764679365
30.16,2.1716869440979494,-0.30632563487909537,0.4641788943695888
30.17,2.1716869440979494,0.3594466781290998,0.6907322293223428
30.18,2.1716869440979494,0.0602595202043892,0.4297403066384633
30.19,2.1716869440979494,-0.050647061200499235,0.4416020763492649
30.2,2.1716869440979494,-0.17001375742139407,0.3617023263817305
30.21,2.1716869440979494,-0.10871431721939169,0.7125649138622164
30.22,2.1716869440979494,0.14958193007127646,0.48138704052536163
30.23,2.1716869440979494,-0.015226662636808407,0.42770588085422334
30.240000000000002,2.1716869440979494,-0.2928054721839528,0.10196053736074667
30.25,2.1716869440979494,0.06577334918713598,0.4450949754650687
30.26,2.1716869440979494,-0.14142528843007102,0.5182661003209491
30.27,2.1716869440979494,0.13925861694903252,0.6727022297709989
30.28,2.1716869440979494,0.09000970879245451,0.648322336843898
30.29,2.1716869440979494,-0.036941213930662437,0.8607616992577014
30.3,2.1716869440979494,0.02914215045803335,0.4551702388955296
30.310000000000002,2.1716869440979494,-0.2331030505837868,0.564371277086814
30.32,2.1716869440979494,0.11563408716006297,0.7684744037281789
30.330000000000002,2.1716869440979494,0.05679552610396134,0.4524929672796181
30.34,2.1716869440979494,0.21908115889851815,0.8794925553274431
30.35,2.1716869440979494,0.07851776995638489,0.6757550845534527
30.36,2.1716869440979494,0.27229806719052063,1.073454869093189
30.37,2.1716869440979494,0.07620827558314838,0.9531078659130351
30.38,2.1716869440979494,-0.031142781496156166,0.6874411450752542
30.39,2.1716869440979494,-0.010617139191023466,0.7625837475471748
30.400000000000002,2.1716869440979494,0.4146602160322299,1.183403267523286
30.41,2.1716869440979494,0.32284082770859873,1.1102020316515018
30.42,2.1716869440979494,0.003670962333402833,0.9311561237679513
30.43,2.1716869440979494,0.06957137754823632,0.842117319202648
30.44,2.1716869440979494,0.09472338349267619,1.0814876860984188
30.45,2.1716869440979494,0.45062996786805537,0.7699952280173695
30.46,2.1716869440979494,0.10469314644846359,0.9479492666853523
30.47,2.1716869440979494,-0.2755714142682296,1.0001870634923973
30.48,2.1716869440979494,0.06429265599627411,0.9614732622640132
30.490000000000002,2.1716869440979494,0.15825080106644654,1.1882322016224203
30.5,2.1716869440979494,0.386764262704814,0.7380068105219033
30.51,2.1716869440979494,0.06069027446517812,0.9688646625181851
30.52,2.1716869440979494,0.45669949165106427,1.1105130785576138
30.53,2.1716869440979494,-0.15799860114764952,1.2130280838784644
30.54,2.1716869440979494,0.009398046071955019,0.9539781544860859
30.55,2.1716869440979494,0.13360817765126282,1.238650075031801
30.560000000000002,2.1716869440979494,0.38943873498561155,1.0832677064062712
30.57,2.1716869440979494,0.34721320958448126,0.8153163814405867
30.580000000000002,2.1716869440979494,0.0972548702141389,1.2294588118352245
30.59,2.1716869440979494,0.5591287351052044,0.9956345236559738
30.6,2.1716869440979494,0.22235149540920157,1.241339444411411
30.61,2.1716869440979494,0.24320980864379235,1.1012732757501327
30.62,2.1716869440979494,0.2266029192064794,1.3483038627283497
30.63,2.1716869440979494,0.2706350484791058,1.0446116741775064
30.64,2.1716869440979494,0.1629566589895749,1.355939058775714
30.650000000000002,2.1716869440979494,0.40352039924315575,1.4980986172745108
30.66,2.1716869440979494,0.4374859616506285,1.3259288460845016
30.67,2.1716869440979494,0.11662548760702957,1.630253215152015
30.68,2.1716869440979494,0.46996612368477036,1.5181352822205971
30.69,2.1716869440979494,0.41824808591335605,1.3464095161976406
30.7,2.1716869440979494,0.13286712510226767,1.748452774871539
30.71,2.1716869440979494,0.41388476795318074,1.6305851479227393
30.72,2.1716869440979494,0.3611114396779669,1.4563643942189846
30.73,2.1716869440979494,0.6063934733576054,1.11119811697876
30.740000000000002,2.1716869440979494,0.4237921487391187,0.8976310370926555
30.75,2.1716869440979494,0.288946290288932,1.3862950437169848
30.76,2.1716869440979494,0.24691680896322632,1.6327354924978597
30.77,2.1716869440979494,0.4406138648306649,1.3694407285319885
30.78,2.1716869440979494,0.7785454040855538,1.710706605275504
30.79,2.1716869440979494,0.7190683448270175,1.8027582554051795
30.8,2.1716869440979494,0.5944571714805029,1.3653353850112668
30.810000000000002,2.1716869440979494,0.8004732374158974,1.5404621210253295
30.82,2.1716869440979494,0.5408136626175135,1.4988383499378817
30.830000000000002,2.1716869440979494,0.8584981514337322,1.1338565171632626
30.84,2.1716869440979494,0.38786858016719905,1.4026708641738166
30.85,2.1716869440979494,0.1400563104964727,1.595714869651467
30.86,2.1716869440979494,0.5591692473671485,1.388565216903048
30.87,2.1716869440979494,0.6550215678330157,1.4122746989045918
30.88,2.1716869440979494,0.36540455631572705,1.6070628861952607
30.89,2.1716869440979494,0.6659966830884889,1.5482274143020283
30.900000000000002,2.1716869440979494,0.9144165224245465,1.5280758741401035
30.91,2.1716869440979494,0.9307046429139536,1.4370527407296525
30.92,2.1716869440979494,0.5872887292394398,1.1021881925619217
30.93,2.1716869440979494,0.743739354859971,1.7690451754586247
30.94,2.1716869440979494,0.6185674979583371,1.304596090831227
30.95,2.1716869440979494,0.6621427981433496,1.645298442976197
30.96,2.1716869440979494,0.9492061130622689,1.817650877861801
30.970000000000002,2.1716869440979494,0.8559519139914117,1.91337655441712
30.98,2.1716869440979494,1.106360966200336,1.5318970327714547
30.990000000000002,2.1716869440979494,0.46983895719264795,1.599784223236195
31.0,2.1716869440979494,0.9696251341488996,1.7995854050275941
31.01,2.1716869440979494,1.227500103386622,1.6762114619635078
31.02,2.1716869440979494,0.8842692773290785,1.393772863022013
31.03,2.1716869440979494,1.1133684046607062,1.439515699725384
31.04,2.1716869440979494,0.5329336524339876,1.5179694171435725
31.05,2.1716869440979494,1.208946831404777,1.3534176346047677
31.060000000000002,2.1716869440979494,0.8410293062691581,1.6588523860463242
31.07,2.1716869440979494,0.8765340570648825,1.7608382813517205
31.080000000000002,2.1716869440979494,0.6110638022880713,1.473689647167872
31.09,2.1716869440979494,0.9935958442831382,1.88259017752244
31.1,2.1716869440979494,1.0398927470171597,1.477270470811573
31.11,2.1716869440979494,0.5571704934894381,1.4499703276195526
31.12,2.1716869440979494,0.8602363441306528,1.4115555579229753
31.13,2.1716869440979494,1.091536658795146,1.6778895517094583
31.14,2.1716869440979494,1.076475837781929,1.6050913663269382
31.150000000000002,2.1716869440979494,1.1876656267810393,1.3624043219973816
31.16,2.1716869440979494,1.1865076404898793,1.6546255520735884
31.17,2.1716869440979494,1.249375345889341,1.614282663357302
31.18,2.1716869440979494,1.0514440253911437,1.6262862362337893
31.19,2.1716869440979494,0.8499660141786993,1.623881521210686
31.2,2.1716869440979494,1.1477079582916234,1.5058642294243691
31.21,2.1716869440979494,1.2514348495887708,1.8743501618184948
31.220000000000002,2.1716869440979494,1.3422961716925337,1.578674492826567
31.23,2.1716869440979494,1.3461877878575785,1.4080475149315774
31.240000000000002,2.1716869440979494,0.9108061094587535,1.7289596185120542
31.25,2.1716869440979494,1.440517433491732,1.7986974451315443
31.26,2.1716869440979494,1.1348304296656564,1.753722520119034
31.27,2.1716869440979494,1.0415579827331012,1.2947176470730497
31.28,2.1716869440979494,0.9865866129537977,1.3609560018275557
31.29,2.1716869440979494,1.2940535871757222,1.4433392806180911
31.3,2.1716869440979494,1.3329253286091738,1.833979868049703
31.310000000000002,2.1716869440979494,1.240425245858368,1.41979931129332
31.32,2.1716869440979494,1.2662688674222875,1.6644824727570706
31.330000000000002,2.1716869440979494,1.2494098223380063,1.6808856089884117
31.34,2.1716869440979494,1.2945132180014152,1.6778839181112184
31.35,2.1716869440979494,1.7751399798944363,1.869971733592247
31.36,2.1716869440979494,1.3320264099802956,1.6027264439670637
31.37,2.1716869440979494,1.3409313665109237,1.7641503631412732
31.38,2.1716869440979494,1.2291214288442747,1.7398001511850825
31.39,2.1716869440979494,1.6072267802305376,1.7443643236562356
31.400000000000002,2.1716869440979494,1.5013671403273274,1.793281664385674
31.41,2.1716869440979494,1.5103022790487646,1.622657253885237
31.42,2.1716869440979494,1.5643219522295524,1.6296661055206083
31.43,2.1716869440979494,1.1460558135301306,1.7681116229353186
31.44,2.1716869440979494,1.615578646245349,1.551552342786594
31.45,2.1716869440979494,1.511181726554425,1.5601195084370902
31.46,2.1716869440979494,1.4761119787269175,1.5604306493896198
31.470000000000002,2.1716869440979494,1.8422359963908042,1.8221563561766345
31.48,2.1716869440979494,1.6008981765885935,1.8704090192044296
31.490000000000002,2.1716869440979494,1.540708376306691,1.421925564749233
31.5,2.1716869440979494,2.311086576299877,1.7211552631794966
31.51,2.1716869440979494,1.7582423162783165,1.7004504310773396
31.52,2.1716869440979494,1.4295817456263766,1.7501585493524499
31.53,2.1716869440979494,1.7194875744216127,1.6877666053019624
31.54,2.1716869440979494,1.9663634509019807,1.3994400860468623
31.55,2.1716869440979494,1.702606891440189,1.4003591624617178
31.560000000000002,2.1716869440979494,1.8837808951162034,1.2509813413053985
31.57,2.1716869440979494,1.8824209708513933,1.069790223083484
31.580000000000002,2.1716869440979494,1.5448190886822426,1.656440002234191
31.59,2.1716869440979494,1.554349577301501,1.8445569718416983
31.6,2.1716869440979494,2.0266212083400235,1.438273084993979
31.61,2.1716869440979494,1.8810890608685134,1.7505990493639918
31.62,2.1716869440979494,1.551304120000347,1.7142965657550495
31.63,2.1716869440979494,2.033709192718559,1.7798576195123985
31.64,2.1716869440979494,1.8093184622235416,1.8388519779118715
31.650000000000002,2.1716869440979494,1.610607459995059,1.566913574294244
31.66,2.1716869440979494,1.8016696007023296,1.4454428553661964
31.67,2.1716869440979494,1.9342177518416823,1.498994897823381
31.68,2.1716869440979494,2.1664006732495715,1.311013737353234
31.69,2.1716869440979494,1.7169182685043263,1.626876000697548
31.7,2.1716869440979494,1.6592882180216835,1.559728932847673
31.71,2.1716869440979494,2.1667623058056567,1.7331829556655902
31.720000000000002,2.1716869440979494,2.0371742611596013,1.5986965151843604
31.73,2.1716869440979494,1.930887968843328,1.2503916927051113
31.740000000000002,2.1716869440979494,2.361455647000149,1.5274160385481097
31.75,2.1716869440979494,2.0094369017244174,1.6457235218384474
31.76,2.1716869440979494,2.168048156688638,1.2285925242027043
31.77,2.1716869440979494,2.1831883004386894,1.5700890097510203
31.78,2.1716869440979494,2.2556610408232363,1.0481554144643503
31.79,2.1716869440979494,2.0854372892162703,1.6666205360045987
31.8,2.1716869440979494,2.3108759895730446,1.8388947591288103
31.810000000000002,2.1716869440979494,2.0538536280275808,1.5015766254454619
31.82,2.1716869440979494,1.8361412835829125,1.3432234348752163
31.830000000000002,2.1716869440979494,2.102116794383543,1.3302699657694423
31.84,2.1716869440979494,2.056645705991184,1.5165883797696322
31.85,2.1716869440979494,2.161792936203653,1.4838397888502457
31.86,2.1716869440979494,2.1911372354831657,1.2390108111017906
31.87,2.1716869440979494,2.1824804661067825,1.3502984299116476
31.88,2.1716869440979494,2.4412671779701456,1.353225577561377
31.89,2.1716869440979494,2.275199141385129,1.3595523541247319
31.900000000000002,2.1716869440979494,2.5131965784364136,1.5164762041945192
31.91,2.1716869440979494,2.347668405741268,1.2012168958615903
31.92,2.1716869440979494,2.119618930056611,1.4607329759514482
31.93,2.1716869440979494,2.1397338861650868,1.3964086313892996
31.94,2.1716869440979494,2.1343090097262873,1.5970472925688006
31.95,2.1716869440979494,2.158062472727647,0.9351864898272693
31.96,2.1716869440979494,2.2376456990175577,1.4730532673936652
31.970000000000002,2.1716869440979494,2.2715209553093625,1.2219811066439858
31.98,2.1716869440979494,2.3292254176999014,1.2742580078868975
31.990000000000002,2.1716869440979494,2.555245481671917,1.4630980659346526
32.0,2.1716869440979494,2.363724270649971,1.5585496493942008
32.01,2.1716869440979494,2.1791616102485545,1.039743053153859
32.02,2.1716869440979494,2.428064809347421,1.0706721752755477
32.03,2.1716869440979494,2.4993937150809824,1.331519834958644
32.04,2.1716869440979494,2.317231890964359,1.2101007306652751
32.05,2.1716869440979494,2.528994522427439,1.2631570400715577
32.06,2.1716869440979494,2.6252811545912387,1.8284433407090734
32.07,2.1716869440979494,2.524540380545577,1.4461206085245384
32.08,2.1716869440979494,2.6459460535376826,1.2734880295425448
32.09,2.1716869440979494,2.808715986532885,1.2210078846441539
32.1,2.1716869440979494,2.6642013418436568,1.1869445278762776
32.11,2.1716869440979494,2.619640297040662,1.1414586693798385
32.12,2.1716869440979494,2.529766329819542,1.4361529855356865
32.13,2.1716869440979494,2.6258423239895006,1.0913279720557238
32.14,2.1716869440979494,2.6804912136508667,1.1974038011927697
32.15,2.1716869440979494,2.6588875809889907,0.8898959644000837
32.160000000000004,2.1716869440979494,2.8234151739891096,1.5926595823287724
32.17,2.1716869440979494,2.589036835637647,0.9226085141497241
32.18,2.1716869440979494,2.512399516598538,1.2439178154483794
32.19,2.1716869440979494,2.519096681166695,1.2701623501325823
32.2,2.1716869440979494,2.819119167730901,1.3012909879716532
32.21,2.1716869440979494,2.6982165794534296,1.119098414903289
32.22,2.1716869440979494,2.7061901413470246,0.9648910582163486
32.230000000000004,2.1716869440979494,2.6004243920905337,1.2180345295747397
32.24,2.1716869440979494,2.4439630860287416,1.2758667907486347
32.25,2.1716869440979494,2.971281600004114,0.7935305402532266
32.26,2.1716869440979494,2.641019171303511,1.210532134868476
32.27,2.1716869440979494,2.9608169841181597,1.2963379369544321
32.28,2.1716869440979494,2.8559729754506336,1.2824639304984886
32.29,2.1716869440979494,2.6946896004370133,0.9220952428979516
32.3,2.1716869440979494,3.0824599539421205,1.2514350754745973
32.31,2.1716869440979494,2.653403711621635,1.5373436266806406
32.32,2.1716869440979494,2.645613255737383,1.0477584481154856
32.33,2.1716869440979494,2.8601113038341124,1.6152833515318128
32.34,2.1716869440979494,2.8340666438287756,0.7174248261377685
32.35,2.1716869440979494,2.7168063612292825,0.8151404250709453
32.36,2.1716869440979494,2.990088059708423,1.0090841265667831
32.37,2.1716869440979494,2.625126193853524,1.1033306459920258
32.38,2.1716869440979494,3.1458421790060873,1.1354093266306773
32.39,2.1716869440979494,3.0351232849937766,0.8114865180086234
32.4,2.1716869440979494,2.7390509147697126,0.6276493719277445
32.410000000000004,2.1716869440979494,2.798398801737786,0.5439815811076938
32.42,2.1716869440979494,2.8225737053319655,0.8599394074760527
32.43,2.1716869440979494,3.2202263699398466,0.6549599076012896
32.44,2.1716869440979494,2.803147187422436,0.9335134076500187
32.45,2.1716869440979494,2.8506530906154848,1.0618957420614108
32.46,2.1716869440979494,2.8071217138319433,0.7124559744184246
32.47,2.1716869440979494,2.773863826146551,0.7535309732500829
32.480000000000004,2.1716869440979494,3.152616366688848,1.1246371315629706
32.49,2.1716869440979494,2.88669839923205,0.6322516857062606
32.5,2.1716869440979494,3.340401620046306,0.806704049852328
32.51,2.1716869440979494,3.0188089978617336,0.9919545811468238
32.52,2.1716869440979494,2.85082309360045,0.7268672725049299
32.53,2.1716869440979494,2.641034430319733,0.5598984588688516
32.54,2.1716869440979494,3.430605952141281,0.9404226841577121
32.55,2.1716869440979494,2.7927862920686826,0.8465391751428867
32.56,2.1716869440979494,2.8168120366841256,0.833262087427162
32.57,2.1716869440979494,3.2340441016967794,0.8307320197091519
32.58,2.1716869440979494,2.7195843126881805,1.050186662060457
32.59,2.1716869440979494,2.727891830907151,0.7161210035510926
32.6,2.1716869440979494,2.840832531759994,0.44006350245960835
32.61,2.1716869440979494,2.875734387172291,1.1579897540609132
32.62,2.1716869440979494,2.934586703336902,0.8059109023636374
32.63,2.1716869440979494,3.113494410733089,0.6250875496600282
32.64,2.1716869440979494,2.9701315541202646,0.3140913300153086
32.65,2.1716869440979494,3.4544520980921494,0.6537028633077921
32.660000000000004,2.1716869440979494,3.2262836149222776,0.7806620383024621
32.67,2.1716869440979494,2.959622148473353,0.8162939151428741
32.68,2.1716869440979494,2.798591341433309,0.43157290222335776
32.69,2.1716869440979494,2.8478466426800755,1.123855799277953
32.7,2.1716869440979494,2.818616164181335,0.6984241830679563
32.71,2.1716869440979494,3.009077413111819,0.3406042135252094
32.72,2.1716869440979494,2.9941064782507216,0.6056565806914044
32.730000000000004,2.1716869440979494,2.8189307583625762,0.5048449123589299
32.74,2.1716869440979494,3.172147142429258,0.5523608307058824
32.75,2.1716869440979494,2.9758084727759746,0.1034836625069479
32.76,2.1716869440979494,3.2709104615942644,0.5513110058894886
32.77,2.1716869440979494,3.185468983425781,0.5044471895836844
32.78,2.1716869440979494,2.884674256027325,0.5018630001043815
32.79,2.1716869440979494,2.9265998573924077,0.5860225064633988
32.8,2.1716869440979494,3.214105041671377,0.12057990228340837
32.81,2.1716869440979494,3.1745469050817663,0.27561660865139537
32.82,2.1716869440979494,2.8823946834848204,0.7234593832814944
32.83,2.1716869440979494,3.444700148030651,0.6090768709319343
32.84,2.1716869440979494,3.5810283519511037,0.33409818954635667
32.85,2.1716869440979494,3.05883939304283,0.3831466142776629
32.86,2.1716869440979494,2.6871820084087252,0.5380747565391852
32.87,2.1716869440979494,3.0144925949102936,0.3675179910348147
32.88,2.1716869440979494,3.0875518044300843,0.23249915319213268
32.89,2.1716869440979494,3.215590314248085,0.47330401811727985
32.9,2.1716869440979494,3.116467865373668,0.21348350596426902
32.910000000000004,2.1716869440979494,3.2353453847520224,0.002713628803732049
32.92,2.1716869440979494,3.282679217667994,0.1899294362830774
32.93,2.1716869440979494,3.4509127986782904,0.023136657356645718
32.94,2.1716869440979494,2.8104785426670063,0.40839437501147025
32.95,2.1716869440979494,2.9876955142060186,0.03757084279534009
32.96,2.1716869440979494,3.2525208161665775,-0.08140939317590418
32.97,2.1716869440979494,3.252478570734404,0.13619896593606762
32.980000000000004,2.1716869440979494,3.3432618591719843,0.5240460852631736
32.99,2.1716869440979494,2.999607674287285,0.35094627051886046
33.0,2.1716869440979494,3.4484888789174635,0.482840696796056
33.01,2.1716869440979494,3.145334733301254,-0.05241746919563098
33.02,2.1716869440979494,2.9482546548087427,0.15855614382471883
33.03,2.1716869440979494,3.3666922850923795,0.2898181469721423
33.04,2.1716869440979494,3.302728106533852,0.19447122095154235
33.05,2.1716869440979494,2.9848587184287423,0.30057194491302797
33.06,2.1716869440979494,3.1776749429694635,0.061086202895868524
33.07,2.1716869440979494,3.491705349577817,0.2645566506576561
33.08,2.1716869440979494,3.219756953107663,0.0523478979326539
33.09,2.1716869440979494,3.210843813147186,0.6396700787525835
33.1,2.1716869440979494,3.060453422652155,0.22545148753166566
33.11,2.1716869440979494,2.807070942090623,0.04650745837298576
33.12,2.1716869440979494,3.1092486848059737,-0.24862722756881991
33.13,2.1716869440979494,3.2723709326678327,0.2296262285446905
33.14,2.1716869440979494,3.12258203608136,-0.03317927713613357
33.15,2.1716869440979494,3.348446980173794,0.06440662804148205
33.160000000000004,2.1716869440979494,3.364848796258146,0.016703834870754893
33.17,2.1716869440979494,3.2770053396806644,-0.19359848388480907
33.18,2.1716869440979494,3.3864282507747117,-0.07114403837331658
33.19,2.1716869440979494,3.1038569116907366,0.16363566025310863
33.2,2.1716869440979494,3.39987693714909,-0.21307132173811963
33.21,2.1716869440979494,3.4394404421394382,-0.48416925632358515
33.22,2.1716869440979494,2.9876480831611225,-0.06504826203201507
33.230000000000004,2.1716869440979494,3.38835119254741,0.24079706781823113
33.24,2.1716869440979494,3.0459724476787495,0.06129304203012206
33.25,2.1716869440979494,3.3858132219191948,0.11953249681689027
33.26,2.1716869440979494,3.1867901996977746,-0.0773326865753276
33.27,2.1716869440979494,3.1462514879396903,-0.6359832233580591
33.28,2.1716869440979494,3.21148081343583,-0.013921298315036405
33.29,2.1716869440979494,3.2896676722512272,-0.00017405019979691017
33.3,2.1716869440979494,2.963862352852934,-0.06917121127813279
33.31,2.1716869440979494,2.9909158779707976,0.05361079267130929
33.32,2.1716869440979494,3.285406892049777,0.10303472220602086
33.33,2.1716869440979494,3.106455958149027,-0.28041888962133654
33.34,2.1716869440979494,3.453886621824411,-0.15889887890960278
33.35,2.1716869440979494,3.37718297936376,-0.10415699573442773
33.36,2.1716869440979494,3.090679452331296,0.015851624125668984
33.37,2.1716869440979494,3.2092009274696514,0.14104247673789022
33.38,2.1716869440979494,3.4615290248020196,-0.3227034920728647
33.39,2.1716869440979494,3.054683825746696,-0.17679643591087307
33.4,2.1716869440979494,3.2112304718093596,-0.09090178737548645
33.410000000000004,2.1716869440979494,3.4395600251435767,0.004113258061356151
33.42,2.1716869440979494,3.5442736925302665,0.006808481423914103
33.43,2.1716869440979494,3.083547906243705,-0.37781278106240745
33.44,2.1716869440979494,3.3711088264195386,-0.4751909499376764
33.45,2.1716869440979494,3.1385135436923868,-0.14185943179328708
33.46,2.1716869440979494,3.1457770513650263,-0.0832387169215488
33.47,2.1716869440979494,2.9939403519849335,0.06773774649281505
33.480000000000004,2.1716869440979494,3.375149437007382,-0.2959036840066578
33.49,2.1716869440979494,3.2045633522424053,-0.3296430267560305
33.5,2.1716869440979494,3.540243628019486,0.11056647828814564
33.51,2.1716869440979494,3.0512918855511377,0.01901265731494406
33.52,2.1716869440979494,3.093355978675303,-0.2396341362886787
33.53,2.1716869440979494,3.1474971481208303,0.0653717552088503
33.54,2.1716869440979494,2.9834717617486652,-0.61896222373218
33.55,2.1716869440979494,3.2294938132892286,-0.48254924347731154
33.56,2.1716869440979494,3.4625354663441366,-0.7417237425463632
33.57,2.1716869440979494,3.3808582494771935,-0.3011268877903582
33.58,2.1716869440979494,3.4249222727383923,-0.6579874990518537
33.59,2.1716869440979494,3.0560485941584528,-0.3238791450611863
33.6,2.1716869440979494,3.535037034588684,-0.37099087740311076
33.61,2.1716869440979494,3.155224662568199,-0.5347763819159121
33.62,2.1716869440979494,3.0780213069474134,-0.4911762102188153
33.63,2.1716869440979494,2.920305480585505,-0.25964119887903336
33.64,2.1716869440979494,3.1314157086892225,-0.38423161436950926
33.65,2.1716869440979494,3.2902487865714276,-0.4700415401450012
33.660000000000004,2.1716869440979494,2.850372520989235,-0.27375661340120716
33.67,2.1716869440979494,2.8915490539528217,-0.10538725515450931
33.68,2.1716869440979494,3.4620024435849563,-0.3759016382344582
33.69,2.1716869440979494,3.2795913166149138,-0.4710325153019037
33.7,2.1716869440979494,3.265635265328907,-0.7296268871081572
33.71,2.1716869440979494,3.140806891945082,-0.5282021146796576
33.72,2.1716869440979494,3.148092317691569,-0.5871391668477817
33.730000000000004,2.1716869440979494,3.12048898906714,-0.3828124343463861
33.74,2.1716869440979494,3.2020745855830266,-0.04392822217506853
33.75,2.1716869440979494,3.23484162652036,-0.21449121485455785
33.76,2.1716869440979494,3.3001213694698635,-0.7056960811222369
33.77,2.1716869440979494,3.273559158582168,-0.37803297899670363
33.78,2.1716869440979494,3.348488307074841,-0.635655470860095
33.79,2.1716869440979494,3.2088311942161476,-0.5207778645416179
33.8,2.1716869440979494,3.057589787627077,-0.3768156896739307
33.81,2.1716869440979494,2.759868680173439,-0.5561871121553857
33.82,2.1716869440979494,2.919429720338855,-0.4615441839682787
33.83,2.1716869440979494,3.370957349855691,-0.626060118690668
33.84,2.1716869440979494,2.4929214536708457,-0.7752535473205694
33.85,2.1716869440979494,2.652294782853043,-0.8580120976346035
33.86,2.1716869440979494,3.1483792649754077,-0.6251438381409049
33.87,2.1716869440979494,2.940984674809501,-0.49710145298461983
33.88,2.1716869440979494,2.9337895593759553,-0.6611102644353399
33.89,2.1716869440979494,2.8067039280312356,-0.7318490108690148
33.9,2.1716869440979494,2.726733529107624,-0.9383738116117779
33.910000000000004,2.1716869440979494,2.6630497736662817,-0.6622929127490151
33.92,2.1716869440979494,2.7441711009216174,-0.4951215484827412
33.93,2.1716869440979494,2.9658159018632246,-0.40021245628534696
33.94,2.1716869440979494,3.364972634013275,-0.4104838777260734
33.95,2.1716869440979494,3.108889292125612,-0.710389669833758
33.96,2.1716869440979494,2.721870322891754,-0.5744486545500417
33.97,2.1716869440979494,3.278612181081336,-0.47345023439422906
33.980000000000004,2.1716869440979494,2.8335013818145915,-0.48326809388539693
33.99,2.1716869440979494,2.8927085643570245,-0.5466227506732435
34.0,2.1716869440979494,2.847061364182282,-0.7986996108982554
34.01,2.1716869440979494,2.779109778194724,-0.5095840338437612
34.02,2.1716869440979494,3.084993985861626,-0.43177246313396644
34.03,2.1716869440979494,2.721517253761312,-0.5093108459912137
34.04,2.1716869440979494,2.590649933657667,-0.6847095937357186
34.05,2.1716869440979494,2.6629855150059125,-0.3314699097219931
34.06,2.1716869440979494,3.1436199693331273,-0.6238840702705031
34.07,2.1716869440979494,2.8592467426995962,-0.6465586092271979
34.08,2.1716869440979494,2.8130214246015384,-1.0056045647799798
34.09,2.1716869440979494,3.2360304793129395,-0.31371857889215754
34.1,2.1716869440979494,2.889745741188255,-0.4133569701709814
34.11,2.1716869440979494,2.88617196648192,-0.8914547443323252
34.12,2.1716869440979494,2.6487882674970105,-0.45783499699072894
34.13,2.1716869440979494,2.7626493486553727,-0.5928648867643134
34.14,2.1716869440979494,2.7926901848490835,-0.3826259729972173
34.15,2.1716869440979494,2.7328544620986923,-0.743874915862712
34.160000000000004,2.1716869440979494,2.803061899058566,-0.7323486498454429
34.17,2.1716869440979494,2.770558247634453,-0.6861377053055756
34.18,2.1716869440979494,2.621531126693351,-0.4021206075944976
34.19,2.1716869440979494,3.013971077699014,-1.183812455194512
34.2,2.1716869440979494,2.5800205167011336,-0.8966867681081526
34.21,2.1716869440979494,3.142189073598921,-0.6627724770077211
34.22,2.1716869440979494,2.464711339412748,-0.903886828355867
34.230000000000004,2.1716869440979494,2.797965678344004,-0.47119566866702367
34.24,2.1716869440979494,2.7361221336504626,-0.7240390030311391
34.25,2.1716869440979494,2.830657975143428,-0.520819692953334
34.26,2.1716869440979494,2.429039272800136,-0.6799042966836533
34.27,2.1716869440979494,2.8902317729702687,-0.7459039577911913
34.28,2.1716869440979494,2.541283523075083,-1.2116206008269752
34.29,2.1716869440979494,2.738730560844317,-0.8156951345307195
34.300000000000004,2.1716869440979494,2.9036647188648352,-0.6600991464548919
34.31,2.1716869440979494,2.3950079575496255,-0.8428127790011737
34.32,2.1716869440979494,2.971142516423272,-0.691246014580598
34.33,2.1716869440979494,2.7695672174714345,-0.637587515880506
34.34,2.1716869440979494,2.744042734912604,-0.8013085222737675
34.35,2.1716869440979494,2.436250314640187,-0.5731850184211948
34.36,2.1716869440979494,2.788346829448875,-0.7282094894236512
34.37,2.1716869440979494,2.4279654393333057,-0.6060194375061105
34.38,2.1716869440979494,2.7837505956207496,-0.7826951387926482
34.39,2.1716869440979494,2.6725369784658697,-1.0959136224564787
34.4,2.1716869440979494,2.7752178244158126,-0.375182080887638
34.410000000000004,2.1716869440979494,2.8408851906365884,-0.7634341327596118
34.42,2.1716869440979494,2.2497863579023836,-0.7565573413453863
34.43,2.1716869440979494,2.709949010968083,-0.8903833130615981
34.44,2.1716869440979494,2.8260070414316996,-0.8156022342368383
34.45,2.1716869440979494,2.9243449900243452,-1.1453212265010266
34.46,2.1716869440979494,2.860762496264149,-0.7070333731752215
34.47,2.1716869440979494,2.752649859767723,-0.49612052923542405
34.480000000000004,2.1716869440979494,2.5826546907962804,-0.9260927237543495
34.49,2.1716869440979494,2.668052329303688,-0.9552391131268239
34.5,2.1716869440979494,2.2764279720797247,-0.8211188002914467
34.51,2.1716869440979494,2.7360361364814274,-0.8390969440882232
34.52,2.1716869440979494,2.391760658273518,-0.8542399747812937
34.53,2.1716869440979494,2.3167577188240047,-0.7713368443989876
34.54,2.1716869440979494,2.495247822451467,-1.1261194124910021
34.550000000000004,2.1716869440979494,2.481290798410615,-0.5818962731253279
34.56,2.1716869440979494,2.3771861503899023,-0.677099297633341
34.57,2.1716869440979494,2.362359788603434,-0.989921649988067
34.58,2.1716869440979494,2.3796154378588064,-0.6722730319280333
34.59,2.1716869440979494,2.467042075072365,-0.7341346025877756
34.6,2.1716869440979494,2.8677302205451753,-0.7848303924741374
34.61,2.1716869440979494,2.483398540613519,-0.8899088107265325
34.62,2.1716869440979494,2.8353054210097213,-0.4452686130737404
34.63,2.1716869440979494,2.631055185166612,-0.523839785377844
34.64,2.1716869440979494,2.7680133470789157,-1.0061881838544111
34.65,2.1716869440979494,2.215643460268246,-0.8493929193840993
34.660000000000004,2.1716869440979494,2.3656028290518707,-0.7633344898806618
34.67,2.1716869440979494,2.826283382693767,-0.9592013229703426
34.68,2.1716869440979494,2.7429155925365003,-0.6773384814901499
34.69,2.1716869440979494,2.47121430606807,-0.7234496939577265
34.7,2.1716869440979494,2.199997243227005,-0.7000959977189096
34.71,2.1716869440979494,2.165053860887672,-0.3786539807138896
34.72,2.1716869440979494,2.0544346372609326,-0.803574496085328
34.730000000000004,2.1716869440979494,2.551377395611481,-0.660138029784464
34.74,2.1716869440979494,2.444420640197572,-0.44127669405549524
34.75,2.1716869440979494,2.1167318572004743,-0.7580697110123075
34.76,2.1716869440979494,2.346636429715266,-0.4322596454340301
34.77,2.1716869440979494,2.333117441242104,-0.775094302911701
34.78,2.1716869440979494,2.3889810508889946,-0.8370681427549591
34.79,2.1716869440979494,2.379820835975615,-0.7261799833622108
34.800000000000004,2.1716869440979494,2.304524959494094,-0.9031813572295955
34.81,2.1716869440979494,2.2676540365642874,-0.5908532702967141
34.82,2.1716869440979494,2.5535927195269825,-0.7208521262665515
34.83,2.1716869440979494,2.6294120658078275,-0.7278333788548232
34.84,2.1716869440979494,2.312520074753824,-0.7840202837973042
34.85,2.1716869440979494,2.31918751888098,-0.735529506848745
34.86,2.1716869440979494,1.6033609595318468,-0.43490716311403105
34.87,2.1716869440979494,2.552764744578657,-0.5401578050796563
34.88,2.1716869440979494,2.4075593366203933,-0.8898272060397703
34.89,2.1716869440979494,2.3117211922281546,-0.8458590423201722
34.9,2.1716869440979494,2.131882906144796,-0.34090976306342363
34.910000000000004,2.1716869440979494,2.046966291598878,-0.6626419070376416
34.92,2.1716869440979494,2.1452100698864127,-0.45238009271027385
34.93,2.1716869440979494,2.6879360389226545,-0.9133517590109778
34.94,2.1716869440979494,2.792109861234163,-0.5716589589139923
34.95,2.1716869440979494,1.983668051742217,-0.44672738486426533
34.96,2.1716869440979494,2.290843684590289,-0.5216867889026975
34.97,2.1716869440979494,2.0760510401609293,-0.4948314333450641
34.980000000000004,2.1716869440979494,2.2728551434214825,-1.1369249364205336
34.99,2.1716869440979494,2.6909996940743697,-0.7183307657703533
35.0,2.1716869440979494,2.1149753725162572,-0.7781816859149953
35.01,2.1716869440979494,2.108730018937337,-0.46238359417989716
35.02,2.1716869440979494,2.230017272678817,-1.055227800583201
35.03,2.1716869440979494,1.8018228906710503,-1.050616836768744
35.04,2.1716869440979494,2.181105484706855,-0.7336537690533339
35.050000000000004,2.1716869440979494,2.110440936915902,-0.871785250549715
35.06,2.1716869440979494,1.934217994106651,-0.9150248287785918
35.07,2.1716869440979494,2.3510110332254603,-0.2548007819000226
35.08,2.1716869440979494,1.9155988996088602,-0.4937779961563523
35.09,2.1716869440979494,1.5809817453000754,-0.6595986320183277
35.1,2.1716869440979494,2.286739498644631,-0.8396935282384206
35.11,2.1716869440979494,2.16884743372647,-0.4453266851968469
35.12,2.1716869440979494,2.403010257447288,-0.2627591468866928
35.13,2.1716869440979494,2.177590840770997,-0.670855117374499
35.14,2.1716869440979494,2.1875905299058203,-0.5903808823281744
35.15,2.1716869440979494,2.2832598375504976,-0.9226957321282895
35.160000000000004,2.1716869440979494,1.8091760733717135,-0.535531724926117
35.17,2.1716869440979494,2.177294878575347,-0.4473279842555131
35.18,2.1716869440979494,2.0234137236900303,-0.6100922120611557
35.19,2.1716869440979494,2.11447937599798,-0.3117440604375781
35.2,2.1716869440979494,2.2286705481729414,-0.5161128243851552
35.21,2.1716869440979494,1.8395262824104532,-0.5115000960101811
35.22,2.1716869440979494,1.9208005021544063,-0.3812660290061279
35.230000000000004,2.1716869440979494,2.182262724380482,-0.8712678868770991
35.24,2.1716869440979494,2.5373420290782223,-1.0379042147865913
35.25,2.1716869440979494,2.0751867034783404,-0.6456634513221791
35.26,2.1716869440979494,2.050062938306032,-0.6129185317783098
35.27,2.1716869440979494,1.9518460797662074,-0.5768020496317745
35.28,2.1716869440979494,1.8781014579116162,-0.4704386626524894
35.29,2.1716869440979494,2.253149347683388,-0.3402613033163182
35.300000000000004,2.1716869440979494,2.367598517371215,-0.28352315110683873
35.31,2.1716869440979494,1.603522493995638,-0.2816728773899894
35.32,2.1716869440979494,2.0934486369979823,-0.4428336885772951
35.33,2.1716869440979494,2.107054922826595,-0.6026748080059694
35.34,2.1716869440979494,1.7745312515397331,-0.21921754434042795
35.35,2.1716869440979494,2.2505848643472226,-0.48597653941185
35.36,2.1716869440979494,2.0230922069830495,-0.7560158842049796
35.37,2.1716869440979494,2.137330375414309,-0.49141736414883846
35.38,2.1716869440979494,2.1842505436217583,-0.6448596439575565
35.39,2.1716869440979494,2.114233026691485,-0.657273181494681
35.4,2.1716869440979494,1.862085154500617,-0.40944175649015374
35.410000000000004,2.1716869440979494,2.0905480458484464,-0.27456976473840106
35.42,2.1716869440979494,1.718674378067128,-0.5055094806236208
35.43,2.1716869440979494,1.552562808197135,-0.2677658110105935
35.44,2.1716869440979494,1.9684984250890916,-0.7697779550659084
35.45,2.1716869440979494,2.3088483873647445,-0.5162070358890085
35.46,2.1716869440979494,2.0573584018168436,-0.5274561073819632
35.47,2.1716869440979494,1.9521238165677417,-0.680394436129886
35.480000000000004,2.1716869440979494,1.9510840454285638,-0.49217606837341576
35.49,2.1716869440979494,2.0219067484707467,-0.8805420994313313
35.5,2.1716869440979494,1.7432879004804966,-0.34197585486963644
35.51,2.1716869440979494,2.2938531599724046,-0.27704325510900724
35.52,2.1716869440979494,2.138930975786515,-0.18456064942451061
35.53,2.1716869440979494,1.837315909469084,-0.3491519194031472
35.54,2.1716869440979494,1.919535709723842,-0.42573182321708924
35.550000000000004,2.1716869440979494,1.8726550687587897,-0.48076051243769585
35.56,2.1716869440979494,1.93387943494471,-0.6077015802592971
35.57,2.1716869440979494,1.5662620519575559,-0.629825186162006
35.58,2.1716869440979494,1.9603545552762163,-0.561566178291817
35.59,2.1716869440979494,1.8610544074348552,-0.17233934898789255
35.6,2.1716869440979494,1.8557154692835196,-0.5224986289902221
35.61,2.1716869440979494,1.6559886504387673,-0.3518416257414245
35.62,2.1716869440979494,1.914753734713245,-0.2664332258209958
35.63,2.1716869440979494,1.9216202242426532,-0.6280964738258107
35.64,2.1716869440979494,1.8296710872493989,-0.6743894603485754
35.65,2.1716869440979494,1.970807613968672,-0.49987792648645113
35.660000000000004,2.1716869440979494,1.8830786738074368,-0.5098957421298211
35.67,2.1716869440979494,2.192396914164173,-0.37894109288427047
35.68,2.1716869440979494,1.6116939165518824,-0.18309988450257986
35.69,2.1716869440979494,1.7427437466758786,-0.30981901761285924
35.7,2.1716869440979494,1.8032499984104706,-0.10642690766152163
35.71,2.1716869440979494,1.7769597028070523,-0.4895097911118216
35.72,2.1716869440979494,2.327440307260706,-0.29686016328483544
35.730000000000004,2.1716869440979494,1.6980593360585097,-0.7847521357880578
35.74,2.1716869440979494,1.7507956333668946,-0.3111146308135237
35.75,2.1716869440979494,1.531128444233068,-0.5637664617768374
35.76,2.1716869440979494,2.3857301494840724,-0.5112363291012209
35.77,2.1716869440979494,1.9340794744094758,-0.740269360988554
35.78,2.1716869440979494,1.7908956595853245,-0.7097335064260899
35.79,2.1716869440979494,1.6398760041647507,0.2866139453636268
35.800000000000004,2.1716869440979494,1.7114697068925562,-0.7198835856581007
35.81,2.1716869440979494,1.7072729871545953,-0.5409617498913147
35.82,2.1716869440979494,1.972313986775677,-0.27436302281853403
35.83,2.1716869440979494,1.951779692946654,-0.41385967424214015
35.84,2.1716869440979494,1.8867566965887832,-0.01907227604759748
35.85,2.1716869440979494,1.5607913030513507,-0.12292455136010808
35.86,2.1716869440979494,1.736564377801031,-0.2523892819657573
35.87,2.1716869440979494,1.671446441903274,-0.26384317232825727
35.88,2.1716869440979494,1.9588671356189882,-0.3914717055110216
35.89,2.1716869440979494,1.8840635389347429,-0.24867151745504504
35.9,2.1716869440979494,2.0099892776296415,-0.3266248692507411
35.910000000000004,2.1716869440979494,1.7615153935751766,-0.5333404046789361
35.92,2.1716869440979494,1.9223158400418214,-0.25646938633925603
35.93,2.1716869440979494,1.692379053316265,-0.1764022119360174
35.94,2.1716869440979494,1.9701478856934758,-0.047751065524618275
35.95,2.1716869440979494,1.5626264419549636,-0.20766339068477785
35.96,2.1716869440979494,1.461730906928663,-0.3051316349639592
35.97,2.1716869440979494,2.0128452216425936,-0.4126820912918082
35.980000000000004,2.1716869440979494,1.9643679313785993,-0.38867151426891355
35.99,2.1716869440979494,2.089365618142259,-0.34960846169827664
36.0,2.1716869440979494,2.007978530763225,-0.40416284853138085
36.01,2.1716869440979494,2.0139143334577376,-0.3013362125065319
36.02,2.1716869440979494,1.4735833347905882,-0.46230904667415773
36.03,2.1716869440979494,1.9722404586526854,-0.1171019129640258
36.04,2.1716869440979494,1.6751563842932011,-0.2328492803500459
36.050000000000004,2.1716869440979494,1.794343614371433,-0.39811823510304784
36.06,2.1716869440979494,1.6539789009972836,-0.21642680349114807
36.07,2.1716869440979494,1.9332384965715808,-0.03610299223962282
36.08,2.1716869440979494,1.730122380114688,-0.37922613951615947
36.09,2.1716869440979494,2.0432103090288085,-0.22675590355695946
36.1,2.1716869440979494,1.8713416296810068,0.10111418623592555
36.11,2.1716869440979494,1.8847987129326713,-0.14927856539833292
36.12,2.1716869440979494,1.5960637756719178,0.09162704431821284
36.13,2.1716869440979494,1.8694905116681906,-0.4100948451890535
36.14,2.1716869440979494,1.6561939985895193,-0.5039072556968469
36.15,2.1716869440979494,2.188247866013006,-0.06601418655962518
36.160000000000004,2.1716869440979494,1.9772452470767852,0.10015891230335314
36.17,2.1716869440979494,1.447951800894832,0.013188306513340853
36.18,2.1716869440979494,1.94584700553592,0.208389600720183
36.19,2.1716869440979494,1.542957475299782,0.12661855930049343
36.2,2.1716869440979494,1.9641667891720465,-0.008739564404409872
36.21,2.1716869440979494,1.801828550842502,0.18660928217419276
36.22,2.1716869440979494,1.6731808370106496,-0.3614351611289441
36.230000000000004,2.1716869440979494,1.5934195798213302,0.24973648377472085
36.24,2.1716869440979494,1.8623003022248348,-0.19307466380273147
36.25,2.1716869440979494,1.5578338912052478,-0.04713567960142364
36.26,2.1716869440979494,1.536064743594078,-0.27448287086086365
36.27,2.1716869440979494,1.565869800792203,0.03903987257756951
36.28,2.1716869440979494,1.4693160164713501,-0.19438448780208148
36.29,2.1716869440979494,2.07060112897836,-0.1713281345960477
36.300000000000004,2.1716869440979494,1.7082391817298004,0.07753581690716504
36.31,2.1716869440979494,1.4942665721741566,-0.2523534259486293
36.32,2.1716869440979494,1.6357678808024698,-0.3650205834596095
36.33,2.1716869440979494,1.856406702849187,0.603108089400873
36.34,2.1716869440979494,1.7721913469842314,-0.2036564203735979
36.35,2.1716869440979494,1.5621276526239671,-0.34614994980394354
36.36,2.1716869440979494,1.8253142151806951,-0.09723838822586706
36.37,2.1716869440979494,1.694795617625217,-0.05035827781519223
36.38,2.1716869440979494,1.6762651412411445,0.16274988598852533
36.39,2.1716869440979494,1.7476839337576238,0.052093537580747654
36.4,2.1716869440979494,1.709477259008958,-0.41580197716625616
36.410000000000004,2.1716869440979494,1.7383460431490805,0.08730255654326101
36.42,2.1716869440979494,1.6575319602983452,-0.13052386820401515
36.43,2.1716869440979494,1.7421524576655394,0.013574850626831817
36.44,2.1716869440979494,1.3228002289667842,-0.1837129315541767
36.45,2.1716869440979494,1.903574509238085,-0.09236713454644556
36.46,2.1716869440979494,1.5864187353596726,0.24813117276112726
36.47,2.1716869440979494,1.7906323533457247,-0.009112627481045642
36.480000000000004,2.1716869440979494,1.3398902754851538,0.3895761647751625
36.49,2.1716869440979494,1.8329867810234384,0.013870778558981141
36.5,2.1716869440979494,1.635904639413528,-0.09493396521725653
36.51,2.1716869440979494,1.9039153108818638,-0.03051943928074039
36.52,2.1716869440979494,1.712321274212792,-0.22529131398212693
36.53,2.1716869440979494,1.2745755736606448,0.022683768728423516
36.54,2.1716869440979494,1.6074332754538103,-0.2022339862598197
36.550000000000004,2.1716869440979494,1.9790818764992766,-0.03675650136326335
36.56,2.1716869440979494,1.6120837963584413,0.05017708422511939
36.57,2.1716869440979494,1.5606142912726784,0.1421155310489959
36.58,2.1716869440979494,1.8698288146404272,0.2865611771318656
36.59,2.1716869440979494,1.468839500341003,0.10516292663301599
36.6,2.1716869440979494,1.5078666122560762,0.22099095283891282
36.61,2.1716869440979494,1.4823181759477178,0.25325301074494855
36.62,2.1716869440979494,1.7494784658631963,0.040488382754986396
36.63,2.1716869440979494,1.7942700108917116,-0.32303319534266695
36.64,2.1716869440979494,0.9986272179621831,-0.17219438858582004
36.65,2.1716869440979494,1.7926874633246,-0.01278986041167604
36.660000000000004,2.1716869440979494,1.9484161531794486,0.40209680089057365
36.67,2.1716869440979494,1.7941814155545672,0.13619833781863627
36.68,2.1716869440979494,1.8602546730046126,0.2663672402600519
36.69,2.1716869440979494,1.537462335681374,0.06970365337344914
36.7,2.1716869440979494,1.693795089538825,0.29668625042783753
36.71,2.1716869440979494,1.6928665159670147,0.11273681906764271
36.72,2.1716869440979494,1.970833013260127,0.11698355506661808
36.730000000000004,2.1716869440979494,1.7721357199665155,0.08560636752023468
36.74,2.1716869440979494,1.86932849929228,0.5104999236116787
36.75,2.1716869440979494,1.592912596350161,0.36882759396041487
36.76,2.1716869440979494,1.7503382797017366,-0.028877448528332267
36.77,2.1716869440979494,1.9214578197319359,0.09354021494321743
36.78,2.1716869440979494,1.44759013753603,-0.14393609764477416
36.79,2.1716869440979494,1.4695765376042398,0.12272736247679665
36.800000000000004,2.1716869440979494,1.7745280887801567,0.3961146211586743
36.81,2.1716869440979494,1.8500875790052116,0.09623338735348107
36.82,2.1716869440979494,1.8422798652160828,0.028823000061460796
36.83,2.1716869440979494,1.7266322554563842,0.26526732349807863
36.84,2.1716869440979494,1.4169644665398762,-0.06430168276777737
36.85,2.1716869440979494,1.6432240647246443,0.475460016396655
36.86,2.1716869440979494,1.9787797794424178,0.5613676015192555
36.87,2.1716869440979494,1.6564130540826796,0.1185463128632733
36.88,2.1716869440979494,1.742324577604972,0.3105302481322057
36.89,2.1716869440979494,1.9458805694154668,0.2553317428448601
36.9,2.1716869440979494,1.6816296669348558,0.20822203819738397
36.910000000000004,2.1716869440979494,1.8423470930400898,0.2861938033553854
36.92,2.1716869440979494,1.8201998180946894,-0.10900936568511924
36.93,2.1716869440979494,1.7960610360130038,0.3405549985545706
36.94,2.1716869440979494,1.8865128418202497,0.18066653597235816
36.95,2.1716869440979494,1.5343388104211075,-0.0732202178218376
36.96,2.1716869440979494,1.7619052845464398,0.2408200169701456
36.97,2.1716869440979494,1.9125472474612177,0.48443753809198936
36.980000000000004,2.1716869440979494,2.0108724282882986,0.08438834857287152
36.99,2.1716869440979494,1.812640639097789,0.551913878297362
37.0,2.1716869440979494,1.9486297444309097,0.07698924719987701
37.01,2.1716869440979494,1.8628626178166754,-0.040472971777988836
37.02,2.1716869440979494,1.8543855294211367,0.6016500320910467
37.03,2.1716869440979494,1.9914398181539115,0.22930766250786075
37.04,2.1716869440979494,1.9054215965046737,0.31983416546289667
37.050000000000004,2.1716869440979494,1.7912106930600136,0.08922950036015567
37.06,2.1716869440979494,1.7074003864444904,0.06485576050584474
37.07,2.1716869440979494,1.8777989983362608,0.1439812372798137
37.08,2.1716869440979494,1.7919646560790823,-0.040848954796073034
37.09,2.1716869440979494,1.6584477798791477,0.14462214674800178
37.1,2.1716869440979494,1.686303703033968,-0.03257274678795824
37.11,2.1716869440979494,2.0392574925585527,0.5795279487898928
37.12,2.1716869440979494,1.563257577046474,0.43826404259356533
37.13,2.1716869440979494,1.578631581346488,0.41773766014240926
37.14,2.1716869440979494,1.705093088970186,0.41098333939465087
37.15,2.1716869440979494,1.7070847694245965,0.24388904119346488
37.160000000000004,2.1716869440979494,1.6526227474163844,0.3993362702782668
37.17,2.1716869440979494,1.5006187297411446,0.30435513677095416
37.18,2.1716869440979494,1.49847854385446,0.14936403592271863
37.19,2.1716869440979494,2.066505906574712,0.2446288410079902
37.2,2.1716869440979494,2.1039090819047717,0.2581414963258406
37.21,2.1716869440979494,1.7685700307428949,0.15287989849917644
37.22,2.1716869440979494,1.8578020969691749,0.32141535316190184
37.230000000000004,2.1716869440979494,1.420910030346887,0.44920648492373266
37.24,2.1716869440979494,1.945343939471507,0.1280578531343567
37.25,2.1716869440979494,1.7920059414507588,0.4268838706617002
37.26,2.1716869440979494,1.8888944611313487,0.041292029120817
37.27,2.1716869440979494,1.5472806168133015,0.3350853590690675
37.28,2.1716869440979494,2.042128650537094,0.42269123582687074
37.29,2.1716869440979494,1.8212529701191673,0.15774232516259956
37.300000000000004,2.1716869440979494,1.5779386455349815,-0.11242284224300492
37.31,2.1716869440979494,1.5485965719511214,0.4811196160108464
37.32,2.1716869440979494,1.7728571046255952,-0.05029560088611029
37.33,2.1716869440979494,1.7066729081635927,0.26289631046200246
37.34,2.1716869440979494,1.7428918664524577,0.5176681251685407
37.35,2.1716869440979494,2.126690381770588,0.34696244044485874
37.36,2.1716869440979494,1.7824714137190136,0.3171804509024388
37.37,2.1716869440979494,1.739995192041012,0.23404318519832473
37.38,2.1716869440979494,1.854851626096498,0.15063578497047925
37.39,2.1716869440979494,1.8755882834133817,0.4572389854535563
37.4,2.1716869440979494,2.0932915919006994,-0.025749299013839044
37.410000000000004,2.1716869440979494,2.38654168891805,0.28602365256016743
37.42,2.1716869440979494,1.8635048816047242,0.4160020778440239
37.43,2.1716869440979494,1.8940082336493835,0.2766256204106629
37.44,2.1716869440979494,1.8081390085798348,0.3240048884293855
37.45,2.1716869440979494,2.2342566623369193,0.4798263343853858
37.46,2.1716869440979494,1.3315948725461366,-0.0038102273957428823
37.47,2.1716869440979494,1.921986845216542,0.5234751312891122
37.480000000000004,2.1716869440979494,1.7783921554662139,0.35471289698446185
37.49,2.1716869440979494,2.237290389701175,0.20413800441376534
37.5,2.1716869440979494,1.7944131550264837,0.29240597130067064
37.51,2.1716869440979494,1.903766917942932,0.21198937086452763
37.52,2.1716869440979494,1.8717028566702079,0.3724591832548927
37.53,2.1716869440979494,2.0140889080061095,0.1443452091735774
37.54,2.1716869440979494,2.1615531820885643,0.4748073924822448
37.550000000000004,2.1716869440979494,2.081722026259034,0.2070434978183887
37.56,2.1716869440979494,1.6601452979110576,0.2040640540447421
37.57,2.1716869440979494,2.2896704995327393,0.5005099360028876
37.58,2.1716869440979494,1.789135398508319,0.21564168772464987
37.59,2.1716869440979494,1.6115098514066697,0.4100555872553405
37.6,2.1716869440979494,1.7066402467462958,0.3963146764387131
37.61,2.1716869440979494,1.6653384568273235,0.4509192947160573
37.62,2.1716869440979494,1.7237677375685134,0.33975000338483635
37.63,2.1716869440979494,2.0879038552288582,0.4036591558859975
37.64,2.1716869440979494,1.6739966733512617,0.676374408642564
37.65,2.1716869440979494,1.7259175830811486,0.29298155875634
37.660000000000004,2.1716869440979494,1.7898664907007926,0.24957975083548484
37.67,2.1716869440979494,1.8498315740697773,0.1798332861365727
37.68,2.1716869440979494,1.8055165873183783,0.2557246859798983
37.69,2.1716869440979494,1.9018051408366077,0.49625312433622026
37.7,2.1716869440979494,2.119964661743631,0.14023929111200237
37.71,2.1716869440979494,1.8466884128697603,0.2292660473599396
37.72,2.1716869440979494,2.248291090919774,0.26958518169455276
37.730000000000004,2.1716869440979494,1.8929603789451617,0.2377332119549765
37.74,2.1716869440979494,2.032390051448174,0.28891795788168945
37.75,2.1716869440979494,2.015924205528759,0.318731365561482
37.76,2.1716869440979494,2.030650262974335,0.21505403579391263
37.77,2.1716869440979494,1.943150069430123,0.2779073409358741
37.78,2.1716869440979494,2.052751824750419,0.4252457670739125
37.79,2.1716869440979494,1.636340864735887,0.22801869067169694
37.800000000000004,2.1716869440979494,1.6240340603362093,0.42557596620642996
37.81,2.1716869440979494,2.0647656927367297,0.3681593280704808
37.82,2.1716869440979494,2.391170113604651,-0.08956560685310494
37.83,2.1716869440979494,1.8736507384764607,0.042486244922744165
37.84,2.1716869440979494,1.9061503641740078,0.5078220865161788
37.85,2.1716869440979494,2.175800403779102,0.19588045968656584
37.86,2.1716869440979494,1.8024304937634514,0.19015408783440682
37.87,2.1716869440979494,2.039390359263844,0.4257538670762663
37.88,2.1716869440979494,1.8542797711367167,0.396184437781102
37.89,2.1716869440979494,2.042512801538801,0.258255848440924
37.9,2.1716869440979494,2.3274925835524467,0.2702013296576783
37.910000000000004,2.1716869440979494,2.489822319462752,0.4626446347196931
37.92,2.1716869440979494,1.9657878161059859,0.2423761688611877
37.93,2.1716869440979494,2.042606999718088,0.22659602708285292
37.94,2.1716869440979494,1.8871082864934672,0.2400059897686484
37.95,2.1716869440979494,1.9711469319650725,0.43400772363186885
37.96,2.1716869440979494,2.065018967840935,0.4450222770716201
37.97,2.1716869440979494,2.2871779553591054,0.052976151824455364
37.980000000000004,2.1716869440979494,2.0953273860275887,0.4907773305995924
37.99,2.1716869440979494,2.1497939713487195,0.2808431287204394
38.0,2.1716869440979494,2.005924373319162,0.6430028794613332
38.01,2.1716869440979494,2.028247167592733,0.2816031128857822
38.02,2.1716869440979494,2.4085264011162812,0.5990986125089061
38.03,2.1716869440979494,1.7190603550527275,0.25222357234159815
38.04,2.1716869440979494,2.23014694266783,0.36567108159610684
38.050000000000004,2.1716869440979494,1.9408899091498444,0.294883488924212
38.06,2.1716869440979494,2.2384927572140745,0.724902529755225
38.07,2.1716869440979494,2.058875441050007,0.3783430774396512
38.08,2.1716869440979494,1.9910535025816167,0.5406339431257707
38.09,2.1716869440979494,2.172086209728308,0.10918782404359598
38.1,2.1716869440979494,2.6335841084048788,0.2820488461448993
38.11,2.1716869440979494,2.268579072583224,0.3156688379104955
38.12,2.1716869440979494,2.064869970021255,0.16643490623972726
38.13,2.1716869440979494,1.981920418338314,0.3576995568666055
38.14,2.1716869440979494,2.3122842807595947,0.1760968931246795
38.15,2.1716869440979494,2.0352901383065443,0.2857736451235111
38.160000000000004,2.1716869440979494,2.148598087501837,0.49236016061638205
38.17,2.1716869440979494,2.1858850692090956,0.3812461960264919
38.18,2.1716869440979494,2.233320133737755,0.14551643461294353
38.19,2.1716869440979494,2.0233551618286336,0.7072992349809724
38.2,2.1716869440979494,2.1575110885149265,-0.058291992571180395
38.21,2.1716869440979494,2.3252700776240935,0.23774598071019903
38.22,2.1716869440979494,2.361766046490617,0.3514490926525024
38.230000000000004,2.1716869440979494,2.0429919800459264,0.18174184751033795
38.24,2.1716869440979494,2.1115041574705837,0.0613740356215553
38.25,2.1716869440979494,2.487286792882281,-0.04827095399164766
38.26,2.1716869440979494,2.3184423357260355,0.32237398846965
38.27,2.1716869440979494,1.8275273870263284,-0.0017382084735442227
38.28,2.1716869440979494,2.4721061585158615,0.24245098061232295
38.29,2.1716869440979494,2.2856354418632923,0.19431470187740013
38.300000000000004,2.1716869440979494,2.4113414430730984,0.028787184425849766
38.31,2.1716869440979494,2.3904082576368713,0.019069558979667722
38.32,2.1716869440979494,2.1154846669741434,0.45948432595228494
38.33,2.1716869440979494,2.4067260259932466,0.45722556905158745
38.34,2.1716869440979494,1.7973902078999628,0.34901686022371436
38.35,2.1716869440979494,2.407212447717035,0.3677917041806691
38.36,2.1716869440979494,2.373050837180205,0.12064987597467886
38.37,2.1716869440979494,2.098551686624229,0.5056032275540229
38.38,2.1716869440979494,2.1710078663326002,0.14790188866588413
38.39,2.1716869440979494,2.2101632362929258,0.30026119743381136
38.4,2.1716869440979494,2.2830210825281703,-0.04277058996842398
38.410000000000004,2.1716869440979494,2.0883119600659317,0.7059487184146768
38.42,2.1716869440979494,2.4316953458614563,0.1833960372660576
38.43,2.1716869440979494,2.3039119383335582,0.3386301832249403
38.44,2.1716869440979494,2.2840912243610143,0.16351751163124886
38.45,2.1716869440979494,2.5117063995431663,0.45343555106072336
38.46,2.1716869440979494,2.3687794202425745,0.21609313969115962
38.47,2.1716869440979494,2.0505838913473458,0.20384910970954093
38.480000000000004,2.1716869440979494,1.874513939321949,0.3224423140072039
38.49,2.1716869440979494,2.4631987181292976,0.3121813304143685
38.5,2.1716869440979494,1.874015030284455,0.2845022459767961
38.51,2.1716869440979494,2.3552091548259346,0.20364024466115674
38.52,2.1716869440979494,2.195190503071008,0.04218947485591165
38.53,2.1716869440979494,2.0102346851817825,0.5246849777951987
38.54,2.1716869440979494,2.033106730259277,0.43540158014296854
38.550000000000004,2.1716869440979494,2.031610128862357,0.453477876712027
38.56,2.1716869440979494,2.2246544771594494,0.18782984345253403
38.57,2.1716869440979494,2.3442698147110566,0.5715703818177206
38.58,2.1716869440979494,2.1931672625975387,0.07405297706900155
38.59,2.1716869440979494,2.471734600677287,0.49008238526008285
38.6,2.1716869440979494,2.028696995072574,0.17360823352049107
38.61,2.1716869440979494,2.384092667565172,0.08533933908526611
38.62,2.1716869440979494,2.2612934676465146,0.1332220558385744
38.63,2.1716869440979494,2.572827314355907,0.08864443953012466
38.64,2.1716869440979494,2.5495764791785276,0.45344729650693333
38.65,2.1716869440979494,2.531026089523044,0.28358193830783424
38.660000000000004,2.1716869440979494,2.1788862951515413,0.21706244610024986
38.67,2.1716869440979494,2.319477264046428,0.0007578415013304585
38.68,2.1716869440979494,2.247204073207685,0.2221142764835128
38.69,2.1716869440979494,2.688187587977053,0.33530962428804606
38.7,2.1716869440979494,1.91203363131132,0.09035560632413206
38.71,2.1716869440979494,2.6065440653154064,0.32087802612230865
38.72,2.1716869440979494,2.388112971389091,0.6529303560921493
38.730000000000004,2.1716869440979494,2.366471825589962,0.19509630178748072
38.74,2.1716869440979494,2.073449215306896,0.37343233164882605
38.75,2.1716869440979494,2.259674785078246,-0.2507706304885618
38.76,2.1716869440979494,2.193539096132025,0.320744370499408
38.77,2.1716869440979494,2.478929982100372,-0.04218990797864783
38.78,2.1716869440979494,2.372893924278654,0.3782174217011372
38.79,2.1716869440979494,2.3105839101069625,0.05620210488991548
38.800000000000004,2.1716869440979494,2.47738420970837,0.11688472940259595
38.81,2.1716869440979494,2.0981226084418867,0.3327210500117024
38.82,2.1716869440979494,2.4948963939250355,0.043609504735185045
38.83,2.1716869440979494,2.3504512457701323,0.4334596508446999
38.84,2.1716869440979494,2.2817540010803317,0.5406618336447729
38.85,2.1716869440979494,2.2873275649177014,-0.17635718733377437
38.86,2.1716869440979494,2.240216372219446,0.07468307783362649
38.87,2.1716869440979494,1.8270374912111382,-0.22670785281597766
38.88,2.1716869440979494,2.044101437602141,0.024449205806334556
38.89,2.1716869440979494,2.2131475625343406,0.47097663193124006
38.9,2.1716869440979494,2.1541612456797385,0.3252572077147365
38.910000000000004,2.1716869440979494,2.733772593812269,0.2226443086432717
38.92,2.1716869440979494,2.0015136327968763,0.22432565594091092
38.93,2.1716869440979494,2.565920140827766,0.1674074411745253
38.94,2.1716869440979494,2.440354629564996,0.30337191323841844
38.95,2.1716869440979494,2.352435745209173,0.21510575979586166
38.96,2.1716869440979494,2.465793343226027,0.33283351726281357
38.97,2.1716869440979494,2.628070779787275,-0.283492212925733
38.980000000000004,2.1716869440979494,2.513723876838041,0.443734302741996
38.99,2.1716869440979494,2.249467422582242,0.09659839006503998
39.0,2.1716869440979494,2.1470724918561706,0.0835150316603575
39.01,2.1716869440979494,2.2655378182369343,0.06648000744614964
39.02,2.1716869440979494,2.1394622632220006,-0.1316119759525722
39.03,2.1716869440979494,2.215411570408991,0.31771385179917666
39.04,2.1716869440979494,2.7119380268943263,0.0062748689935609725
39.050000000000004,2.1716869440979494,2.5564639094698123,0.008419227509833732
39.06,2.1716869440979494,2.2746794296464157,0.06544975194296938
39.07,2.1716869440979494,2.291331148797998,0.5363806613059106
39.08,2.1716869440979494,2.4769435752430726,0.2715203126467398
39.09,2.1716869440979494,2.222211103976908,0.27008230432448344
39.1,2.1716869440979494,1.8567293024423352,0.30065690266800293
39.11,2.1716869440979494,2.096728956973731,-0.0064457310170682736
39.12,2.1716869440979494,2.315174470334715,0.40169786172153327
39.13,2.1716869440979494,2.3794623376305215,0.4108744763070703
39.14,2.1716869440979494,2.363993472302443,0.32542602865532333
39.15,2.1716869440979494,2.049968567946356,0.07522044994791593
39.160000000000004,2.1716869440979494,2.156558953036607,0.1946186026725057
39.17,2.1716869440979494,2.396629221972037,-0.022483795991575295
39.18,2.1716869440979494,2.1464675000881455,-0.04994051613532184
39.19,2.1716869440979494,2.3324997633455506,0.1987107236865709
39.2,2.1716869440979494,2.484708474383856,-0.021125677772967158
39.21,2.1716869440979494,2.1759531624459467,0.2909976494309883
39.22,2.1716869440979494,2.3472925715724013,0.37965363521113954
39.230000000000004,2.1716869440979494,2.3420953566064497,0.07804698677094471
39.24,2.1716869440979494,2.2622580569253534,0.5622221047538897
39.25,2.1716869440979494,2.364348020845622,0.2706497256637478
39.26,2.1716869440979494,2.2147501604662514,0.08762566025300644
39.27,2.1716869440979494,2.3424027534616703,-0.17185865072899723
39.28,2.1716869440979494,2.378108890695922,-0.2431770720179084
39.29,2.1716869440979494,2.6667887018392373,-0.2668862243726948
39.300000000000004,2.1716869440979494,2.209935108793105,-0.09999827354889514
39.31,2.1716869440979494,2.6380240466011506,0.282433735359381
39.32,2.1716869440979494,2.5243576459182475,0.1486198168952547
39.33,2.1716869440979494,2.452855246285194,0.026255757333772493
39.34,2.1716869440979494,2.7144673031937594,0.13637720868341882
39.35,2.1716869440979494,2.085867260709516,-0.018581453771497697
39.36,2.1716869440979494,2.4465846291743496,0.2521031807584416
39.37,2.1716869440979494,2.3565183975624078,0.11100759994302245
39.38,2.1716869440979494,2.4773447853816135,-0.30445494290387515
39.39,2.1716869440979494,2.3996250680366074,0.2881556149814322
39.4,2.1716869440979494,2.5646022636864503,0.24236190856749615
39.410000000000004,2.1716869440979494,2.2656472746471277,0.3960765652806238
39.42,2.1716869440979494,2.4299649404476287,0.1097238979852656
39.43,2.1716869440979494,2.300949835851219,-0.07358425759535835
39.44,2.1716869440979494,2.3998063159739775,0.24513744382065356
39.45,2.1716869440979494,2.4472339186104963,-0.08994250730949738
39.46,2.1716869440979494,2.1516499453413163,0.09932363016241035
39.47,2.1716869440979494,2.6362475099433267,0.2538006827619176
39.480000000000004,2.1716869440979494,2.049642696589523,-0.372761451332868
39.49,2.1716869440979494,2.477228072838332,-0.237687803473986
39.5,2.1716869440979494,2.7247878883403214,0.0737467067238383
39.51,2.1716869440979494,2.3464909331685337,0.12747986771126182
39.52,2.1716869440979494,2.1170411018361572,-0.048497880307120864
39.53,2.1716869440979494,2.616210724053386,0.11299828147393962
39.54,2.1716869440979494,2.1996846989467485,0.1646868606172648
39.550000000000004,2.1716869440979494,1.8523035245424504,-0.19855517327111868
39.56,2.1716869440979494,2.750569549830536,0.15501071399273766
39.57,2.1716869440979494,2.396936624514347,0.05861574312429997
39.58,2.1716869440979494,2.165892019320926,0.10966997540093608
39.59,2.1716869440979494,2.3192592041089783,-0.08433084583385653
39.6,2.1716869440979494,2.560970031019931,-0.16115146944609565
39.61,2.1716869440979494,2.5031176633336063,-0.05189699654261818
39.62,2.1716869440979494,2.6287912282660133,-0.04741733527005181
39.63,2.1716869440979494,2.3540832759821217,0.11613675009810794
39.64,2.1716869440979494,2.294959553290941,0.2832071196884147
39.65,2.1716869440979494,2.6341212010539454,-0.021901689928052623
39.660000000000004,2.1716869440979494,2.4045508827828073,-0.10286395431970578
39.67,2.1716869440979494,2.4514309443120834,-0.2164027352582693
39.68,2.1716869440979494,2.094158814945066,0.04237087214116647
39.69,2.1716869440979494,2.4649423810590023,0.2085109909688727
39.7,2.1716869440979494,2.066282027728729,-0.11656581838474539
39.71,2.1716869440979494,2.465674635039724,-0.23941892912638782
39.72,2.1716869440979494,2.2818105994610844,0.016816247162170114
39.730000000000004,2.1716869440979494,2.415153797543867,-0.43955352259994446
39.74,2.1716869440979494,2.3588268660859764,0.2506405570991722
39.75,2.1716869440979494,2.3617098274114516,-0.15953570650536728
39.76,2.1716869440979494,2.680054211247328,-0.019522198826442627
39.77,2.1716869440979494,2.3768032253750664,0.07098606506075958
39.78,2.1716869440979494,2.4445758176419066,0.22404601393113152
39.79,2.1716869440979494,2.232231313960426,-0.18764120281922333
39.800000000000004,2.1716869440979494,2.2772434295793,-0.46508774642073136
39.81,2.1716869440979494,2.24285044145489,0.07519269454810144
39.82,2.1716869440979494,2.0507107156392355,-0.005631638040243324
39.83,2.1716869440979494,2.174137299589828,-0.2089276155877539
39.84,2.1716869440979494,2.504427216538004,0.2971285108206151
39.85,2.1716869440979494,2.5647311098043684,-0.13138853613865964
39.86,2.1716869440979494,2.5068117916778148,0.3512513152454431
39.87,2.1716869440979494,2.3932437028933387,0.10729670534966324
39.88,2.1716869440979494,2.606537839690285,-0.08909085462618321
39.89,2.1716869440979494,2.4703491815783245,0.2851818039641976
39.9,2.1716869440979494,2.329896292745661,-0.09067698108683875
39.910000000000004,2.1716869440979494,2.8257834600621976,-0.11851124533582469
39.92,2.1716869440979494,2.1844606012353838,0.3004633807439304
39.93,2.1716869440979494,1.9724591710747867,-0.06447203084480246
39.94,2.1716869440979494,2.1810340049233843,-0.45091200328717385
39.95,2.1716869440979494,2.3857728061530983,-0.11044751025052511
39.96,2.1716869440979494,2.176323403490319,-0.2988307803434913
39.97,2.1716869440979494,2.202404930009523,0.10773050113793245
39.980000000000004,2.1716869440979494,2.4641411695728137,-0.44712576190043324
39.99,2.1716869440979494,2.471632473271459,-0.14207308127454507
40.0,3.300423502990574,2.536385880362302,0.10879577997598079
40.01,3.300423502990574,2.135636578078101,0.1731776415416586
40.02,3.300423502990574,2.1511134032012458,-0.09821067286080601
40.03,3.300423502990574,2.46466344909718,0.02470965606934703
40.04,3.300423502990574,2.286589601337148,0.22342967386645793
40.050000000000004,3.300423502990574,2.1774907610055805,0.06646105625462467
40.06,3.300423502990574,2.4249591848538032,-0.021909633454622806
40.07,3.300423502990574,2.4383029231491,-0.20858248519890585
40.08,3.300423502990574,2.1677605673419276,0.46691704497920977
40.09,3.300423502990574,2.1964481372014477,-0.24400209214553936
40.1,3.300423502990574,2.2027331046478484,0.32439483820118303
40.11,3.300423502990574,2.687626864888398,0.07995107502213569
40.12,3.300423502990574,2.6363074938999493,0.09024508254277365
40.13,3.300423502990574,2.033997076936141,0.10130720069188019
40.14,3.300423502990574,2.4456653246688296,-0.2540323111932104
40.15,3.300423502990574,2.565523392209175,0.0176194326878457
40.160000000000004,3.300423502990574,2.3755146436174988,0.28895381906316414
40.17,3.300423502990574,2.0665674515896115,-0.12394040257729841
40.18,3.300423502990574,2.411506764077442,-0.126001521669549
40.19,3.300423502990574,2.4004394777194205,0.04843350563760518
40.2,3.300423502990574,2.1878754702982786,0.26912971626955207
40.21,3.300423502990574,2.7690669666711494,0.2855941288720376
40.22,3.300423502990574,2.3979233142835077,0.5030199416711228
40.230000000000004,3.300423502990574,2.2608069531673727,0.2804247103360733
40.24,3.300423502990574,1.9820301621039882,-0.12058424797652803
40.25,3.300423502990574,2.115897443124166,0.4527872508040519
40.26,3.300423502990574,2.218314104744818,0.21076854940286308
40.27,3.300423502990574,2.1493694754672363,-0.15057926925680762
40.28,3.300423502990574,2.387541172145821,0.6157998842556842
40.29,3.300423502990574,2.5349863586009516,0.016792512705087137
40.300000000000004,3.300423502990574,2.1576926486932426,0.3753759599441906
40.31,3.300423502990574,2.2669334530458722,0.30747388142275
40.32,3.300423502990574,2.151696732636576,0.4950046205497414
40.33,3.300423502990574,2.3306430601952934,0.12536761721166323
40.34,3.300423502990574,2.2599151510926583,0.25410289426516247
40.35,3.300423502990574,2.3085114444499277,0.7536286825666345
40.36,3.300423502990574,2.2949910222822196,0.3785755594315059
40.37,3.300423502990574,2.379126193083535,0.5990108267753929
40.38,3.300423502990574,2.6456917002286926,0.07441576183687318
40.39,3.300423502990574,2.5750951245443843,0.0814806139673481
40.4,3.300423502990574,2.327504479921742,0.4833041570185222
40.410000000000004,3.300423502990574,2.3178458368300543,0.2605941351829322
40.42,3.300423502990574,2.858351519989623,0.5126031781780098
40.43,3.300423502990574,2.236606143457222,0.25105880252441554
40.44,3.300423502990574,2.5517456535657286,0.12490157186618181
40.45,3.300423502990574,2.120265001256772,0.3578686647435999
40.46,3.300423502990574,2.5489540403763153,0.1464960034761348
40.47,3.300423502990574,2.2761818309421953,0.20681849762020177
40.480000000000004,3.300423502990574,2.662647764583352,0.3601056956083936
40.49,3.300423502990574,2.3539701502778376,0.7694781930233353
40.5,3.300423502990574,2.3699359549519414,0.5172305719839966
40.51,3.300423502990574,2.348918785260694,0.26333617968972134
40.52,3.300423502990574,2.7941274424620253,0.5971243228659553
40.53,3.300423502990574,2.3140751732929763,0.05488347454788495
40.54,3.300423502990574,2.313326412632962,-0.023549400618320115
40.550000000000004,3.300423502990574,2.333218846979452,0.5021026235772068
40.56,3.300423502990574,2.4447503679618077,0.17011540426683136
40.57,3.300423502990574,2.9535470890085844,0.5808357478194017
40.58,3.300423502990574,2.5500222602745315,0.5162463867691344
40.59,3.300423502990574,2.2945518013106048,0.39562469176858506
40.6,3.300423502990574,2.646369166294849,0.17794923646595234
40.61,3.300423502990574,2.868201304260694,0.41786024713443
40.62,3.300423502990574,2.1589877326330207,0.6838236219689067
40.63,3.300423502990574,2.296387177747065,0.2347296749385278
40.64,3.300423502990574,2.7446880051795026,0.7424299507854306
40.65,3.300423502990574,2.84993342853879,0.7337642725842259
40.660000000000004,3.300423502990574,2.268945296776784,0.5508981873543807
40.67,3.300423502990574,2.4725228997767963,0.6607386422105231
40.68,3.300423502990574,2.3955870404919866,0.12922464747123869
40.69,3.300423502990574,2.4858061791728403,0.5423041922862526
40.7,3.300423502990574,2.798820995899648,0.6464579817984158
40.71,3.300423502990574,2.4790250054567515,0.24754294971364724
40.72,3.300423502990574,2.6364047402931856,0.6642269787839424
40.730000000000004,3.300423502990574,3.0351257915310734,0.651508307790669
40.74,3.300423502990574,2.178815641556704,0.6983352600518924
40.75,3.300423502990574,2.8206710295858164,0.7951638168032612
40.76,3.300423502990574,2.8735126261138295,0.6169593051429113
40.77,3.300423502990574,2.226697197362316,0.16304760814194252
40.78,3.300423502990574,2.7954166910181972,0.7018897264334609
40.79,3.300423502990574,2.3818470136282706,-0.002338687894828384
40.800000000000004,3.300423502990574,2.5382566598719642,0.6765795414255547
40.81,3.300423502990574,2.199026563682412,0.5492503467128361
40.82,3.300423502990574,2.717746936492516,0.728023638599566
40.83,3.300423502990574,2.398463366740659,0.5124078767340281
40.84,3.300423502990574,2.42032689306362,0.769805489647098
40.85,3.300423502990574,2.4217810439681764,0.5472598578397182
40.86,3.300423502990574,2.3619505882152865,0.5216710354094936
40.87,3.300423502990574,2.8122305814443807,0.6922718072366684
40.88,3.300423502990574,2.9679244689839472,0.8101409093634866
40.89,3.300423502990574,2.189629134580397,0.42067495217398954
40.9,3.300423502990574,2.694063564502589,0.11366261380053722
40.910000000000004,3.300423502990574,2.6323019198485924,0.09673838560548453
40.92,3.300423502990574,2.279530088504025,0.37047985609573414
40.93,3.300423502990574,2.7117456519041365,0.5477667681336019
40.94,3.300423502990574,2.712780223129269,0.859140268320276
40.95,3.300423502990574,2.702878940080235,0.6372097292144552
40.96,3.300423502990574,2.815370137866247,0.5661855504239239
40.97,3.300423502990574,2.562575253713301,0.8606626652175894
40.980000000000004,3.300423502990574,2.6245882321655616,0.6134612030006685
40.99,3.300423502990574,2.5119607873543175,0.548018762622408
41.0,3.300423502990574,3.054884384143838,0.5316888837285072
41.01,3.300423502990574,2.6381239635329505,0.663296381327585
41.02,3.300423502990574,2.6092024508820355,0.6501970879808215
41.03,3.300423502990574,2.747446213112057,0.3889517013642433
41.04,3.300423502990574,2.9603152456750776,0.8739476951818509
41.050000000000004,3.300423502990574,2.6917598603488075,0.6539423165076904
41.06,3.300423502990574,2.785871660469966,0.5219310229208485
41.07,3.300423502990574,2.6569362629345132,0.8708548049218777
41.08,3.300423502990574,2.4005665258911786,1.0124886653771221
41.09,3.300423502990574,2.565144396139342,0.5536242885311651
41.1,3.300423502990574,3.145039640184139,0.6903428503613893
41.11,3.300423502990574,2.637610966537964,0.6778600036122797
41.12,3.300423502990574,3.0118959300367862,0.46397324285726427
41.13,3.300423502990574,2.8427396506919784,0.6476864461004037
41.14,3.300423502990574,2.667186518542078,0.6952483719356255
41.15,3.300423502990574,2.7882603561216994,0.9403004788978616
41.160000000000004,3.300423502990574,3.2366547470985068,0.7365865958607939
41.17,3.300423502990574,3.03465356798889,0.9922634815302915
41.18,3.300423502990574,2.6626706162623233,0.7178263169352525
41.19,3.300423502990574,3.015082622925215,0.5445807247757362
41.2,3.300423502990574,3.381283847622985,0.9997656570221154
41.21,3.300423502990574,2.785536143328396,0.6108802385877162
41.22,3.300423502990574,2.7195001823239284,0.9743778155930986
41.230000000000004,3.300423502990574,2.9608385943827575,0.5891547517047698
41.24,3.300423502990574,2.758048038025414,0.7546713503966966
41.25,3.300423502990574,2.837399350202467,0.878005292652549
41.26,3.300423502990574,2.829940996994823,0.6966722844583031
41.27,3.300423502990574,2.7441899524692484,0.6691421970153568
41.28,3.300423502990574,2.7741980789947975,0.527209898169413
41.29,3.300423502990574,2.925083679102257,0.5552368642441193
41.300000000000004,3.300423502990574,2.961913382938325,0.603190630913713
41.31,3.300423502990574,3.044003524756422,0.5345743469072939
41.32,3.300423502990574,2.974140014437346,0.3823292757014982
41.33,3.300423502990574,2.93716986185057,0.8297539981539678
41.34,3.300423502990574,2.9636178236498356,0.9963337988684093
41.35,3.300423502990574,3.1372317870073108,0.5083815463589973
41.36,3.300423502990574,3.2107003368846656,0.7272806763698081
41.37,3.300423502990574,2.6082839788914414,0.39923211039325834
41.38,3.300423502990574,2.961761778167809,0.3427448480764805
41.39,3.300423502990574,3.4960606615545227,0.9747776639231042
41.4,3.300423502990574,3.0333270147240423,0.5471996858322253
41.410000000000004,3.300423502990574,3.229166133308616,0.6631125094485067
41.42,3.300423502990574,3.0682595505378205,0.7973829153691847
41.43,3.300423502990574,3.1272729440972955,0.7706645570319864
41.44,3.300423502990574,2.63667334190783,0.6460145850265079
41.45,3.300423502990574,2.633482620360593,0.8082756331634563
41.46,3.300423502990574,3.123666726779044,0.2823793365563818
41.47,3.300423502990574,2.585747969277015,0.6683945030588089
41.480000000000004,3.300423502990574,2.822697134956515,0.7561200683520861
41.49,3.300423502990574,2.916903062236778,0.9370965611531998
41.5,3.300423502990574,2.964562484074865,0.5003130138122999
41.51,3.300423502990574,2.9814262101123234,0.662382628042179
41.52,3.300423502990574,3.2505055952181197,0.8406232825076855
41.53,3.300423502990574,3.0502800216289105,0.8022340894347741
41.54,3.300423502990574,2.7687388921791767,0.9326886412666131
41.550000000000004,3.300423502990574,2.9582659376816074,0.6822144242942201
41.56,3.300423502990574,3.3117572861734517,0.9489285438242677
41.57,3.300423502990574,3.011543950609546,0.3745004463162363
41.58,3.300423502990574,3.1282098658580666,0.5348232170940047
41.59,3.300423502990574,3.1138167133389465,0.5261000210367053
41.6,3.300423502990574,3.13877545281531,0.46729260359959957
41.61,3.300423502990574,3.100435987932521,0.5070253063584523
41.62,3.300423502990574,3.133183570554961,0.5470589745352266
41.63,3.300423502990574,3.0235979742212473,0.4629824250047492
41.64,3.300423502990574,3.11496565760384,0.8172034518762908
41.65,3.300423502990574,3.025360848489093,0.9789242111658669
41.660000000000004,3.300423502990574,2.9009617632192786,0.47256635247113205
41.67,3.300423502990574,3.2238952314417233,0.8510344516572784
41.68,3.300423502990574,3.1570455167747338,0.61440969900256
41.69,3.300423502990574,3.0507132771756065,0.8439384731335728
41.7,3.300423502990574,3.0344576505798204,0.8407696861302293
41.71,3.300423502990574,3.1855620247476284,0.6920058034581635
41.72,3.300423502990574,3.348171306056005,0.7928811451964559
41.730000000000004,3.300423502990574,3.823215719211026,0.6830944578273568
41.74,3.300423502990574,3.5152489879354856,0.5956387407515762
41.75,3.300423502990574,3.2618312434371006,0.4489862764322943
41.76,3.300423502990574,3.311577628571182,0.45086916603826693
41.77,3.300423502990574,2.9563302500968742,0.6956836389409586
41.78,3.300423502990574,3.543941313607272,0.5546347113270362
41.79,3.300423502990574,3.50959426478799,0.24417443884476187
41.800000000000004,3.300423502990574,3.0868096473718505,0.7934863406222398
41.81,3.300423502990574,3.160234743882424,0.539784910645688
41.82,3.300423502990574,3.119217243122775,0.7276003025786475
41.83,3.300423502990574,3.4409372606612525,0.7496579542075084
41.84,3.300423502990574,3.3299114148618507,0.5503004245988676
41.85,3.300423502990574,3.3702797580586257,0.5011674744118633
41.86,3.300423502990574,3.3057218362028604,0.5039069708202668
41.87,3.300423502990574,3.2042214802791706,0.6502339966923782
41.88,3.300423502990574,3.128352027230038,0.611029896047519
41.89,3.300423502990574,3.1594082408491007,0.8713055917034431
41.9,3.300423502990574,3.0132164068967757,0.6903600103449417
41.910000000000004,3.300423502990574,3.2030271667670864,0.2916043346123547
41.92,3.300423502990574,3.4988437498334783,0.4061525880538096
41.93,3.300423502990574,3.5090764985295966,0.565976263595954
41.94,3.300423502990574,2.9594128749968567,1.0273942115530517
41.95,3.300423502990574,3.0324285004793223,0.5260141424905461
41.96,3.300423502990574,2.85736242473798,0.5529337957432011
41.97,3.300423502990574,3.211794257680598,0.8025274121733776
41.980000000000004,3.300423502990574,3.6861764680162725,0.4827282558535677
41.99,3.300423502990574,3.2616985571935184,0.3756085698256454
42.0,3.300423502990574,3.2205119919215437,0.845344881902464
42.01,3.300423502990574,3.711268483629949,0.5209812055535414
42.02,3.300423502990574,3.292347914081622,0.7459156911098973
42.03,3.300423502990574,3.583587253780723,0.4364580541390187
42.04,3.300423502990574,3.2510275914082665,0.7527486513440229
42.050000000000004,3.300423502990574,3.1769957633127777,0.45698483001525086
42.06,3.300423502990574,3.501446177077938,0.30006045620998356
42.07,3.300423502990574,3.280257849534259,0.3440033119001678
42.08,3.300423502990574,3.7901208157767563,0.5665210513884189
42.09,3.300423502990574,3.1994962943501646,0.5076685942923782
42.1,3.300423502990574,3.551735458832478,0.15893384981018005
42.11,3.300423502990574,2.969718234014971,0.4432014986496834
42.12,3.300423502990574,3.5793607877937403,0.5061731534599261
42.13,3.300423502990574,3.2291601148564935,0.30830303935055237
42.14,3.300423502990574,3.7259758027430205,0.24850202169288277
42.15,3.300423502990574,3.796617004710495,0.4681501577448361
42.160000000000004,3.300423502990574,3.4076878043008905,0.47902015236387846
42.17,3.300423502990574,3.4173693799564577,0.4162988424188404
42.18,3.300423502990574,3.8029225803982456,0.3117397918943444
42.19,3.300423502990574,3.5605337377892967,0.4880811048387069
42.2,3.300423502990574,3.200634164067773,0.5326054392489793
42.21,3.300423502990574,3.3229271365565096,0.8672135441012732
42.22,3.300423502990574,3.58955809757117,0.529602040033437
42.230000000000004,3.300423502990574,3.351302699109726,0.8633168767516564
42.24,3.300423502990574,3.62938453213019,0.5074131745575216
42.25,3.300423502990574,3.5559277758549026,0.6246047171882019
42.26,3.300423502990574,3.371771194558466,0.7184944735108131
42.27,3.300423502990574,3.6407830854202996,0.9488598278517114
42.28,3.300423502990574,3.338740241281674,0.49996959994778933
42.29,3.300423502990574,3.7387564110185965,0.5961902998620005
42.300000000000004,3.300423502990574,3.661622030343617,0.4040742890926649
42.31,3.300423502990574,3.4383850860595127,0.6039946703053918
42.32,3.300423502990574,3.5489368542027524,0.7341583689294293
42.33,3.300423502990574,3.471162335836233,0.23945603079199204
42.34,3.300423502990574,3.7639847722272495,0.6362897946398162
42.35,3.300423502990574,3.0600102203635844,0.5545621172145008
42.36,3.300423502990574,3.5956395102313774,0.547591069654357
42.37,3.300423502990574,3.739492401068321,0.6722713550962938
42.38,3.300423502990574,3.7024483515657827,0.21553237203477538
42.39,3.300423502990574,3.0652301314964023,0.4405710131398154
42.4,3.300423502990574,3.373196424680743,0.5060777680037087
42.410000000000004,3.300423502990574,4.332899046887764,0.4650586612754238
42.42,3.300423502990574,3.5788350792847203,0.11978877634601032
42.43,3.300423502990574,3.655204185849169,0.2860006220353476
42.44,3.300423502990574,3.9361700140459517,0.471456670242783
42.45,3.300423502990574,3.6061115242270314,0.04873769315325316
42.46,3.300423502990574,3.136571961071263,0.45991964210938086
42.47,3.300423502990574,3.637226121249512,0.3483341546405997
42.480000000000004,3.300423502990574,3.35212875752783,0.6512828358934304
42.49,3.300423502990574,3.8422448152070876,0.49498963106444815
42.5,3.300423502990574,3.1889284959461746,0.4420487414887603
42.51,3.300423502990574,3.1773606861153967,0.22197019699704046
42.52,3.300423502990574,3.501306112788499,0.5944825585351166
42.53,3.300423502990574,3.4870422085393256,0.399176893827745
42.54,3.300423502990574,3.5062136405968007,0.6081420437234051
42.550000000000004,3.300423502990574,3.8379274386589035,0.5302119798086974
42.56,3.300423502990574,3.747157811105419,0.41429068131123564
42.57,3.300423502990574,3.3071006992387253,0.23080300898900585
42.58,3.300423502990574,3.6293895739864843,0.06508832368653827
42.59,3.300423502990574,3.6882307313520526,0.3718686512422673
42.6,3.300423502990574,3.818979824433252,0.4289412678130713
42.61,3.300423502990574,3.6333156318664876,0.16081997607408102
42.62,3.300423502990574,3.8896265631730054,0.4377290904498213
42.63,3.300423502990574,3.6368702294020694,0.3169796009183528
42.64,3.300423502990574,3.4595228097076034,0.16928217978367036
42.65,3.300423502990574,3.733358180076819,0.22433607437101627
42.660000000000004,3.300423502990574,3.957848467016761,0.5768512357832078
42.67,3.300423502990574,3.5016046622967107,0.13413462770639195
42.68,3.300423502990574,3.8150413326635424,0.45127638084539
42.69,3.300423502990574,3.833208403145673,0.42822550130294273
42.7,3.300423502990574,3.7383007051014103,0.22405776393806073
42.71,3.300423502990574,3.6306969389613877,0.23599964358949305
42.72,3.300423502990574,3.529312197445022,0.3035930726512699
42.730000000000004,3.300423502990574,3.5821883783768644,0.2061317289979788
42.74,3.300423502990574,3.463184339308939,0.07816482682651593
42.75,3.300423502990574,3.833755102676938,0.09977862485681777
42.76,3.300423502990574,3.6655989579768065,0.16355837457143776
42.77,3.300423502990574,3.7135754042535045,0.1548014086066567
42.78,3.300423502990574,3.592724404128291,0.5672429204605982
42.79,3.300423502990574,3.7452984176806203,0.5207313563022418
42.800000000000004,3.300423502990574,3.8279991897102725,0.16291657320390765
42.81,3.300423502990574,3.439796580658375,0.433472035716188
42.82,3.300423502990574,4.028971741810256,0.12517236289897676
42.83,3.300423502990574,3.7318299446364316,0.4918144388723439
42.84,3.300423502990574,3.9545682876178905,0.15633955121384532
42.85,3.300423502990574,3.3307112661849536,-0.14017080333322746
42.86,3.300423502990574,3.664558492092046,0.15948301797938955
42.87,3.300423502990574,3.6830867568407943,-0.25089717329637284
42.88,3.300423502990574,3.6311947877832265,0.28121426971368607
42.89,3.300423502990574,3.2361364698539186,-0.08963428175790233
42.9,3.300423502990574,3.703517286629341,0.034119737517657955
42.910000000000004,3.300423502990574,3.77725289585208,-0.13282851937563525
42.92,3.300423502990574,3.7472005075253523,0.04400429620748836
42.93,3.300423502990574,3.6234654571195457,-0.17831975452594015
42.94,3.300423502990574,4.141180343978212,0.15524475510789004
42.95,3.300423502990574,3.749306768395294,0.08420130901870898
42.96,3.300423502990574,3.571622817118191,-0.11110686970121186
42.97,3.300423502990574,3.8945633756367433,0.38394274488846475
42.980000000000004,3.300423502990574,3.929872930567699,0.2040922821742709
42.99,3.300423502990574,3.3649447631875513,-0.10023150163832281
43.0,3.300423502990574,3.6371741579400205,-0.10037458136297625
43.01,3.300423502990574,3.9235891789932227,-0.31929068567541913
43.02,3.300423502990574,3.836845325781292,0.046599881836264276
43.03,3.300423502990574,3.5260317090610767,-0.42685369075084584
43.04,3.300423502990574,3.5702698617342206,0.07892452585284676
43.050000000000004,3.300423502990574,3.5805010877512813,-0.02914195373274764
43.06,3.300423502990574,3.9844416441881405,-0.20914817336488578
43.07,3.300423502990574,3.5637633032954987,-0.018665119290998677
43.08,3.300423502990574,3.725882588255325,0.2439307086398963
43.09,3.300423502990574,4.06836573132829,-0.10012818721493576
43.1,3.300423502990574,3.5280471566656244,-0.4257758985890596
43.11,3.300423502990574,3.534124457073114,0.3896538881570448
43.12,3.300423502990574,3.5106596468610856,-0.1911097079921691
43.13,3.300423502990574,3.9073265896320675,0.22913199516448823
43.14,3.300423502990574,3.5329206017639567,0.16149436430489042
43.15,3.300423502990574,3.899068498743681,-0.1874157860450901
43.160000000000004,3.300423502990574,3.7297913253182937,-0.31937918939440435
43.17,3.300423502990574,3.6661995543197325,0.10881342760034168
43.18,3.300423502990574,4.000644925914469,-0.13708817339542376
43.19,3.300423502990574,3.8263359967825266,0.004415061582543282
43.2,3.300423502990574,3.872359392774623,0.1442183873526061
43.21,3.300423502990574,3.6397214479349143,0.142382755104991
43.22,3.300423502990574,3.874280931873512,0.2792306338691869
43.230000000000004,3.300423502990574,4.100960167086987,-0.11673793236408048
43.24,3.300423502990574,3.5383936237028673,-0.021822233392328284
43.25,3.300423502990574,3.7205854291056784,-0.18245522353550334
43.26,3.300423502990574,3.469504846692884,0.03841398955399001
43.27,3.300423502990574,3.7956568259511947,-0.013672288055846617
43.28,3.300423502990574,3.5473799868715536,-0.31303674813162186
43.29,3.300423502990574,3.9768479398718974,-0.023470762531702716
43.300000000000004,3.300423502990574,3.9893916250519665,-0.21602632257917453
43.31,3.300423502990574,3.9562868681177226,-0.08628128840880778
43.32,3.300423502990574,3.8541677805183228,-0.09594466001257221
43.33,3.300423502990574,3.595612160879411,-0.2557332482756731
43.34,3.300423502990574,3.885453821373579,-0.31562499430555907
43.35,3.300423502990574,3.814591527668055,-0.02702250373814333
43.36,3.300423502990574,3.7099182201134053,0.07602188040124817
43.37,3.300423502990574,3.4451901173772774,-0.4934201839297824
43.38,3.300423502990574,3.982437824271264,-0.0767916410266209
43.39,3.300423502990574,3.593681911009052,-0.23080955359049168
43.4,3.300423502990574,3.5830999771385508,-0.13199296342973227
43.410000000000004,3.300423502990574,3.626110775648633,-0.08598231614176013
43.42,3.300423502990574,3.5372433641171956,-0.06638466949011941
43.43,3.300423502990574,3.5162456697312456,-0.11409074567962837
43.44,3.300423502990574,3.8224434375511183,-0.40754149078277324
43.45,3.300423502990574,3.6792551841522947,-0.029187582562267188
43.46,3.300423502990574,3.6420314278764914,0.20575567121216728
43.47,3.300423502990574,3.709326234698732,0.03513232863098119
43.480000000000004,3.300423502990574,3.72555451010454,-0.16897247946925378
43.49,3.300423502990574,4.095830646213477,-0.17901460421666343
43.5,3.300423502990574,3.8033118634147813,0.01035040564377962
43.51,3.300423502990574,3.419926800841268,-0.23841769932653106
43.52,3.300423502990574,3.5431073515980946,-0.15052305399957036
43.53,3.300423502990574,3.5941126510068884,-0.050595449027725524
43.54,3.300423502990574,3.346411125703633,-0.1414457934447529
43.550000000000004,3.300423502990574,3.6602099533866626,-0.1958367002529358
43.56,3.300423502990574,3.6020431835755513,-0.05105897085013207
43.57,3.300423502990574,3.5602055526602654,0.10024831842117762
43.58,3.300423502990574,4.064562769853333,-0.256062113113811
43.59,3.300423502990574,3.6235722234298287,-0.3479140090093771
43.6,3.300423502990574,3.803317437606395,-0.36710226376885824
43.61,3.300423502990574,3.844455286599598,-0.07631408504306285
43.62,3.300423502990574,3.7631834610352404,0.06731877375460919
43.63,3.300423502990574,3.8353964613457787,-0.3106894651535361
43.64,3.300423502990574,3.7184272046510927,-0.011155456680215281
43.65,3.300423502990574,3.564668953182452,-0.15555631607755835
43.660000000000004,3.300423502990574,4.0873495213245015,-0.24529538788199512
43.67,3.300423502990574,3.5642856266020804,-0.13629368148152102
43.68,3.300423502990574,3.8359978796402285,-0.021347562555488628
43.69,3.300423502990574,3.8436968873824915,-0.007064321151082714
43.7,3.300423502990574,3.82027682829149,-0.32830426467496954
43.71,3.300423502990574,3.5754434094966117,-0.36591518876341866
43.72,3.300423502990574,3.5228154907364,-0.46515962690585283
43.730000000000004,3.300423502990574,3.9099560026446087,0.13540829917978575
43.74,3.300423502990574,3.76173922248558,-0.3774357090772073
43.75,3.300423502990574,3.26370596407617,-0.3510626245977909
43.76,3.300423502990574,3.3100448752530176,-0.35607142088405697
43.77,3.300423502990574,3.6699827266861442,-0.3100236709289796
43.78,3.300423502990574,3.555512249356483,-0.06579471002192543
43.79,3.300423502990574,3.6651295356187816,-0.009431468863089654
43.800000000000004,3.300423502990574,3.7118427622040304,-0.1895418365312551
43.81,3.300423502990574,3.4282910277061447,-0.009506606515474914
43.82,3.300423502990574,3.5289811322236098,0.15441252245140122
43.83,3.300423502990574,3.841302181924667,0.01684445203972712
43.84,3.300423502990574,3.642793362479505,-0.2079030888876665
43.85,3.300423502990574,3.825838542487253,-0.13419344351352408
43.86,3.300423502990574,3.725362286786916,-0.4040366977706054
43.87,3.300423502990574,3.788053222284432,-0.23554323882347186
43.88,3.300423502990574,3.6005850676637268,-0.21293250178643472
43.89,3.300423502990574,3.4090966911130605,-0.20159554546629674
43.9,3.300423502990574,3.5668980978048253,-0.18579590713438027
43.910000000000004,3.300423502990574,3.4226862847438504,-0.2306508844857627
43.92,3.300423502990574,3.7579172315605645,-0.3884711082800052
43.93,3.300423502990574,3.5214301255962264,-0.2815685466326993
43.94,3.300423502990574,3.7368247070088736,-0.26944235750093043
43.95,3.300423502990574,3.812500477446588,-0.14053237700548105
43.96,3.300423502990574,3.331363235304841,0.14420491458311355
43.97,3.300423502990574,3.6073019955582937,-0.5704191869016718
43.980000000000004,3.300423502990574,3.694397875664399,-0.06639566448994277
43.99,3.300423502990574,3.892915643949251,-0.12021188062611439
44.0,3.300423502990574,3.6558536442982423,0.12760825024286088
44.01,3.300423502990574,3.472119735065928,-0.3198350385130138
44.02,3.300423502990574,3.7174006335225824,-0.3953776892325237
44.03,3.300423502990574,3.5836451219365575,-0.657753885407033
44.04,3.300423502990574,3.550204961798474,-0.4969909210553897
44.050000000000004,3.300423502990574,3.698003823883752,-0.3267543024483404
44.06,3.300423502990574,3.910141783196183,-0.2281692787675548
44.07,3.300423502990574,3.5512941364590223,-0.40919814772847596
44.08,3.300423502990574,3.6969557574817307,-0.015139752628768849
44.09,3.300423502990574,3.5695982709082434,-0.04770944223153473
44.1,3.300423502990574,3.4158538905259994,-0.31082035789643636
44.11,3.300423502990574,3.4746455877004747,-0.3210972651356753
44.12,3.300423502990574,3.707809228338575,-0.004648060138429805
44.13,3.300423502990574,3.485473552680822,0.14142218287230252
44.14,3.300423502990574,3.610117085934679,-0.2285604645176571
44.15,3.300423502990574,3.535141714551239,-0.5469625264429399
44.160000000000004,3.300423502990574,3.59323321604438,-0.1665643441697308
44.17,3.300423502990574,3.6010952524639537,-0.6012701341564017
44.18,3.300423502990574,3.6929090406165574,-0.24947336393041508
44.19,3.300423502990574,3.6379305947710283,0.07034177138010894
44.2,3.300423502990574,3.182068862223184,-0.29387972899289183
44.21,3.300423502990574,3.594342962057,-0.24439747677159807
44.22,3.300423502990574,3.8199217305103566,-0.2756895629109024
44.230000000000004,3.300423502990574,3.4285524510014134,-0.15976260203268788
44.24,3.300423502990574,3.2185552448661867,0.13717839276978466
44.25,3.300423502990574,3.3287661764871714,-0.29129086567896995
44.26,3.300423502990574,3.604900623799255,-0.3247229400580102
44.27,3.300423502990574,4.084233046705909,-0.502689519349328
44.28,3.300423502990574,3.3765237886268755,-0.5273664031033498
44.29,3.300423502990574,3.8024618637239844,-0.11980777784870611
44.300000000000004,3.300423502990574,3.7424917956536357,-0.15050300133236114
44.31,3.300423502990574,3.1411126868262853,-0.10713914972407645
44.32,3.300423502990574,3.4294046065756563,-0.2339160537046212
44.33,3.300423502990574,3.6974472102049027,-0.4118073808468935
44.34,3.300423502990574,3.8124482657214225,-0.42886978361063993
44.35,3.300423502990574,3.4948260565474096,-0.06852732272715581
44.36,3.300423502990574,3.4302008665580628,0.3577748891475167
44.37,3.300423502990574,3.8126252514817747,-0.3606547691387305
44.38,3.300423502990574,3.5693679525479425,-0.36077209952556305
44.39,3.300423502990574,3.2837775732385963,-0.32727066178490943
44.4,3.300423502990574,3.1978365988858632,-0.28936854296457437
44.410000000000004,3.300423502990574,3.6457404697669964,-0.4348970019343609
44.42,3.300423502990574,3.5703338519554033,-0.38104799280113255
44.43,3.300423502990574,3.499888106894864,-0.5993285673966182
44.44,3.300423502990574,3.533936688404701,-0.3298079966472185
44.45,3.300423502990574,3.37628520901401,-0.05880471683207872
44.46,3.300423502990574,3.5878563612266374,-0.2526793709618267
44.47,3.300423502990574,3.6035795729049465,0.16833546410421757
44.480000000000004,3.300423502990574,3.244838140228174,-0.49030344874639
44.49,3.300423502990574,3.4785282280414465,-0.5910209268496855
44.5,3.300423502990574,3.4823552681377525,-0.29685690246168267
44.51,3.300423502990574,3.3423784092824316,-0.03864664351104924
44.52,3.300423502990574,3.469447776230733,-0.5491845166550824
44.53,3.300423502990574,3.4946961656637554,-0.24159824427025842
44.54,3.300423502990574,3.3077929472516923,-0.16058448349935486
44.550000000000004,3.300423502990574,3.5042957525026113,-0.023562547721709293
44.56,3.300423502990574,3.6330579452403553,-0.1854609935224299
44.57,3.300423502990574,3.313198695503019,-0.6236768437865878
44.58,3.300423502990574,3.292823540622569,-0.38454603692864103
44.59,3.300423502990574,3.524288335151371,-0.05167145411613311
44.6,3.300423502990574,3.5256364268368197,-0.5125495135760425
44.61,3.300423502990574,3.1853293754865315,-0.09866265333069271
44.62,3.300423502990574,3.1628738892508386,-0.41281483145809605
44.63,3.300423502990574,3.265786527769784,-0.38887451356717695
44.64,3.300423502990574,3.297334288059959,-0.3903539696532453
44.65,3.300423502990574,3.4494436002259135,-0.36742417836355457
44.660000000000004,3.300423502990574,3.479142014202742,-0.2411195916027719
44.67,3.300423502990574,3.413051467172455,-0.6217141215355725
44.68,3.300423502990574,3.4914416590125614,-0.39561192743473506
44.69,3.300423502990574,3.379915832532691,-0.09442231353168934
44.7,3.300423502990574,3.103257118097112,0.19056837819292227
44.71,3.300423502990574,3.238681861166384,-0.3018177604115489
44.72,3.300423502990574,3.5180013558306786,-0.0776051808975178
44.730000000000004,3.300423502990574,3.508389458146061,-0.21953718081914914
44.74,3.300423502990574,3.2609335123767265,-0.3357097701734235
44.75,3.300423502990574,3.6554937434029973,-0.18614329920910944
44.76,3.300423502990574,3.099790912729037,-0.10714292763019195
44.77,3.300423502990574,3.647837466498558,0.007673243855455314
44.78,3.300423502990574,3.4901407133570252,-0.23437542362434613
44.79,3.300423502990574,3.6125696125663946,-0.03917285033211937
44.800000000000004,3.300423502990574,3.392079055556861,-0.5395175314051286
44.81,3.300423502990574,2.949487027298489,-0.4980030796086715
44.82,3.300423502990574,3.562371513236858,-0.16586228736542497
44.83,3.300423502990574,3.5122692124095685,-0.044791718775753275
44.84,3.300423502990574,3.198271223882979,-0.32288817519710855
44.85,3.300423502990574,3.7936263302191806,-0.3297606457119574
44.86,3.300423502990574,3.246402060126853,-0.4624531537718565
44.87,3.300423502990574,3.8335315055866044,-0.13448462132843492
44.88,3.300423502990574,3.4476486809845346,-0.1926685271289239
44.89,3.300423502990574,3.3288088064583987,-0.4949310474045009
44.9,3.300423502990574,3.4418703268888873,-0.19397467613580271
44.910000000000004,3.300423502990574,3.3308491274012044,-0.3483197120926113
44.92,3.300423502990574,3.4195430363834673,-0.39028867296583203
44.93,3.300423502990574,3.1902380127821015,-0.14743141051765668
44.94,3.300423502990574,3.4390767628722614,-0.3899396274578324
44.95,3.300423502990574,3.2508964870535215,-0.4643402503729842
44.96,3.300423502990574,3.646978110650771,-0.47927804657074063
44.97,3.300423502990574,3.3108230703260357,-0.19643161310294127
44.980000000000004,3.300423502990574,2.9746784863271625,-0.14263624136521494
44.99,3.300423502990574,3.3332149125963713,-0.2916738221901577
45.0,3.300423502990574,3.634139543243103,-0.19239862013768277
45.01,3.300423502990574,3.419849423073979,-0.33323531664398937
45.02,3.300423502990574,3.1571724524711375,-0.4403651956471658
45.03,3.300423502990574,3.259790873681926,-0.4287567136684332
45.04,3.300423502990574,3.516457133940554,-0.4226800040418456
45.050000000000004,3.300423502990574,3.260198844447062,-0.22566481777072717
45.06,3.300423502990574,3.001686045182682,0.4599377691430323
45.07,3.300423502990574,3.5970258285483894,-0.10802943591609288
45.08,3.300423502990574,3.160483224369404,-0.0909519108183025
45.09,3.300423502990574,3.581800673322751,-0.45908313853343974
45.1,3.300423502990574,3.3540330463399166,0.16455212121334445
45.11,3.300423502990574,3.4064563761230393,-0.5485452005548141
45.12,3.300423502990574,3.029496505226027,-0.24192928695803528
45.13,3.300423502990574,3.032866169233902,-0.3404343452921824
45.14,3.300423502990574,3.267603968802722,-0.20648161260663597
45.15,3.300423502990574,3.4301138046375694,-0.44476442811952577
45.160000000000004,3.300423502990574,3.4180922902158604,-0.26115604086512967
45.17,3.300423502990574,3.4914023964859857,-0.026006632334274055
45.18,3.300423502990574,3.2447054529298995,-0.2580637675052327
45.19,3.300423502990574,2.940080674461972,-0.2077591538537466
45.2,3.300423502990574,3.391191596600512,-0.1259689428410392
45.21,3.300423502990574,3.3947543571131837,-0.298868443112817
45.22,3.300423502990574,3.8720243620809445,0.007136851753761886
45.230000000000004,3.300423502990574,3.030419741624808,-0.10119772520631282
45.24,3.300423502990574,2.9079623271140895,-0.36714180544442687
45.25,3.300423502990574,3.1465649065696915,-0.245975373915322
45.26,3.300423502990574,3.110439952237458,-0.015953273498826054
45.27,3.300423502990574,2.9910387901793807,-0.24475900420992608
45.28,3.300423502990574,3.1269901852903548,-0.24141927238867572
45.29,3.300423502990574,3.5731407422591057,-0.42875325662887553
45.300000000000004,3.300423502990574,3.3748281434795953,-0.2938018850691569
45.31,3.300423502990574,3.569775339947524,0.2518859667977529
45.32,3.300423502990574,3.4542747902721027,-0.4916365448583584
45.33,3.300423502990574,3.0451152846406013,-0.37236987721603765
45.34,3.300423502990574,3.3180726362361193,-0.12285889476921502
45.35,3.300423502990574,3.3381365365668203,-0.31235311561449797
45.36,3.300423502990574,3.1478317995600946,0.006675092375094699
45.37,3.300423502990574,3.076631201425942,-0.18575962799600176
45.38,3.300423502990574,3.3861969148032567,-0.3491720899024498
45.39,3.300423502990574,2.9114520336356535,-0.33143688152654965
45.4,3.300423502990574,3.039822210039639,-0.31540131262640736
45.410000000000004,3.300423502990574,3.1636482011052216,-0.4912060886742886
45.42,3.300423502990574,3.098162646136622,-0.37576072434652896
45.43,3.300423502990574,3.283706307372494,-0.10334881507511468
45.44,3.300423502990574,3.4303763715602105,0.014490596608606882
45.45,3.300423502990574,2.952954157701511,0.07807239276487699
45.46,3.300423502990574,3.0937820552721047,0.09788684206858558
45.47,3.300423502990574,3.430089381674668,-0.22744555100768185
45.480000000000004,3.300423502990574,3.1647587246546425,-0.024944179239775904
45.49,3.300423502990574,2.975280673838927,0.03349673453154858
45.5,3.300423502990574,3.258248753870038,-0.48794773335787767
45.51,3.300423502990574,3.1898749414912415,-0.3501866859608433
45.52,3.300423502990574,2.9024520542660235,-0.2734232611018529
45.53,3.300423502990574,3.0222248472436215,-0.6014572207483108
45.54,3.300423502990574,3.3445972609549437,-0.3119877806993241
45.550000000000004,3.300423502990574,3.283488736998624,-0.5777880879443897
45.56,3.300423502990574,3.004705028195119,-0.5582544875258381
45.57,3.300423502990574,2.989084797146911,-0.49286636078631085
45.58,3.300423502990574,3.2086472985993613,-0.5892131184398114
45.59,3.300423502990574,3.180882603124104,0.1532973338311815
45.6,3.300423502990574,3.315775395570874,0.009090090219178892
45.61,3.300423502990574,3.419634814097516,-0.17990813935442235
45.62,3.300423502990574,2.9836508262641295,-0.5345882379072123
45.63,3.300423502990574,3.0130021634859823,-0.060294776405062145
45.64,3.300423502990574,3.181989717866929,0.0025682061788681876
45.65,3.300423502990574,2.989467012805998,-0.008221699845589792
45.660000000000004,3.300423502990574,3.1322647023130563,0.18150507139845679
45.67,3.300423502990574,3.0246229552800235,0.01273890691433166
45.68,3.300423502990574,3.192174847680517,-0.5079106019635817
45.69,3.300423502990574,3.146538606359882,-0.16618471801322934
45.7,3.300423502990574,3.195486040848622,-0.0786448403720334
45.71,3.300423502990574,3.3965706625278695,-0.08439631703567477
45.72,3.300423502990574,2.9378971968217824,-0.10876437471813444
45.730000000000004,3.300423502990574,2.7165101467751063,-0.2830448135414057
45.74,3.300423502990574,3.335856374376521,-0.4302571902854747
45.75,3.300423502990574,3.4387600014779918,-0.08861102449840519
45.76,3.300423502990574,3.1275871766955103,0.02291757895967514
45.77,3.300423502990574,3.334712207143122,0.0738712000105918
45.78,3.300423502990574,3.14394795611506,0.14599800839170665
45.79,3.300423502990574,3.5801974166741832,-0.020523025576544784
45.800000000000004,3.300423502990574,3.0302042110820566,0.1794345140620245
45.81,3.300423502990574,3.2504852195422873,-0.19069903681169426
45.82,3.300423502990574,3.217246908519417,-0.13844942048806835
45.83,3.300423502990574,2.936463539557761,-0.33656928783423556
45.84,3.300423502990574,3.003384393442395,-0.22774802696591367
45.85,3.300423502990574,3.0437973861804473,-0.15896603035938323
45.86,3.300423502990574,3.386974933458628,-0.144986585147064
45.87,3.300423502990574,3.2970630372385776,-0.27941453545509837
45.88,3.300423502990574,3.0251440280496795,-0.15555043512571903
45.89,3.300423502990574,3.023499497370566,-0.22639140080379738
45.9,3.300423502990574,3.2087956402352478,-0.1390883611293346
45.910000000000004,3.300423502990574,3.119207270732587,-0.3411176721441045
45.92,3.300423502990574,3.0004868978591905,-0.2822470567453522
45.93,3.300423502990574,3.3156830945221305,0.05441572575314735
45.94,3.300423502990574,3.3155942849559663,-0.08115470622878546
45.95,3.300423502990574,2.782035294508614,0.4222476114798331
45.96,3.300423502990574,3.1634030479795823,-0.024089926450616417
45.97,3.300423502990574,3.1023743353581046,-0.1854961644106528
45.980000000000004,3.300423502990574,3.1818175449183306,-0.07458645907588297
45.99,3.300423502990574,3.2023379068283684,0.03827419684457617
46.0,3.300423502990574,2.949397952091632,-0.41240138174999197
46.01,3.300423502990574,3.0745631198807772,0.11286181215739785
46.02,3.300423502990574,3.2824122176604993,0.10216578377604493
46.03,3.300423502990574,3.175663303660656,-0.08579039276842582
46.04,3.300423502990574,3.0017583331907587,-0.11639061492777265
46.050000000000004,3.300423502990574,3.266710434241955,-0.0009565078106299058
46.06,3.300423502990574,3.1877667407401504,-0.293337032322626
46.07,3.300423502990574,2.9585550076388847,-0.07976733315691768
46.08,3.300423502990574,3.0100436814538956,-0.111688788635365
46.09,3.300423502990574,3.1082781845108562,-0.31508448640810693
46.1,3.300423502990574,2.968131896431436,0.18769539545894653
46.11,3.300423502990574,3.1919748929673517,-0.10598734713014603
46.12,3.300423502990574,2.8688057477871034,-0.14459477149044336
46.13,3.300423502990574,3.1141232675959487,0.14754281636480582
46.14,3.300423502990574,3.0616154285019057,-0.029667134747701898
46.15,3.300423502990574,2.9154765022441302,0.21010200869665688
46.160000000000004,3.300423502990574,3.417484125961916,-0.2708030626581015
46.17,3.300423502990574,3.3528610009767355,0.18850571764326682
46.18,3.300423502990574,2.8223637759117,0.46045171455201783
46.19,3.300423502990574,3.0712895296372063,0.2587524292760258
46.2,3.300423502990574,2.923120303575373,-0.1762790472409262
46.21,3.300423502990574,2.9799382697909795,0.1109566325705791
46.22,3.300423502990574,3.116463213426105,0.044761104565636436
46.230000000000004,3.300423502990574,3.311402635517308,-0.2878279255344992
46.24,3.300423502990574,3.389694933619179,-0.01511367028710571
46.25,3.300423502990574,3.1299480129998525,-0.3425538499560139
46.26,3.300423502990574,2.9554487597826777,0.30297122464998844
46.27,3.300423502990574,2.9248409625964418,0.037652823203723505
46.28,3.300423502990574,2.8836887159063886,0.1949513235323702
46.29,3.300423502990574,3.4965105684285787,0.10302388678583135
46.300000000000004,3.300423502990574,3.1926929862425366,-0.2035492721992894
46.31,3.300423502990574,3.519003317765147,-0.0400643043969777
46.32,3.300423502990574,3.4714320081861434,-0.15864540642268093
46.33,3.300423502990574,3.3718739301700054,-0.09693115608054882
46.34,3.300423502990574,3.3276935689312785,-0.2669739082471967
46.35,3.300423502990574,2.7951669067625255,0.20863392876568723
46.36,3.300423502990574,3.3524744133258197,0.1616186638520239
46.37,3.300423502990574,3.081655162568262,-0.007266994195574587
46.38,3.300423502990574,3.084338187540022,-0.3185539595694451
46.39,3.300423502990574,3.5959633282660164,-0.024645543094178986
46.4,3.300423502990574,3.0951315462994122,-0.1872512310182199
46.410000000000004,3.300423502990574,3.122377020184998,0.3529199757578529
46.42,3.300423502990574,3.3987669123275603,-0.34809001201690837
46.43,3.300423502990574,3.2748343901420407,0.06321463735090388
46.44,3.300423502990574,2.869007819728102,-0.1992701039027533
46.45,3.300423502990574,2.970261390651974,0.1630310278046396
46.46,3.300423502990574,3.254806620089352,0.029860946736446653
46.47,3.300423502990574,3.192990717649151,0.03873196306008464
46.480000000000004,3.300423502990574,3.089321802888622,-0.0293663622101053
46.49,3.300423502990574,3.2411057509867276,-0.21846904284262408
46.5,3.300423502990574,2.9273667846800446,-0.15995582684494494
46.51,3.300423502990574,2.9594801049790003,-0.07956458487068173
46.52,3.300423502990574,2.66070907652816,0.2825059760875587
46.53,3.300423502990574,3.443866277382808,0.08402256971557853
46.54,3.300423502990574,3.130754177788569,-0.06286784737109206
46.550000000000004,3.300423502990574,2.899538700158211,-0.12702356602132814
46.56,3.300423502990574,3.0606862147328386,-0.31984117723683314
46.57,3.300423502990574,3.209253718905554,-0.19421716217061386
46.58,3.300423502990574,3.2136130209530824,0.2571034231186237
46.59,3.300423502990574,3.3088986165466894,0.10236109060542894
46.6,3.300423502990574,2.8734929732352104,0.12352720310125569
46.61,3.300423502990574,3.167938793149414,0.506944662326645
46.62,3.300423502990574,3.174654479383825,-0.0922279922008442
46.63,3.300423502990574,3.043569823398882,0.20964230444706486
46.64,3.300423502990574,2.9821671450922196,-0.05679692096893414
46.65,3.300423502990574,3.4407643642104646,-0.5628326070539016
46.660000000000004,3.300423502990574,3.40500132999944,0.14036915990553916
46.67,3.300423502990574,2.9241882232473992,-0.12884535554469423
46.68,3.300423502990574,3.1855448496222243,0.05154909766477112
46.69,3.300423502990574,3.1234562800173404,-0.010007980494445273
46.7,3.300423502990574,3.4293609960019387,-0.16021582988315608
46.71,3.300423502990574,3.3914627526939176,-0.23750219926773666
46.72,3.300423502990574,3.1961680045841248,0.18466068615051978
46.730000000000004,3.300423502990574,3.104722603673967,0.24645446824114325
46.74,3.300423502990574,3.285881663421779,0.164657442792452
46.75,3.300423502990574,3.2980793426556665,0.2849429429545491
46.76,3.300423502990574,3.039462913426515,0.041433746158904834
46.77,3.300423502990574,3.2538769955017712,0.454724298938297
46.78,3.300423502990574,3.120049499419969,-0.060863034999895774
46.79,3.300423502990574,2.5455185264850138,-0.16103260157016464
46.800000000000004,3.300423502990574,2.9501707652369458,0.1861284741048561
46.81,3.300423502990574,3.2636565497076893,-0.20163953850141714
46.82,3.300423502990574,3.004196690605209,0.16612281221184572
46.83,3.300423502990574,2.813229504037569,0.3697605523282874
46.84,3.300423502990574,3.078282518021013,0.25779038739161714
46.85,3.300423502990574,3.3854502458877507,0.29272964396691803
46.86,3.300423502990574,3.017813631710774,0.47819640831905075
46.87,3.300423502990574,3.2808596662771996,0.2713103737292177
46.88,3.300423502990574,3.3932687226577736,0.37857390223461573
46.89,3.300423502990574,3.101681224374887,0.487264301010929
46.9,3.300423502990574,3.3197739907486143,0.2701752238923265
46.910000000000004,3.300423502990574,3.223381874728719,0.36564856272323876
46.92,3.300423502990574,2.674388375744144,-0.018491881033517815
46.93,3.300423502990574,3.4412163160747884,0.22361915516280312
46.94,3.300423502990574,2.7466277489067816,-0.004444553392042722
46.95,3.300423502990574,3.0998264881963244,0.07005781286347305
46.96,3.300423502990574,3.4810637833996037,0.22961251916889014
46.97,3.300423502990574,3.092536148918816,0.16043772433985365
46.980000000000004,3.300423502990574,3.087997541776352,0.016775973329115283
46.99,3.300423502990574,3.3543911488497504,-0.004417425766419028
47.0,3.300423502990574,2.969836259699696,0.22821616515136656
47.01,3.300423502990574,3.079175217509187,0.09037839630053122
47.02,3.300423502990574,3.193795094600186,0.25638177693313635
47.03,3.300423502990574,2.7770739381976544,0.2018778748093884
47.04,3.300423502990574,3.095045314991741,0.4537322287652616
47.050000000000004,3.300423502990574,3.0609025133526178,-0.117471675331282
47.06,3.300423502990574,3.42795225151159,0.1786975256162321
47.07,3.300423502990574,3.2224430365752403,0.2589374320438517
47.08,3.300423502990574,3.168140126221622,-0.2090247721581291
47.09,3.300423502990574,2.8029697737228996,0.14614515076905993
47.1,3.300423502990574,3.3525393804871157,-0.1921702665790286
47.11,3.300423502990574,3.123858895969772,0.2695546760242878
47.12,3.300423502990574,3.1970263596363027,0.16637346717664894
47.13,3.300423502990574,3.1627383998669343,-0.1377728182009882
47.14,3.300423502990574,2.913389426749786,-0.059348040196882834
47.15,3.300423502990574,3.10256175930578,-0.07633442575048709
47.160000000000004,3.300423502990574,3.4048181798998876,0.24102990593576978
47.17,3.300423502990574,3.2271847709964865,-0.15973285256747743
47.18,3.300423502990574,3.047789610296053,0.46209735677227204
47.19,3.300423502990574,3.3528085009184143,0.41496450867217616
47.2,3.300423502990574,3.0259537371362537,-0.05213825329768444
47.21,3.300423502990574,3.1297753342097456,0.040412342367223804
47.22,3.300423502990574,2.778836534309229,0.15952340387761654
47.230000000000004,3.300423502990574,3.006644602037169,-0.014664261769475953
47.24,3.300423502990574,2.8551151032418436,0.0036690442488031133
47.25,3.300423502990574,3.0534504172785133,-0.054946670195665334
47.26,3.300423502990574,2.921815992990576,-0.34645603324497987
47.27,3.300423502990574,3.2961450342071057,0.20997446389254681
47.28,3.300423502990574,3.5178910325090516,0.14804361308995095
47.29,3.300423502990574,3.031682181388014,-0.30487456853917666
47.300000000000004,3.300423502990574,3.1299512345955858,0.020933885726637583
47.31,3.300423502990574,3.3003792920197,0.1028335478894163
47.32,3.300423502990574,3.2708815122293444,0.5479544710546079
47.33,3.300423502990574,2.9783271849744155,0.12624759834527866
47.34,3.300423502990574,3.198480445953409,-0.15175622179410153
47.35,3.300423502990574,3.3121096530290264,0.36135899871712746
47.36,3.300423502990574,3.0239133497963495,0.2663141589015177
47.37,3.300423502990574,3.3494296415139675,-0.08812456699431204
47.38,3.300423502990574,3.1568950282522685,0.255258791692862
47.39,3.300423502990574,3.367225666852197,-0.036787539757675916
47.4,3.300423502990574,2.870887012539,0.17891804411791024
47.410000000000004,3.300423502990574,3.2595955511135073,0.34552273543513934
47.42,3.300423502990574,3.243956544567694,0.12714567371510593
47.43,3.300423502990574,3.377115799101008,0.4352264331823348
47.44,3.300423502990574,3.146558475716417,0.6951681626794245
47.45,3.300423502990574,3.355090503793886,0.2462574594835487
47.46,3.300423502990574,3.450669926725562,0.19137953584312473
47.47,3.300423502990574,3.352131885156753,0.3978238988072591
47.480000000000004,3.300423502990574,2.974047864314706,-0.06797940001257213
47.49,3.300423502990574,2.5921978206956675,0.13550579479011376
47.5,3.300423502990574,3.2772518582517303,0.46621780099516835
47.51,3.300423502990574,3.057577285547584,-0.09642138398838954
47.52,3.300423502990574,3.4624130774620845,0.03222149632265994
47.53,3.300423502990574,3.1829502069947484,0.274421575434733
47.54,3.300423502990574,3.0385090634650616,0.0636882582949852
47.550000000000004,3.300423502990574,3.29112318661079,-0.1323226641176699
47.56,3.300423502990574,3.178487838040234,0.5248999074782538
47.57,3.300423502990574,3.4289671044276835,0.19632271519078975
47.58,3.300423502990574,3.267020504051324,0.13693527188836704
47.59,3.300423502990574,3.1160384457351475,0.124261126924997
47.6,3.300423502990574,3.5771253849355653,0.23605976012773017
47.61,3.300423502990574,3.328764176803447,0.38472609233618665
47.62,3.300423502990574,3.530804150296932,0.36787739324623525
47.63,3.300423502990574,3.61601950188765,0.41871838275767614
47.64,3.300423502990574,3.1303537987622505,-0.2605061164864083
47.65,3.300423502990574,3.1590131340285073,0.15932909541839435
47.660000000000004,3.300423502990574,3.4543080018776395,0.0763686212794506
47.67,3.300423502990574,3.296825679472631,0.13266605578720966
47.68,3.300423502990574,3.2624248600820502,-0.05068221375202067
47.69,3.300423502990574,3.1230821773225297,0.2964050895516079
47.7,3.300423502990574,3.1421524986906757,-0.2623306708493962
47.71,3.300423502990574,2.8303743689797107,0.2717817975512994
47.72,3.300423502990574,2.9770808283023573,0.13609997209043403
47.730000000000004,3.300423502990574,3.0854013485248832,-0.1356584063070798
47.74,3.300423502990574,3.4555294824550202,0.03887252291882236
47.75,3.300423502990574,3.029132390594257,-0.25245226255645414
47.76,3.300423502990574,3.4028529884126315,-0.06332321211302872
47.77,3.300423502990574,3.3172767705444484,-0.142799308907192
47.78,3.300423502990574,3.2992770430410556,-0.02903380289897428
47.79,3.300423502990574,3.164137619367822,0.2883151882449483
47.800000000000004,3.300423502990574,2.963029671790389,0.41351813895059697
47.81,3.300423502990574,3.2099517004378177,0.14156767634046977
47.82,3.300423502990574,3.257266342869288,0.19753993377951898
47.83,3.300423502990574,3.3562490423695936,-0.0011686008957074723
47.84,3.300423502990574,2.942207316832103,0.0458343104435156
47.85,3.300423502990574,3.05344007684558,0.3926005649671172
47.86,3.300423502990574,3.218458606965392,0.027116269761174483
47.870000000000005,3.300423502990574,3.2147446563351822,0.0805821284864413
47.88,3.300423502990574,3.3386260163753008,0.37411945123409185
47.89,3.300423502990574,3.1050565461046498,0.5267479890828735
47.9,3.300423502990574,3.0140811352505703,0.2790986818911767
47.910000000000004,3.300423502990574,3.0789190546624985,0.19119332771813302
47.92,3.300423502990574,3.302690912894542,-0.10040504985900445
47.93,3.300423502990574,2.9880590777184444,-0.2759887696219828
47.94,3.300423502990574,2.892436358812719,0.1833890103703145
47.95,3.300423502990574,3.8455119229240413,0.290719578673781
47.96,3.300423502990574,3.2663356362558367,-0.12313312451991773
47.97,3.300423502990574,2.994774355384427,0.24285524110159504
47.980000000000004,3.300423502990574,3.2187879176410554,0.5096335004023362
47.99,3.300423502990574,3.2507052607274,0.0774894134775295
48.0,3.300423502990574,2.9662764324176782,0.0636670213894249
48.01,3.300423502990574,3.356629340083106,0.08328583555300245
48.02,3.300423502990574,3.1837154320991576,0.34263304958569507
48.03,3.300423502990574,3.5622731128331586,0.26760912416275523
48.04,3.300423502990574,3.2850941514951835,0.29605973127074586
48.050000000000004,3.300423502990574,3.1442319194264723,0.06008767392964122
48.06,3.300423502990574,3.2079985571641187,0.3440392160338961
48.07,3.300423502990574,3.227165699254796,0.4899387482902443
48.08,3.300423502990574,3.265227553429935,0.08760370808735984
48.09,3.300423502990574,3.1017884014580326,0.31026350385234563
48.1,3.300423502990574,3.5393123432960003,0.10133360256223056
48.11,3.300423502990574,3.330440642396143,0.5082989762800098
48.120000000000005,3.300423502990574,3.270185128619888,0.0569637395284619
48.13,3.300423502990574,2.924322591762002,0.010404055089086789
48.14,3.300423502990574,3.460579738346196,-0.14720346450936156
48.15,3.300423502990574,3.4083183100129646,0.05038894460441663
48.160000000000004,3.300423502990574,3.207088600355115,0.08625769958645753
48.17,3.300423502990574,2.892939020745026,0.3468404877393848
48.18,3.300423502990574,3.2151459606114603,0.285940210667235
48.19,3.300423502990574,3.289367748766567,0.5079977433732757
48.2,3.300423502990574,3.034493756574212,0.1931436655320971
48.21,3.300423502990574,3.2419941466376976,0.23249583146983133
48.22,3.300423502990574,3.2847227962906693,-0.21548545807039768
48.230000000000004,3.300423502990574,3.3832326066497678,0.33872838347653456
48.24,3.300423502990574,2.9472449094836595,0.1298979984434023
48.25,3.300423502990574,3.255314875106827,0.17575099152388513
48.26,3.300423502990574,3.4584810573054336,-0.020757646126302307
48.27,3.300423502990574,3.1128009706033875,-0.027001593367319457
48.28,3.300423502990574,3.008455352755191,0.3163008851128084
48.29,3.300423502990574,3.249703422310727,-0.062467081494309365
48.300000000000004,3.300423502990574,3.269392847431365,-0.24461904057691364
48.31,3.300423502990574,3.48922921848045,0.0024814654668319502
48.32,3.300423502990574,3.343622118936565,0.1421682580534538
48.33,3.300423502990574,3.31599609500327,-0.12835554530923043
48.34,3.300423502990574,3.393225459561871,0.01474801317357835
48.35,3.300423502990574,3.03788804329644,0.4845164228321313
48.36,3.300423502990574,3.474050448653023,0.1557034507558291
48.370000000000005,3.300423502990574,3.255943927599126,0.1365361851557464
48.38,3.300423502990574,3.2052019684196926,0.0784550634289731
48.39,3.300423502990574,3.397756244995235,-0.14849239427103678
48.4,3.300423502990574,3.6579775347727512,0.14789715530514325
48.410000000000004,3.300423502990574,3.2986255461005376,0.36482470590277283
48.42,3.300423502990574,3.708362592435904,0.25053736840003515
48.43,3.300423502990574,3.3070900034976614,0.152796315471713
48.44,3.300423502990574,3.5480541904246614,0.2583928296131031
48.45,3.300423502990574,3.3720438128539625,0.1585577563724871
48.46,3.300423502990574,3.31043396576818,0.27053690093422283
48.47,3.300423502990574,3.2844406815154286,0.18128547626064062
48.480000000000004,3.300423502990574,3.3782786173601,0.5071360043295827
48.49,3.300423502990574,3.708587000139304,0.0657530979508231
48.5,3.300423502990574,3.296497809959738,0.30695596699783523
48.51,3.300423502990574,3.4473667395652883,0.40559546597027757
48.52,3.300423502990574,3.4410943990465714,-0.3404379049520928
48.53,3.300423502990574,3.3047711291983144,0.3359334758553183
48.54,3.300423502990574,3.627776735443832,0.09558761774462567
48.550000000000004,3.300423502990574,3.1352979380807184,0.0546797247352443
48.56,3.300423502990574,3.3901335198272595,0.049764958225121926
48.57,3.300423502990574,3.114224901303118,-0.2703491285001217
48.58,3.300423502990574,3.3207752866692775,0.004743209039228813
48.59,3.300423502990574,3.2691900724361282,0.03184325138996724
48.6,3.300423502990574,3.171714588526388,-0.2189506274200187
48.61,3.300423502990574,3.612706048250607,0.5726178224157925
48.620000000000005,3.300423502990574,3.482779852243678,-0.15761026756219776
48.63,3.300423502990574,3.5036206641541363,0.25911331887362893
48.64,3.300423502990574,3.124790706944735,0.10923992781467018
48.65,3.300423502990574,3.251562499687688,0.3590691054962275
48.660000000000004,3.300423502990574,3.178589848099239,0.18132096502527822
48.67,3.300423502990574,3.0776353115288195,-0.061202952545079334
48.68,3.300423502990574,3.4323348352427443,0.18355940872745877
48.69,3.300423502990574,3.2371840194640886,0.029349619831747387
48.7,3.300423502990574,3.406715012736295,0.05581750440282102
48.71,3.300423502990574,3.2902385326750934,0.26466771565614716
48.72,3.300423502990574,3.5361684876072097,0.5106198438762123
48.730000000000004,3.300423502990574,3.4631265818315344,-0.11886270189736459
48.74,3.300423502990574,3.237027526650636,-0.17352825628767668
48.75,3.300423502990574,3.205370123613304,-0.0038991996068154233
48.76,3.300423502990574,3.431637823992803,0.5116071768326892
48.77,3.300423502990574,3.1821340903240096,-0.11368007329968371
48.78,3.300423502990574,3.3692660009838358,0.18556406381614263
48.79,3.300423502990574,3.4177601854172837,-0.06823551001790637
48.800000000000004,3.300423502990574,3.371643034520401,-0.20061395360807777
48.81,3.300423502990574,4.019642671762099,0.34387698065178934
48.82,3.300423502990574,3.377759463380495,0.1705050192382885
48.83,3.300423502990574,3.37310530044322,-0.02568951370991611
48.84,3.300423502990574,3.3774549585718803,-0.031532075908588586
48.85,3.300423502990574,3.535923425733375,-0.18238112547110397
48.86,3.300423502990574,2.901071210269165,0.09854145179940638
48.870000000000005,3.300423502990574,3.273468633092406,0.006858924991909571
48.88,3.300423502990574,3.5618870121783472,0.07971245160167037
48.89,3.300423502990574,3.3664161550755565,0.24094592306795581
48.9,3.300423502990574,3.62415529758269,-0.10462777955375228
48.910000000000004,3.300423502990574,3.2408519046660187,0.09331599269999152
48.92,3.300423502990574,3.5989235895453002,0.005219254666626483
48.93,3.300423502990574,3.479975277932177,-0.04806840494058552
48.94,3.300423502990574,3.443458167371093,0.14372831691265586
48.95,3.300423502990574,3.1311368254109113,0.22862449869206758
48.96,3.300423502990574,3.103387163515932,0.2457573879949437
48.97,3.300423502990574,3.2777077196616973,-0.31170996395885764
48.980000000000004,3.300423502990574,3.027511786762983,0.4024697378023212
48.99,3.300423502990574,3.3524590890755825,0.3641159373945031
49.0,3.300423502990574,3.1541361465183146,-0.18179051511083333
49.01,3.300423502990574,3.436327106756873,-0.1619305146662618
49.02,3.300423502990574,3.387590139588362,-0.09145759747644419
49.03,3.300423502990574,3.222021447696573,-0.06472244785022838
49.04,3.300423502990574,3.2134729270479956,0.2815524874498435
49.050000000000004,3.300423502990574,2.908686578030138,0.3392750557675408
49.06,3.300423502990574,3.2204670272580227,-0.0058128661676291465
49.07,3.300423502990574,3.5885065308323223,0.010732816263558868
49.08,3.300423502990574,3.3962532756296264,0.0020317066012373944
49.09,3.300423502990574,3.258163440084958,-0.23114357311615474
49.1,3.300423502990574,3.3980229922492518,0.27545286587870044
49.11,3.300423502990574,3.5579718946791976,-0.24110510807017116
49.120000000000005,3.300423502990574,3.442915238269979,-0.24364201093524146
49.13,3.300423502990574,2.8894826627042205,0.18323569192129455
49.14,3.300423502990574,3.1209366461673387,-0.2639452133062768
49.15,3.300423502990574,3.1312664929106457,-0.13483719533416078
49.160000000000004,3.300423502990574,3.8307108645494816,0.08208397716564989
49.17,3.300423502990574,3.262893609419721,0.03492317523961236
49.18,3.300423502990574,3.584810038441361,0.09958267184398373
49.19,3.300423502990574,3.217725563091285,0.23842794515445676
49.2,3.300423502990574,3.8242591599793863,0.03845456695794891
49.21,3.300423502990574,3.4214212785739435,-0.010085209932753914
49.22,3.300423502990574,3.026838476550632,0.5373843816359344
49.230000000000004,3.300423502990574,3.5721428228697953,0.024934929858013117
49.24,3.300423502990574,3.6291618073581446,0.023473091605291964
49.25,3.300423502990574,3.2887461387590164,0.421107602778347
49.26,3.300423502990574,3.673803179074243,0.5536122680909852
49.27,3.300423502990574,3.461606752631826,-0.11629443953724153
49.28,3.300423502990574,3.7014453360901856,0.04039178700526463
49.29,3.300423502990574,3.252062136581753,0.31928038725042973
49.300000000000004,3.300423502990574,3.1250494645730456,-0.06386669410937817
49.31,3.300423502990574,3.162626220573184,0.11533693999022124
49.32,3.300423502990574,3.3413387403547157,0.3666515984109531
49.33,3.300423502990574,3.115004045828126,-0.15722325627888473
49.34,3.300423502990574,3.253477718452587,0.19047920756346387
49.35,3.300423502990574,2.9782097978103845,0.3318586131467058
49.36,3.300423502990574,3.735926361187634,0.19383081367350505
49.370000000000005,3.300423502990574,3.360621808150871,0.04639785564783463
49.38,3.300423502990574,3.147592069749369,0.4815898903132542
49.39,3.300423502990574,3.6442498400439622,0.11054130265503159
49.4,3.300423502990574,3.2696283702754334,-0.23552533276034063
49.410000000000004,3.300423502990574,3.4679474489823594,0.1398331519686211
49.42,3.300423502990574,3.0961367185217092,0.2000000422390267
49.43,3.300423502990574,3.3859587485316536,0.36548559281578835
49.44,3.300423502990574,3.4691647404690826,0.08727941781250116
49.45,3.300423502990574,3.2902558675888196,0.04362090083997236
49.46,3.300423502990574,3.2878126154553873,-0.2506273876551978
49.47,3.300423502990574,3.376422508898681,0.016949950453403122
49.480000000000004,3.300423502990574,3.0554515983375374,0.45407771186573925
49.49,3.300423502990574,3.3504594345519805,0.04821634253627588
49.5,3.300423502990574,3.510189896071799,0.22161513684857564
49.51,3.300423502990574,3.3265511121688696,-0.22265342409404454
49.52,3.300423502990574,3.198649513696296,-0.21882416697766005
49.53,3.300423502990574,3.1394995096818423,0.11120405225002865
49.54,3.300423502990574,3.3611646182791795,0.04175780772014931
49.550000000000004,3.300423502990574,3.3862441798964853,0.25302513763502904
49.56,3.300423502990574,3.5077962225577646,-0.2213437430926244
49.57,3.300423502990574,3.4449317310057457,0.18083032902590526
49.58,3.300423502990574,3.5791084335398353,0.29650839986463595
49.59,3.300423502990574,3.5340028430480204,0.3011095285351349
49.6,3.300423502990574,3.4474995492447027,0.2988139984593146
49.61,3.300423502990574,3.2826300421080625,0.12346939047422044
49.620000000000005,3.300423502990574,3.3608615235708275,-0.14340003768848925
49.63,3.300423502990574,3.3388847103211203,0.03860892149957118
49.64,3.300423502990574,3.457001772687624,0.13347600457814274
49.65,3.300423502990574,3.0344623889593603,0.1791018214643429
49.660000000000004,3.300423502990574,3.2747021152449967,-0.08888959344121614
49.67,3.300423502990574,3.1100501813345858,0.042550241932329314
49.68,3.300423502990574,3.5060317297730084,-0.46808000562151597
49.69,3.300423502990574,3.255826683124629,0.13575941535716046
49.7,3.300423502990574,3.4163871822206677,-0.01700607871848439
49.71,3.300423502990574,3.538835441819121,0.06550328527210497
49.72,3.300423502990574,3.4126378307726286,-0.16174350994995274
49.730000000000004,3.300423502990574,3.5443000110430423,0.07776954968988647
49.74,3.300423502990574,3.6776468087506835,-0.2734464536386072
49.75,3.300423502990574,3.482054435850149,0.03135484377404904
49.76,3.300423502990574,3.0123391966526096,-0.15829551394611605
49.77,3.300423502990574,3.2459089775092744,-0.030722182694298217
49.78,3.300423502990574,3.234567955624266,-0.21350409739023463
49.79,3.300423502990574,3.2258690386692863,0.07783588353562867
49.800000000000004,3.300423502990574,3.380507989041207,0.09097567509309366
49.81,3.300423502990574,3.179864091274576,-0.008669821430072765
49.82,3.300423502990574,3.387823270324832,0.07004778844549445
49.83,3.300423502990574,3.0672079074295033,-0.13571673128087192
49.84,3.300423502990574,3.4174845339151574,-0.1597910035869972
49.85,3.300423502990574,3.279245450364649,-0.31812900593214005
49.86,3.300423502990574,3.1508612093361785,0.0989749696423292
49.870000000000005,3.300423502990574,3.286339395489267,-0.020822918037733743
49.88,3.300423502990574,3.209712138031016,0.13909086080945818
49.89,3.300423502990574,3.3497074682033947,0.2776533840207832
49.9,3.300423502990574,3.4198715952108403,-0.059087711676883814
49.910000000000004,3.300423502990574,3.432894153134986,-0.19434894545024287
49.92,3.300423502990574,3.0550973152413556,0.01012353038867904
49.93,3.300423502990574,3.055389445515805,0.03522622031360452
49.94,3.300423502990574,3.2630195353874027,0.01249323726062328
49.95,3.300423502990574,3.281697467154479,-0.20604014284026576
49.96,3.300423502990574,3.190485805673539,0.4870117806673592
49.97,3.300423502990574,3.232948856325198,0.07581991347182071
49.980000000000004,3.300423502990574,3.7995104774241475,0.02462119624368671
49.99,3.300423502990574,3.323667329256045,-0.08882475084275117
